Timestamp;Heat demand kWh (heat);Heat Pump Demand kWh (electrical)
1735689600;62,13517707;19,41724283
1735693200;70,66717153;22,0834911
1735696800;85,69090091;26,77840653
1735700400;101,8274991;31,82109347
1735704000;90,32785443;28,22745451
1735707600;89,21498558;27,87968299
1735711200;87,9166386;27,47394956
1735714800;83,65064137;26,14082543
1735718400;79,75560042;24,92362513
1735722000;78,64273157;24,57585362
1735725600;74,56221248;23,3006914
1735729200;72,52195294;22,66311029
1735732800;74,37673434;23,24272948
1735736400;76,04603761;23,76438675
1735740000;74,93316876;23,41661524
1735743600;79,94107856;24,98158705
1735747200;80,86846926;25,27139664
1735750800;79,199166;24,74973938
1735754400;79,199166;24,74973938
1735758000;76,97342831;24,05419635
1735761600;67,51404314;21,09813848
1735765200;64,73187104;20,2287097
1735768800;61,02230823;19,06947132
1735772400;65,56729389;20,48977934
1735776000;67,4288259;21,07150809
1735779600;72,18607435;22,55814823
1735783200;78,80485481;24,62651713
1735786800;95,14496906;29,73280283
1735790400;109,2098775;34,12808672
1735794000;114,3807998;35,74399994
1735797600;111,8987571;34,96836159
1735801200;106,9346717;33,41708491
1735804800;101,3500757;31,67189866
1735808400;95,35180595;29,79743936
1735812000;91,00823127;28,44007227
1735815600;88,5261886;27,66443394
1735819200;87,07833038;27,21197824
1735822800;87,69884105;27,40588783
1735826400;88,5261886;27,66443394
1735830000;87,49200416;27,3412513
1735833600;85,42363526;26,69488602
1735837200;83,56210326;26,11315727
1735840800;82,52791881;25,78997463
1735844400;77,15015969;24,1094249
1735848000;67,63566279;21,13614462
1735851600;61,637393;19,26168531
1735855200;62,05106678;19,39095837
1735858800;71,88988874;22,46559023
1735862400;73,93092659;23,10341456
1735866000;79,14691221;24,73341007
1735869600;86,40393568;27,0012299
1735873200;104,3197124;32,59991013
1735876800;119,7408872;37,41902725
1735880400;125,4104368;39,1907615
1735884000;122,689053;38,34032906
1735887600;117,2462854;36,63946419
1735891200;111,1231719;34,72599122
1735894800;104,5464944;32,6707795
1735898400;99,7840727;31,18252272
1735902000;97,0626889;30,33209028
1735905600;95,47521502;29,83600469
1735909200;96,15556097;30,0486128
1735912800;97,0626889;30,33209028
1735916400;95,92877898;29,97774343
1735920000;93,66095915;29,26904973
1735923600;91,6199213;28,63122541
1735927200;90,48601138;28,27687856
1735930800;84,58967981;26,43427494
1735934400;74,15770858;23,17428393
1735938000;67,58103106;21,11907221
1735941600;68,03459502;21,26081094
1735945200;73,03409656;22,82315518
1735948800;75,40533346;23,56416671
1735952400;79,1993125;24,74978516
1735956000;82,75616785;25,86130245
1735959600;103,1488052;32,23400163
1735963200;124,727061;38,97720656
1735966800;129,9437822;40,60743194
1735970400;132,0778954;41,27434231
1735974000;124,0156899;38,75490309
1735977600;117,1391029;36,60596966
1735981200;112,6337528;35,19804775
1735984800;107,6541553;33,64192353
1735988400;103,1488052;32,23400163
1735992000;102,2003104;31,937597
1735995600;101,9631867;31,86349584
1735999200;100,5404446;31,41888894
1736002800;100,3033209;31,34478778
1736006400;100,0661972;31,27068663
1736010000;97,93208402;30,60377626
1736013600;93,18961021;29,12175319
1736017200;86,55014689;27,0469209
1736020800;78,96218881;24,675684
1736024400;73,03409656;22,82315518
1736028000;71,61135441;22,37854825
1736031600;72,70229236;22,71946636
1736035200;72,70229236;22,71946636
1736038800;76,27050303;23,8345322
1736042400;81,62281903;25,50713095
1736046000;102,1400304;31,9187595
1736049600;119,7580705;37,42439703
1736053200;122,6572417;38,33038803
1736056800;116,1898599;36,30933122
1736060400;111,9526097;34,98519053
1736064000;107,2693332;33,52166663
1736067600;104,370162;32,61567563
1736071200;99,68688554;31,15215173
1736074800;95,67264854;29,89770267
1736078400;94,33456954;29,47955298
1736082000;90,76635887;28,36448715
1736085600;92,10443787;28,78263683
1736089200;92,77347737;28,99171168
1736092800;91,8814247;28,71294522
1736096400;90,5433457;28,29479553
1736100000;88,75924037;27,73726262
1736103600;84,96801653;26,55250517
1736107200;78,05460836;24,39206511
1736110800;71,58722653;22,37100829
1736114400;71,58722653;22,37100829
1736118000;82,73255217;25,85392255
1736121600;82,49481495;25,77962967
1736125200;89,62693151;28,0084161
1736128800;97,70999695;30,53437405
1736132400;124,0988282;38,78088381
1736136000;116,0157628;36,25492588
1736139600;116,9667117;36,55209741
1736143200;114,5893395;35,80916859
1736146800;108,645909;33,95184656
1736150400;104,6043763;32,68886759
1736154000;105,0798507;32,83745334
1736157600;99,37415749;31,05442422
1736161200;97,70999695;30,53437405
1736164800;95,8080992;29,940031
1736168400;98,18547139;30,68295981
1736172000;98,89868305;30,90583845
1736175600;102,7024786;32,09452456
1736179200;101,038318;31,57447438
1736182800;99,84963192;31,20300998
1736186400;98,42320861;30,75725269
1736190000;96,75904808;30,23720253
1736193600;87,48729654;27,33978017
1736197200;79,4042311;24,81382222
1736200800;79,16649388;24,73952934
1736204400;76,80335505;24,00104845
1736208000;78,49399494;24,52937342
1736211600;83,32439463;26,03887332
1736215200;88,39631431;27,62384822
1736218800;108,925513;34,03922281
1736222400;125,3488719;39,17152247
1736226000;131,8699115;41,20934734
1736229600;129,9377516;40,60554738
1736233200;125,3488719;39,17152247
1736236800;117,8617524;36,83179763
1736240400;111,8237528;34,94492275
1736244000;108,200953;33,81279781
1736247600;105,0611932;32,83162288
1736251200;101,6799134;31,77497294
1736254800;100,2307935;31,32212297
1736258400;99,98927356;31,24664799
1736262000;102,8875134;32,15234794
1736265600;102,4044734;32,00139794
1736269200;100,7138335;31,47307297
1736272800;94,91735389;29,66167309
1736276400;90,32847418;28,22764818
1736280000;82,59983468;25,81244834
1736283600;74,87119518;23,39724849
1736287200;73,42207527;22,94439852
1736290800;71,23770414;22,26178254
1736294400;73,26022571;22,89382053
1736298000;78,42889194;24,50902873
1736301600;85,62007974;26,75627492
1736305200;103,3733246;32,30416394
1736308800;118,6545987;37,07956209
1736312400;124,2727142;38,83522319
1736316000;121,5760187;37,99250584
1736319600;116,1826279;36,30707122
1736323200;110,1150632;34,41095725
1736326800;103,5980492;32,37439038
1736330400;98,87883224;30,89963508
1736334000;96,18213682;30,05691776
1736337600;94,60906448;29,56533265
1736341200;95,28323834;29,77601198
1736344800;96,18213682;30,05691776
1736348400;95,05851372;29,70578554
1736352000;92,81126753;29,0035211
1736355600;90,78874597;28,37148312
1736359200;89,66512287;28,0203509
1736362800;83,82228279;26,19446337
1736366400;73,48495032;22,96404698
1736370000;66,96793638;20,92748012
1736373600;67,41738562;21,06793301
1736377200;70,8667465;22,14585828
1736380800;72,87873615;22,77460505
1736384400;78,02048747;24,38140233
1736388000;85,17422844;26,61694639
1736391600;102,8350265;32,13594578
1736395200;118,036726;36,88647688
1736398800;123,6255862;38,63299569
1736402400;120,9429333;37,79466666
1736406000;115,5776276;36,11800863
1736409600;109,5416586;34,23176831
1736413200;103,0585809;32,20580653
1736416800;98,36393836;30,73873074
1736420400;95,6812855;29,90040172
1736424000;94,11640466;29,41137646
1736427600;94,78706787;29,62095871
1736431200;95,6812855;29,90040172
1736434800;94,56351347;29,55109796
1736438400;92,32796942;28,85249044
1736442000;90,31597977;28,22374368
1736445600;89,19820774;27,87443992
1736449200;83,3857932;26,05806038
1736452800;73,10229055;22,8444658
1736456400;66,6192128;20,818504
1736460000;67,06632161;20,9582255
1736463600;62,42956233;19,50923823
1736467200;64,20201047;20,06312827
1736470800;68,73160017;21,47862505
1736474400;75,033638;23,44801188
1736478000;90,59179391;28,3099356
1736481600;103,9836243;32,49488259
1736485200;108,9070914;34,03346606
1736488800;106,5438272;33,294946
1736492400;101,8172988;31,81790588
1736496000;96,49995439;30,15623575
1736499600;90,7887326;28,37147894
1736503200;86,65302027;27,07906883
1736506800;84,28975608;26,34054878
1736510400;82,9111853;25,90974541
1736514000;83,50200135;26,09437542
1736517600;84,28975608;26,34054878
1736521200;83,30506267;26,03283208
1736524800;81,33567584;25,4173987
1736528400;79,5632277;24,86350866
1736532000;78,57853429;24,55579197
1736535600;73,45812854;22,95566517
1736539200;64,39894915;20,12467161
1736542800;58,68772736;18,3399148
1736546400;59,08160473;18,46300148
1736550000;56,43770986;17,63678433
1736553600;58,42750091;18,25859403
1736557200;60,95996225;19,0499882
1736560800;66,38666512;20,74583285
1736564400;80,67698268;25,21155709
1736568000;96,7762012;30,24256288
1736571600;101,6602338;31,76882306
1736575200;98,94688235;30,92090073
1736578800;94,24373986;29,45116871
1736582400;89,72148747;28,03796483
1736586000;84,47567469;26,39864834
1736589600;79,9534223;24,98544447
1736593200;77,42096096;24,1940503
1736596800;75,9738402;23,74182506
1736600400;76,33562039;23,85488137
1736604000;77,05918077;24,08099399
1736607600;76,33562039;23,85488137
1736611200;75,25027981;23,51571244
1736614800;74,16493924;23,17654351
1736618400;72,35603828;22,61126196
1736622000;68,19556608;21,3111144
1736625600;60,05551177;18,76734743
1736629200;53,72435842;16,78886201
1736632800;53,54346833;16,73233385
1736636400;52,05450204;16,26703189
1736640000;54,55712233;17,04910073
1736643600;58,06079074;18,14399711
1736647200;63,39971402;19,81241063
1736650800;77,41438765;24,19199614
1736654400;92,93063345;29,04082295
1736658000;92,26326804;28,83227126
1736661600;89,59380639;27,9980645
1736665200;83,9212004;26,22537513
1736668800;80,417532;25,13047875
1736672400;77,91491171;24,34840991
1736676000;71,74178166;22,41930677
1736679600;67,40390649;21,06372078
1736683200;66,23601702;20,69875532
1736686800;66,73654108;20,85516909
1736690400;68,90547866;21,53296208
1736694000;70,57389219;22,05434131
1736697600;70,24020948;21,95006546
1736701200;68,0712719;21,27227247
1736704800;66,06917566;20,64661739
1736708400;65,90233431;20,59447947
1736712000;58,22763209;18,19613503
1736715600;52,72186745;16,47558358
1736719200;53,38923286;16,68413527
1736722800;60,49684873;18,90526523
1736726400;59,60718919;18,62724662
1736730000;67,79205696;21,1850178
1736733600;82,20454151;25,68891922
1736737200;97,6846175;30,52644297
1736740800;86,65283921;27,07901225
1736744400;85,58524776;26,74538993
1736748000;84,3397244;26,35616388
1736751600;80,24729052;25,07727829
1736755200;76,51072045;23,90960014
1736758800;75,443129;23,57597781
1736762400;71,52862702;22,35269594
1736766000;69,57137604;21,74105501
1736769600;71,35069512;22,29709223
1736773200;72,95208229;22,79752572
1736776800;71,88449084;22,46390339
1736780400;76,68865236;23,96520386
1736784000;77,5783119;24,24322247
1736787600;75,97692472;23,74278898
1736791200;75,97692472;23,74278898
1736794800;73,84174183;23,07554432
1736798400;64,76721452;20,23975454
1736802000;62,0982359;19,40569872
1736805600;58,53959774;18,29362429
1736809200;66,57885768;20,80589303
1736812800;68,49940165;21,40606302
1736816400;74,47442734;23,27325854
1736820000;81,30302813;25,40719629
1736823600;98,58792387;30,80872621
1736827200;112,671913;35,20997281
1736830800;116,0862134;36,27694169
1736834400;113,5254881;35,47671503
1736838000;108,8308251;34,00963284
1736841600;103,9227682;32,47586506
1736845200;97,94774255;30,60866955
1736848800;92,61289818;28,94153068
1736852400;91,11914176;28,4747318
1736856000;89,62538534;28,00793292
1736859600;90,05217289;28,14130403
1736863200;90,26556666;28,20798958
1736866800;91,97271686;28,74147402
1736870400;91,11914176;28,4747318
1736874000;89,19859779;27,87456181
1736877600;85,14411607;26,60753627
1736881200;81,08963435;25,34051073
1736884800;71,06012695;22,20628967
1736888400;64,44491993;20,13903748
1736892000;64,01813239;20,00566637
1736895600;72,31308451;22,59783891
1736899200;74,36613738;23,23941793
1736902800;79,61282806;24,87900877
1736906400;86,9125716;27,16017863
1736910000;104,9338135;32,79181672
1736913600;120,4457685;37,63930266
1736917200;126,1486932;39,42146663
1736920800;123,4112893;38,56602791
1736924400;117,9364817;36,85515053
1736928000;111,7773231;34,93041347
1736931600;105,1619305;32,86310328
1736935200;100,3714738;31,36608556
1736938800;97,63406994;30,51064686
1736942400;96,03725104;30,01164095
1736946000;96,72160199;30,22550062
1736949600;97,63406994;30,51064686
1736953200;96,49348501;30,15421407
1736956800;94,21231515;29,44134848
1736960400;92,15926228;28,79976946
1736964000;91,01867735;28,44333667
1736967600;85,08763572;26,58988616
1736971200;74,59425437;23,31070449
1736974800;67,97886178;21,24339431
1736978400;68,43509575;21,38596742
1736982000;76,38662282;23,87081963
1736985600;78,07339367;24,39793552
1736989200;83,13370622;25,97928319
1736992800;86,98918245;27,18411952
1736996400;108,435269;33,88602156
1737000000;125,784912;39,307785
1737003600;131,8090936;41,19034175
1737007200;133,7368317;41,79275991
1737010800;124,821043;39,00657594
1737014400;117,592025;36,74750781
1737018000;113,2546143;35,39206697
1737021600;108,1943017;33,81071928
1737025200;104,0978582;32,53058069
1737028800;102,6520546;32,07876706
1737032400;102,8930219;32,15406934
1737036000;101,206251;31,62695344
1737039600;102,4110874;32,00346481
1737043200;100,0014147;31,25044209
1737046800;99,03754567;30,94923302
1737050400;94,70013491;29,59379216
1737054000;87,71208424;27,41002633
1737057600;79,51919725;24,84974914
1737061200;73,73598291;23,04249466
1737064800;73,25404838;22,89189012
1737068400;83,81488624;26,19215195
1737072000;85,66568814;26,77052754
1737075600;91,21809386;28,50565433
1737079200;95,44849821;29,82765569
1737082800;118,9801224;37,18128825
1737086400;138,016942;43,13029438
1737090000;144,6269488;45,1959215
1737093600;146,742151;45,85692219
1737097200;136,9593409;42,79979403
1737100800;129,0273328;40,3210415
1737104400;124,2681279;38,83378997
1737108000;118,7157222;37,09866319
1737111600;114,2209175;35,69403672
1737115200;112,6345159;35,19828622
1737118800;112,8989162;35,28091131
1737122400;111,0481143;34,70253572
1737126000;112,3701156;35,11566113
1737129600;109,7261129;34,28941028
1737133200;108,6685118;33,95890994
1737136800;103,9093069;32,47165841
1737140400;96,24169903;30,07553095
1737144000;87,25208978;27,26627806
1737147600;80,90648325;25,28327602
1737151200;80,3776827;25,11802584
1737154800;85,23259013;26,63518442
1737158400;87,99988202;27,49996313
1737162000;92,42754904;28,88360908
1737165600;96,57848687;30,18077715
1737169200;120,3771971;37,61787409
1737172800;145,5595533;45,48736041
1737176400;151,6475954;47,38987356
1737180000;154,1381581;48,16817441
1737183600;144,7293657;45,22792678
1737187200;136,7042192;42,7200685
1737190800;131,4463646;41,07698894
1737194400;125,6350517;39,26095366
1737198000;120,3771971;37,61787409
1737201600;119,2702803;37,27196259
1737205200;118,9935512;37,18548475
1737208800;117,333176;36,6666175
1737212400;117,0564468;36,58013963
1737216000;116,7797176;36,49366175
1737219600;114,2891549;35,71536091
1737223200;108,7545712;33,9858035
1737226800;101,0061539;31,56442309
1737230400;92,15081985;28,7971312
1737234000;85,23259013;26,63518442
1737237600;83,572215;26,11631719
1737241200;84,00363238;26,25113512
1737244800;84,00363238;26,25113512
1737248400;88,12651004;27,53953439
1737252000;94,31082654;29,47213329
1737255600;118,0173731;36,88042909
1737259200;138,3740816;43,2419005
1737262800;141,7239197;44,28872491
1737266400;134,2512039;41,95350122
1737270000;129,3552867;40,42352709
1737273600;123,9440097;38,73250303
1737277200;120,5941716;37,68567863
1737280800;115,1828947;35,99465459
1737284400;110,5446573;34,54520541
1737288000;108,9985782;34,06205569
1737291600;104,8757006;32,77365644
1737295200;106,4217797;33,25680616
1737298800;107,1948192;33,498381
1737302400;106,1640998;33,17628119
1737306000;104,6180207;32,69313147
1737309600;102,5565819;32,04893184
1737313200;98,17602435;30,68000761
1737316800;90,18794888;28,18373403
1737320400;82,71523311;25,84851035
1737324000;82,71523311;25,84851035
1737327600;88,85385148;27,76682859
1737331200;88,59852432;27,68703885
1737334800;96,2583391;30,08073097
1737338400;104,9394625;32,79358203
1737342000;133,2807772;41,65024288
1737345600;124,5996538;38,93739181
1737349200;125,6209624;39,25655075
1737352800;123,0676908;38,45865338
1737356400;116,6845119;36,46390997
1737360000;112,3439501;35,10748441
1737363600;112,8546045;35,26706391
1737367200;106,7267526;33,35211019
1737370800;104,9394625;32,79358203
1737374400;102,8968452;32,15526413
1737378000;105,4501168;32,9531615
1737381600;106,2160983;33,19253072
1737385200;110,3013329;34,46916653
1737388800;108,5140428;33,91063838
1737392400;107,237407;33,51168969
1737396000;105,705444;33,03295125
1737399600;103,9181539;32,47442309
1737403200;93,96039467;29,36262333
1737406800;85,27927125;26,64977227
1737410400;85,02394409;26,56998253
1737414000;90,63623075;28,32382211
1737417600;92,6313679;28,94730247
1737421200;98,33175977;30,72867493
1737424800;104,3171712;32,599116
1737428400;128,5438367;40,16994897
1737432000;147,925169;46,22661531
1737435600;155,6206981;48,63146816
1737439200;153,3405413;47,91891916
1737442800;147,925169;46,22661531
1737446400;139,0895616;43,465488
1737450000;131,9640718;41,23877244
1737453600;127,6887779;39,90274309
1737457200;123,9835232;38,744851
1737460800;119,9932489;37,49789028
1737464400;118,2831313;36,96347853
1737468000;117,9981117;36,87440991
1737471600;121,4183468;37,94323338
1737475200;120,8483077;37,76509616
1737478800;118,8531705;37,14161578
1737482400;112,0127003;35,00396884
1737486000;106,597328;33,311665
1737489600;97,47670099;30,46146906
1737493200;88,356074;27,61127313
1737496800;86,64595644;27,07686139
1737500400;95,55873349;29,86210422
1737504000;97,00221889;30,3131934
1737507600;104,2196459;32,56863934
1737511200;106,2405255;33,20016422
1737514800;128,4702006;40,14693769
1737518400;151,8546641;47,45458253
1737522000;154,1642407;48,17632522
1737525600;152,7207553;47,72523603
1737529200;141,7502663;44,29695822
1737532800;134,5328393;42,04151228
1737536400;131,0684743;40,95889822
1737540000;125,0058357;39,06432366
1737543600;120,3866824;37,62083825
1737547200;120,3866824;37,62083825
1737550800;123,2736532;38,52301663
1737554400;120,3866824;37,62083825
1737558000;122,1188649;38,16214528
1737561600;118,0771057;36,89909553
1737565200;118,6544999;37,07953122
1737568800;114,0353466;35,63604581
1737572400;108,8387992;34,01212475
1737576000;106,8179196;33,38059988
1737579600;97,29091597;30,40341124
1737583200;93,82655101;29,32079719
1737586800;82,25753379;25,70547931
1737590400;84,07394621;26,27310819
1737594000;89,52318346;27,97599483
1737597600;93,67498327;29,27343227
1737601200;116,7693697;36,49042803
1737604800;135,4524689;42,32889653
1737608400;141,9396561;44,35614253
1737612000;144,015556;45,00486125
1737615600;134,4145189;42,00453716
1737619200;126,6298943;39,57184197
1737622800;121,9591195;38,11222484
1737626400;116,5098822;36,40933819
1737630000;112,0985949;35,03081091
1737633600;110,54167;34,54427188
1737637200;110,8011575;34,62536172
1737640800;108,9847451;34,05773284
1737644400;110,2821825;34,46318203
1737648000;107,6873076;33,65228363
1737651600;106,6493577;33,32792428
1737655200;101,9785829;31,86830716
1737658800;94,45344574;29,51670179
1737662400;85,63087114;26,75964723
1737666000;79,40317142;24,81349107
1737669600;78,88419644;24,65131139
1737673200;72,28256103;22,58830032
1737676800;74,3347473;23,22960853
1737680400;79,57922334;24,86850729
1737684000;86,87588565;27,14871427
1737687600;104,8895207;32,77797522
1737691200;120,3949281;37,62341503
1737694800;126,0954456;39,40482675
1737698400;123,3591972;38,54974913
1737702000;117,8867005;36,83959391
1737705600;111,7301417;34,91566928
1737709200;105,1175414;32,84923169
1737712800;100,3291068;31,35284588
1737716400;97,59285842;30,49776826
1737720000;95,99671354;29,99897298
1737723600;96,68077563;30,21274238
1737727200;97,59285842;30,49776826
1737730800;96,45275494;30,14148592
1737734400;94,17254796;29,42892124
1737738000;92,12036169;28,78761303
1737741600;90,9802582;28,43133069
1737745200;85,05172007;26,57866252
1737748800;74,562768;23,300865
1737752400;67,95016778;21,23442743
1737756000;68,40620917;21,37694037
1737759600;53,39295987;16,68529996
1737763200;55,27540397;17,27356374
1737766800;57,67124191;18,0222631
1737770400;62,80518036;19,62661886
1737774000;76,32455161;23,85142238
1737777600;91,55523567;28,61101115
1737781200;96,17578027;30,05493133
1737784800;93,60881105;29,25275345
1737788400;89,15939773;27,86231179
1737792000;84,88111569;26,52534865
1737795600;79,91830852;24,97447141
1737799200;75,64002648;23,63750828
1737802800;73,24418854;22,88880892
1737806400;71,87513828;22,46098071
1737810000;72,21740085;22,56793777
1737813600;72,90192597;22,78185187
1737817200;72,21740085;22,56793777
1737820800;71,19061316;22,24706661
1737824400;70,16382547;21,92619546
1737828000;68,45251265;21,3914102
1737831600;64,51649317;20,16140412
1737835200;56,8155855;17,75487047
1737838800;50,82599064;15,88312208
1737842400;50,65485936;15,82964355
1737846000;39,56641261;12,36450394
1737849600;39,56641261;12,36450394
1737853200;44,73849269;13,98077897
1737856800;51,9794048;16,243564
1737860400;61,41845095;19,19326592
1737864000;73,57283913;22,99151223
1737867600;75,90027517;23,71883599
1737871200;73,96074514;23,11273286
1737874800;68,27145705;21,33483033
1737878400;63,22867897;19,75896218
1737882000;60,51333693;18,91041779
1737885600;57,02218288;17,81943215
1737889200;49,26406276;15,39501961
1737892800;48,22964674;15,07176461
1737896400;49,13476076;15,35461274
1737900000;50,42778078;15,75868149
1737903600;51,9794048;16,243564
1737907200;53,91893483;16,84966713
1737910800;51,8501028;16,20315713
1737914400;52,75521681;16,48600525
1737918000;50,68638478;15,83949524
1737921600;46,54872072;14,54647523
1737925200;39,43711061;12,32409707
1737928800;38,9199026;12,16246956
1737932400;41,51358687;12,9729959
1737936000;37,88938485;11,84043277
1737939600;43,81989726;13,69371789
1737943200;53,04513878;16,57660587
1737946800;64,90616361;20,28317613
1737950400;55,13180056;17,22868768
1737954000;54,58267904;17,0570872
1737957600;51,06830131;15,95884416
1737961200;49,42093676;15,44404274
1737964800;46,12620764;14,41443989
1737968400;45,0279646;14,07123894
1737972000;42,61182991;13,31619685
1737975600;40,52516814;12,66411504
1737979200;41,95288409;13,11027628
1737982800;40,30551953;12,59547485
1737986400;43,27077574;13,52211742
1737990000;45,57708612;14,24283941
1737993600;45,90655903;14,3457997
1737997200;46,01638333;14,38011979
1738000800;48,10304511;15,0322016
1738004400;46,01638333;14,38011979
1738008000;43,27077574;13,52211742
1738011600;36,90096611;11,53155191
1738015200;35,25360155;11,01675048
1738018800;43,73602682;13,66750838
1738022400;45,29297276;14,15405399
1738026000;49,68072949;15,52522797
1738029600;57,04083757;17,82526174
1738033200;65,81635104;20,5676097
1738036800;76,00726991;23,75227185
1738040400;80,53656718;25,16767724
1738044000;78,55499962;24,54843738
1738047600;73,45954019;22,95610631
1738051200;68,93024291;21,54070091
1738054800;63,26862132;19,77144416
1738058400;61,28705376;19,1522043
1738062000;58,03162134;18,13488167
1738065600;57,04083757;17,82526174
1738069200;56,47467541;17,64833607
1738072800;58,17316188;18,17911309
1738076400;58,45624296;18,26757593
1738080000;59,87164836;18,70989011
1738083600;59,58856728;18,62142728
1738087200;59,02240512;18,4445016
1738090800;55,20081055;17,2502533
1738094400;47,69916193;14,9059881
1738098000;41,75445926;13,04826852
1738101600;40,19751332;12,56172291
1738105200;49,83497135;15,57342855
1738108800;51,24984436;16,01557636
1738112400;54,86563092;17,14550966
1738116000;59,89629049;18,71759078
1738119600;72,3157313;22,59866603
1738123200;83,00588289;25,9393384
1738126800;86,93608567;27,16752677
1738130400;85,04958834;26,57799636
1738134000;81,27659366;25,39893552
1738137600;77,03197465;24,07249208
1738141200;72,47293941;22,64779357
1738144800;69,17156907;21,61611533
1738148400;67,28507173;21,02658492
1738152000;66,18461495;20,68269217
1738155600;66,65623929;20,83007478
1738159200;67,28507173;21,02658492
1738162800;66,49903118;20,78094724
1738166400;64,92695006;20,28967189
1738170000;63,51207706;19,84752408
1738173600;62,7260365;19,60188641
1738177200;58,6386256;18,3245705
1738180800;51,40705247;16,0647039
1738184400;46,84801723;14,64000538
1738188000;47,16243346;14,73826046
1738191600;50,57702394;15,80531998
1738195200;52,01296469;16,25405147
1738198800;55,68259103;17,4008097
1738202400;60,78815811;18,99629941
1738206000;73,39252686;22,93516464
1738209600;84,24185691;26,32558028
1738213200;88,2305812;27,57205663
1738216800;86,31599354;26,97374798
1738220400;82,48681823;25,7771307
1738224000;78,178996;24,43093625
1738227600;73,55207583;22,9850237
1738231200;70,20154743;21,93798357
1738234800;68,28695977;21,33967493
1738238400;67,17011697;20,99066155
1738242000;67,64876389;21,14023872
1738245600;68,28695977;21,33967493
1738249200;67,48921491;21,09037966
1738252800;65,8937252;20,59178913
1738256400;64,45778446;20,14305764
1738260000;63,6600396;19,89376238
1738263600;59,51176634;18,59742698
1738267200;52,17251366;16,30391052
1738270800;47,54559349;14,85799797
1738274400;47,86469143;14,95771607
1738278000;59,28799293;18,52749779
1738281600;60,97124825;19,05351508
1738285200;65,27290073;20,39778148
1738288800;71,25780854;22,26806517
1738292400;86,03304968;26,88532803
1738296000;98,75097876;30,85968086
1738299600;103,426688;32,32084
1738303200;101,1823476;31,61948363
1738306800;96,6936667;30,21677084
1738310400;91,64390075;28,63871898
1738314000;86,22007805;26,94377439
1738317600;82,2924823;25,71640072
1738321200;80,04814188;25,01504434
1738324800;78,73894329;24,60591978
1738328400;79,3000284;24,78125888
1738332000;80,04814188;25,01504434
1738335600;79,11300003;24,72281251
1738339200;77,24271634;24,13834886
1738342800;75,55946102;23,61233157
1738346400;74,62431918;23,32009974
1738350000;69,76158159;21,80049425
1738353600;61,15827662;19,11196144
1738357200;55,73445392;17,41701685
1738360800;56,10851066;17,53390958
1738364400;43,23659083;13,51143463
1738368000;44,6923683;13,96636509
1738371600;48,04065648;15,01270515
1738375200;54,73723283;17,10538526
1738378800;63,76305314;19,92595411
1738382400;79,19429431;24,74821697
1738386000;84,72624869;26,47695272
1738389600;85,74529292;26,79540404
1738393200;78,61198332;24,56624479
1738396800;73,08002894;22,83750904
1738400400;68,13038555;21,29074548
1738404000;64,49094188;20,15341934
1738407600;61,87054243;19,33454451
1738411200;60,99707595;19,06158623
1738414800;59,83245397;18,69764187
1738418400;59,10456524;18,47017664
1738422000;59,83245397;18,69764187
1738425600;60,12360947;18,78862796
1738429200;59,97803172;18,74313491
1738432800;59,10456524;18,47017664
1738436400;55,90185481;17,46932963
1738440000;47,60392324;14,87622601
1738443600;42,36312435;13,23847636
1738447200;40,76176913;12,73805285
1738450800;40,60671798;12,68959937
1738454400;40,60671798;12,68959937
1738458000;45,91478569;14,34837053
1738461600;53,34608048;16,67065015
1738465200;63,03330405;19,69790752
1738468800;75,50726317;23,59601974
1738472400;77,89589364;24,34246676
1738476000;75,90536825;23,72042758
1738479600;70,06649377;21,8957793
1738483200;64,89112775;20,27847742
1738486800;62,1043922;19,40762256
1738490400;58,5214465;18,28795203
1738494000;50,55934493;15,79979529
1738497600;49,49773139;15,46804106
1738501200;50,42664324;15,75832601
1738504800;51,75366017;16,1730188
1738508400;53,34608048;16,67065015
1738512000;55,33660587;17,29268933
1738515600;53,21337879;16,62918087
1738519200;54,14229064;16,91946583
1738522800;52,01906355;16,25595736
1738526400;47,77260939;14,92894043
1738530000;40,47401628;12,64813009
1738533600;39,94320951;12,48225297
1738537200;55,8032736;17,438523
1738540800;54,98263722;17,18207413
1738544400;62,53249188;19,54140371
1738548000;75,82680118;23,69587537
1738551600;90,10587413;28,15808567
1738555200;79,92998306;24,97811971
1738558800;78,94521941;24,67038107
1738562400;77,79632848;24,31135265
1738566000;74,02140115;23,13168786
1738569600;70,57472837;22,05460262
1738573200;69,58996472;21,74686398
1738576800;65,97916466;20,61848896
1738580400;64,17376464;20,05430145
1738584000;65,81503739;20,56719918
1738587600;67,29218287;21,02880715
1738591200;66,30741921;20,7210685
1738594800;70,73885565;22,10589239
1738598400;71,55949202;22,36234126
1738602000;70,08234655;21,9007333
1738605600;70,08234655;21,9007333
1738609200;68,11281924;21,28525601
1738612800;59,7423282;18,66947756
1738616400;57,28041907;17,90013096
1738620000;53,99787357;16,87433549
1738623600;62,72139646;19,60043639
1738627200;64,53066752;20,1658336
1738630800;70,15951079;21,92484712
1738634400;76,59247453;23,93514829
1738638000;92,875914;29,02372313
1738641600;106,1439017;33,16996928
1738645200;109,3603836;34,17511988
1738648800;106,9480222;33,42125694
1738652400;102,5253596;32,03917488
1738656000;97,90166692;30,59427091
1738659600;92,27282364;28,83525739
1738663200;87,24707072;27,2647096
1738666800;85,8398599;26,82495622
1738670400;84,43264909;26,38520284
1738674000;84,83470932;26,51084666
1738677600;85,03573944;26,57366858
1738681200;86,64398037;27,07624387
1738684800;85,8398599;26,82495622
1738688400;84,03058885;26,25955902
1738692000;80,21101663;25,0659427
1738695600;76,39144441;23,87232638
1738699200;66,94302892;20,91969654
1738702800;60,7110953;18,97221728
1738706400;60,30903506;18,84657346
1738710000;61,85285278;19,32901649
1738713600;63,60892746;19,87778983
1738717200;68,09667388;21,28021059
1738720800;74,34049498;23,23140468
1738724400;89,75492832;28,0484151
1738728000;103,0230482;32,19470256
1738731600;107,9010334;33,71907294
1738735200;105,5596005;32,98737516
1738738800;100,8767347;31,52397959
1738742400;95,6085106;29,87765956
1738746000;89,95004773;28,10938992
1738749600;85,85254013;26,82891879
1738753200;83,51110722;26,09722101
1738756800;82,14527136;25,6703973
1738760400;82,73062958;25,85332174
1738764000;83,51110722;26,09722101
1738767600;82,53551017;25,79234693
1738771200;80,58431608;25,18259878
1738774800;78,8282414;24,63382544
1738778400;77,85264435;24,32895136
1738782000;72,77953971;22,74360616
1738785600;63,80404687;19,93876465
1738789200;58,145584;18,170495
1738792800;58,53582282;18,29244463
1738796400;52,70227179;16,46945993
1738800000;54,1985508;16,93704713
1738803600;58,02237494;18,13199217
1738807200;63,34247808;19,7945244
1738810800;76,47648273;23,89890085
1738814400;87,78170191;27,43178185
1738818000;91,93803249;28,73063515
1738821600;89,94299381;28,10718557
1738825200;85,95291645;26,86028639
1738828800;81,46407942;25,45752482
1738832400;76,64273595;23,95085498
1738836000;73,15141826;22,85981821
1738839600;71,15637958;22,23636862
1738843200;69,99260702;21,87268969
1738846800;70,49136669;22,02855209
1738850400;71,15637958;22,23636862
1738854000;70,32511346;21,97659796
1738857600;68,66258123;21,45705663
1738861200;67,16630222;20,98946944
1738864800;66,3350361;20,72969878
1738868400;62,0124523;19,37889134
1738872000;54,36480402;16,98900126
1738875600;49,54346055;15,48233142
1738879200;49,87596699;15,58623968
1738882800;49,51051027;15,47203446
1738886400;50,91617144;15,91130358
1738890000;54,50841666;17,03388021
1738893600;59,50632306;18,59572596
1738897200;71,84490449;22,45153265
1738900800;82,46545558;25,77045487
1738904400;86,37006996;26,99064686
1738908000;84,49585506;26,40495471
1738911600;80,74742526;25,23357039
1738915200;76,53044174;23,91576304
1738918800;72,00108906;22,50034033
1738922400;68,72121299;21,47537906
1738926000;66,84699809;20,8896869
1738929600;65,75370606;20,54803314
1738933200;66,22225979;20,69445618
1738936800;66,84699809;20,8896869
1738940400;66,06607521;20,6456485
1738944000;64,50422946;20,15757171
1738947600;63,09856829;19,71830259
1738951200;62,31764541;19,47426419
1738954800;58,25684646;18,20526452
1738958400;51,07235602;15,96011126
1738962000;46,54300334;14,54468854
1738965600;46,85537249;14,6423039
1738969200;47,71919891;14,91224966
1738972800;49,40160656;15,43800205
1738976400;51,54285267;16,10714146
1738980000;56,13123718;17,54101162
1738983600;68,21398305;21,3168697
1738987200;81,82619044;25,57068451
1738990800;85,95573649;26,86116765
1738994400;83,66154424;26,14423258
1738998000;79,68494433;24,9015451
1739001600;75,86129057;23,7066533
1739005200;71,42585221;22,32057882
1739008800;67,60219845;21,12568702
1739012400;65,46095235;20,45654761
1739016000;64,23738315;20,07418223
1739019600;64,54327545;20,16977358
1739023200;65,15506005;20,36095627
1739026800;64,54327545;20,16977358
1739030400;63,62559854;19,88299954
1739034000;62,70792164;19,59622551
1739037600;61,17846014;19,11826879
1739041200;57,66069868;18,01896834
1739044800;50,77812191;15,8681631
1739048400;45,42500665;14,19531458
1739052000;45,2720605;14,14751891
1739055600;47,03736475;14,69917648
1739059200;49,29877652;15,40586766
1739062800;52,46475299;16,39523531
1739066400;57,2890981;17,90284316
1739070000;69,95300399;21,86031375
1739073600;83,97375695;26,24179905
1739077200;83,37071381;26,05334807
1739080800;80,95854126;25,29954414
1739084400;75,83267459;23,69771081
1739088000;72,66669811;22,70834316
1739091600;70,40528634;22,00165198
1739095200;64,82713732;20,25848041
1739098800;60,90735692;19,03354904
1739102400;59,85203143;18,70375982
1739106000;60,30431379;18,84509806
1739109600;62,26420398;19,45756374
1739113200;63,77181183;19,9286912
1739116800;63,47029026;19,83446571
1739120400;61,51040006;19,22200002
1739124000;59,70127065;18,65664708
1739127600;59,55050986;18,60953433
1739131200;52,61551378;16,44234806
1739134800;47,64040789;14,88762747
1739138400;48,24345103;15,07607845
1739142000;58,53626354;18,29258236
1739145600;57,67543614;18,02357379
1739149200;65,59504827;20,49845258
1739152800;79,54045223;24,85639132
1739156400;94,51884908;29,53714034
1739160000;83,84458925;26,20143414
1739163600;82,81159637;25,87862387
1739167200;81,606438;25,50201188
1739170800;77,64663194;24,26457248
1739174400;74,03115684;23,13473651
1739178000;72,99816395;22,81192623
1739181600;69,21052337;21,62828855
1739185200;67,31670308;21,03646971
1739188800;69,03835789;21,57448684
1739192400;70,58784721;22,05870225
1739196000;69,55485433;21,73589198
1739199600;74,20332232;23,18853823
1739203200;75,06414972;23,45754679
1739206800;73,51466039;22,97333137
1739210400;73,51466039;22,97333137
1739214000;71,44867462;22,32771082
1739217600;62,66823509;19,58382347
1739221200;60,08575287;18,77679777
1739224800;56,64244325;17,70076352
1739228400;64,33627595;20,10508623
1739232000;66,19213006;20,68504064
1739235600;71,96589842;22,48934326
1739239200;78,56449082;24,55140338
1739242800;95,26717785;29,77099308
1739246400;108,8767747;34,02399209
1739250000;112,1760709;35,05502216
1739253600;109,7015987;34,28174959
1739257200;105,1650665;32,86408328
1739260800;100,4223282;31,38197756
1739264400;94,64855981;29,57767494
1739268000;89,49340949;27,96669047
1739271600;88,0499674;27,51561481
1739275200;86,60652531;27,06453916
1739278800;87,01893734;27,19341792
1739282400;87,22514335;27,2578573
1739286000;88,87479145;27,77337233
1739289600;88,0499674;27,51561481
1739293200;86,19411329;26,9356604
1739296800;82,27619905;25,7113122
1739300400;78,35828481;24,486964
1739304000;68,66660221;21,45831319
1739307600;62,27421582;19,46069244
1739311200;61,8618038;19,33181369
1739314800;69,01024998;21,56570312
1739318400;70,96953153;22,1779786
1739322000;75,97658437;23,74268262
1739325600;82,94291875;25,91966211
1739329200;100,1410568;31,29408025
1739332800;114,9445173;35,92016166
1739336400;120,3869661;37,62092691
1739340000;117,7745907;36,80455959
1739343600;112,5498399;35,17182497
1739347200;106,6719952;33,3349985
1739350800;100,3587547;31,36211084
1739354400;95,78709777;29,93346805
1739358000;93,17472238;29,11710074
1739361600;91,65083673;28,64088648
1739365200;92,30393058;28,84497831
1739368800;93,17472238;29,11710074
1739372400;92,08623263;28,7769477
1739376000;89,90925313;28,0966416
1739379600;87,94997159;27,48436612
1739383200;86,86148184;27,14421308
1739386800;81,20133515;25,37541723
1739390400;71,18722948;22,24600921
1739394000;64,87398894;20,27312154
1739397600;65,30938484;20,40918276
1739401200;71,87765188;22,46176621
1739404800;73,91834231;23,09948197
1739408400;79,13344008;24,72920003
1739412000;86,38922828;26,99663384
1739415600;104,3019554;32,59436106
1739419200;119,7205053;37,41265791
1739422800;125,3890899;39,18409059
1739426400;122,6681693;38,33380291
1739430000;117,2263281;36,63322753
1739433600;111,1042568;34,72008025
1739437200;104,5286988;32,66521838
1739440800;99,76708778;31,17721493
1739444400;97,0461672;30,32692725
1739448000;95,45896353;29,8309261
1739451600;96,13919368;30,04349803
1739455200;97,0461672;30,32692725
1739458800;95,9124503;29,97264072
1739462400;93,64501648;29,26406765
1739466000;91,60432605;28,62635189
1739469600;90,47060915;28,27206536
1739473200;84,57528123;26,42977538
1739476800;74,14508569;23,17033928
1739480400;67,56952763;21,11547738
1739484000;68,0230144;21,257192
1739487600;74,91867094;23,41208467
1739491200;76,57302645;23,92907077
1739494800;81,53609298;25,48002906
1739498400;85,317477;26,66171156
1739502000;106,3514256;33,2348205
1739505600;123,3676537;38,55239178
1739509200;129,2760663;40,39877072
1739512800;131,1667583;40,98961197
1739516400;122,4223077;38,25697116
1739520000;115,3322127;36,04131647
1739523600;111,0781556;34,71192363
1739527200;106,1150891;33,16096534
1739530800;102,0973686;31,90542769
1739534400;100,6793496;31,46229675
1739538000;100,9156861;31,53615191
1739541600;99,26133058;31,01916581
1739545200;100,4430131;31,38844159
1739548800;98,07964807;30,64989002
1739552400;97,13430207;30,3544694
1739556000;92,88024504;29,02507658
1739559600;86,0264865;26,88327703
1739563200;77,99104546;24,37220171
1739566800;72,31896942;22,59967794
1739570400;71,84629642;22,45196763
1739574000;74,26851543;23,20891107
1739577600;76,67983086;23,96244714
1739581200;80,53793556;25,16810486
1739584800;84,15490872;26,29840898
1739588400;104,8922215;32,77881922
1739592000;126,8351919;39,63599747
1739595600;132,1400859;41,29377684
1739599200;134,3102698;41,97195931
1739602800;126,1117973;39,40993666
1739606400;119,1189825;37,22468203
1739610000;114,5374832;35,7929635
1739613600;109,4737208;34,21053775
1739617200;104,8922215;32,77881922
1739620800;103,9276953;32,47740478
1739624400;103,6865637;32,40205116
1739628000;102,2397745;31,94992953
1739631600;101,9986429;31,87457591
1739635200;101,7575114;31,79922231
1739638800;99,58732751;31,12103985
1739642400;94,76469663;29,6139677
1739646000;88,01301341;27,50406669
1739649600;80,29680402;25,09275126
1739653200;74,26851543;23,20891107
1739656800;72,82172617;22,75678943
1739660400;78,32286537;24,47589543
1739664000;78,32286537;24,47589543
1739667600;82,16693238;25,67716637
1739671200;87,93303289;27,47907278
1739674800;110,0364182;34,38638069
1739678400;129,0164991;40,31765597
1739682000;132,1398035;41,29368859
1739685600;125,1724321;39,11638503
1739689200;120,6076025;37,68987578
1739692800;115,5622645;36,11320766
1739696400;112,4389601;35,13717503
1739700000;107,3936221;33,56050691
1739703600;103,0690468;32,20907713
1739707200;101,6275216;31,7586005
1739710800;97,78345461;30,55732957
1739714400;99,22497974;31,00780617
1739718000;99,94574231;31,23304447
1739721600;98,98472555;30,93272673
1739725200;97,54320042;30,48225013
1739728800;95,62116692;29,88161466
1739732400;91,53684572;28,60526429
1739736000;84,08896588;26,27780184
1739739600;77,12159442;24,10049826
1739743200;77,12159442;24,10049826
1739746800;84,54365512;26,41989223
1739750400;84,30071358;26,34397299
1739754000;91,58895971;28,62154991
1739757600;99,84897199;31,20280375
1739761200;126,8154827;39,62983834
1739764800;118,5554704;37,0485845
1739768400;119,5272365;37,35226141
1739772000;117,0978212;36,59306913
1739775600;111,0242827;34,69508834
1739779200;106,8942766;33,40446144
1739782800;107,3801597;33,55629991
1739786400;101,5495628;31,73423838
1739790000;99,84897199;31,20280375
1739793600;97,90543969;30,5954499
1739797200;100,3348551;31,35464222
1739800800;101,0636797;31,58239991
1739804400;104,9507443;32,79710759
1739808000;103,2501535;32,26567297
1739811600;102,0354458;31,88607681
1739815200;100,5777966;31,43056144
1739818800;98,87720584;30,89912683
1739822400;89,40248587;27,93827683
1739826000;81,14247359;25,357023
1739829600;80,89953205;25,28110377
1739833200;80,06103609;25,01907378
1739836800;81,82338594;25,56980811
1739840400;86,85867123;27,14333476
1739844000;92,14572078;28,79553774
1739847600;113,5456833;35,48302603
1739851200;130,6656532;40,83301663
1739854800;137,4632884;42,95727763
1739858400;135,4491743;42,32786697
1739862000;130,6656532;40,83301663
1739865600;122,860961;38,39405031
1739869200;116,5668544;36,427142
1739872800;112,7903905;35,24699703
1739876400;109,517455;34,22420469
1739880000;105,9927553;33,12273603
1739883600;104,4821697;32,65067803
1739887200;104,2304055;32,57200172
1739890800;107,2515766;33,51611769
1739894400;106,7480481;33,35876503
1739898000;104,9856983;32,80803072
1739901600;98,94335592;30,91979873
1739905200;94,1598349;29,42494841
1739908800;86,10337844;26,90730576
1739912400;78,04692197;24,38966312
1739916000;76,53633639;23,91760512
1739919600;77,87501168;24,33594115
1739923200;79,59464916;24,87332786
1739926800;84,7535616;26,485488
1739930400;88,68416156;27,71380049
1739934000;110,5481238;34,54628869
1739937600;128,2358236;40,07369488
1739941200;134,3773861;41,99293316
1739944800;136,3426861;42,60708941
1739948400;127,2531737;39,76661678
1739952000;119,8832987;37,46353084
1739955600;115,4613738;36,08167931
1739959200;110,3024613;34,46951916
1739962800;106,1261989;33,16443716
1739966400;104,6522239;32,70381997
1739970000;104,8978864;32,7805895
1739973600;103,1782489;32,24320278
1739977200;104,4065614;32,62705044
1739980800;101,9499364;31,85935513
1739984400;100,9672864;31,552277
1739988000;96,54536148;30,17042546
1739991600;89,42114906;27,94410908
1739995200;81,06862414;25,33394504
1739998800;75,17272421;23,49147632
1740002400;74,68139921;23,33793725
1740006000;69,46436734;21,70761479
1740009600;71,43654181;22,32391932
1740013200;76,47654322;23,89891976
1740016800;83,48871911;26,09022472
1740020400;100,8000283;31,50000884
1740024000;115,7009021;36,15653191
1740027600;121,1791645;37,86848891
1740031200;118,5495985;37,04674953
1740034800;113,2904666;35,40327081
1740038400;107,3739432;33,55435725
1740042000;101,0191588;31,56848713
1740045600;96,41741839;30,13044325
1740049200;93,78785243;29,30870388
1740052800;92,25393896;28,82935593
1740056400;92,91133045;29,03479077
1740060000;93,78785243;29,30870388
1740063600;92,69219995;28,96631248
1740067200;90,50089499;28,28152968
1740070800;88,52872052;27,66522516
1740074400;87,43306804;27,32283376
1740078000;81,73567513;25,54239848
1740081600;71,6556723;22,39239759
1740085200;65,30088791;20,40652747
1740088800;65,7391489;20,54348403
1740092400;52,85705356;16,51782924
1740096000;54,35772701;16,98678969
1740099600;58,19278137;18,18524418
1740103200;63,52850917;19,85265912
1740106800;76,70108719;23,96908975
1740110400;88,03950877;27,51234649
1740114000;92,20804612;28,81501441
1740117600;90,20714819;28,18973381
1740121200;86,20535234;26,93917261
1740124800;81,703332;25,53229125
1740128400;76,86782868;24,02119646
1740132000;73,36625731;22,92695541
1740135600;71,36535938;22,30167481
1740139200;70,19816893;21,93692779
1740142800;70,69839341;22,09324794
1740146400;71,36535938;22,30167481
1740150000;70,53165191;22,04114122
1740153600;68,86423697;21,52007405
1740157200;67,36356353;21,0511136
1740160800;66,52985606;20,79058002
1740164400;62,19457722;19,43580538
1740168000;54,5244685;17,03889641
1740171600;49,68896518;15,52780162
1740175200;50,02244817;15,63201505
1740178800;50,35706588;15,73658309
1740182400;52,13247525;16,29139852
1740186000;54,39208718;16,99752724
1740189600;59,23411274;18,51066023
1740193200;71,98478007;22,49524377
1740196800;86,34945591;26,98420497
1740200400;90,70727892;28,34602466
1740204000;88,28626613;27,58945817
1740207600;84,08984398;26,27807624
1740211200;80,05482267;25,01713208
1740214800;75,37419796;23,55443686
1740218400;71,33917666;22,29349271
1740222000;69,07956473;21,58736398
1740225600;67,78835791;21,18386185
1740229200;68,11115961;21,28473738
1740232800;68,75676302;21,48648844
1740236400;68,11115961;21,28473738
1740240000;67,1427545;20,98211078
1740243600;66,17434939;20,67948418
1740247200;64,56034087;20,17510652
1740250800;60,84812127;19,0150379
1740254400;53,58508292;16,74533841
1740258000;47,93605309;14,98001659
1740261600;47,77465224;14,92957883
1740265200;51,52689792;16,1021556
1740268800;54,00415263;16,8762977
1740272400;57,47230922;17,96009663
1740276000;62,75711926;19,61159977
1740279600;76,62974563;23,94679551
1740283200;91,98872482;28,74647651
1740286800;91,32812356;28,54003861
1740290400;88,68571854;27,71428704
1740294000;83,07060787;25,95956496
1740297600;79,60245128;24,87576603
1740301200;77,12519657;24,10162393
1740304800;71,01463496;22,19207343
1740308400;66,7207268;20,85022713
1740312000;65,5646746;20,48896081
1740315600;66,06012554;20,64378923
1740319200;68,20707962;21,31471238
1740322800;69,85858276;21,83080711
1740326400;69,52828213;21,72758817
1740330000;67,38132805;21,05666502
1740333600;65,39952429;20,43735134
1740337200;65,23437397;20,38574187
1740340800;57,63745954;18,01170611
1740344400;52,18749918;16,30859349
1740348000;52,84810043;16,51503138
1740351600;63,45715866;19,83036208
1740355200;62,52396515;19,53873911
1740358800;71,10934544;22,22167045
1740362400;86,2270803;26,94596259
1740366000;102,4646474;32,02020231
1740369600;90,89304785;28,40407745
1740373200;89,77321564;28,05412989
1740376800;88,46674472;27,64585773
1740380400;84,17405458;26,30439206
1740384000;80,25464184;25,07957558
1740387600;79,13480963;24,72962801
1740391200;75,02875818;23,44648693
1740394800;72,97573246;22,80491639
1740398400;74,84211948;23,38816234
1740402000;76,5218678;23,91308369
1740405600;75,40203559;23,56313612
1740409200;80,44128054;25,13790017
1740412800;81,37447405;25,42952314
1740416400;79,69472573;24,90460179
1740420000;79,69472573;24,90460179
1740423600;77,45506131;24,20470666
1740427200;67,93648751;21,23015235
1740430800;65,13690698;20,35528343
1740434400;61,40413294;19,18879154
1740438000;69,72684724;21,78963976
1740441600;71,7381986;22,41818706
1740445200;77,99573617;24,37366755
1740448800;85,14720768;26,6085024
1740452400;103,2493699;32,26542809
1740456000;117,9992799;36,87477497
1740459600;121,5750157;37,99219241
1740463200;118,8932139;37,15412934
1740466800;113,9765772;35,61768038
1740470400;108,8364571;34,01139284
1740474000;102,5789195;32,05591234
1740477600;96,99183238;30,30994762
1740481200;95,42744798;29,82107749
1740484800;93,86306359;29,33220737
1740488400;94,31003056;29,47188455
1740492000;94,53351404;29,54172314
1740495600;96,32138192;30,10043185
1740499200;95,42744798;29,82107749
1740502800;93,41609662;29,19253019
1740506400;89,16991041;27,865597
1740510000;84,9237242;26,53866381
1740513600;74,42000042;23,25625013
1740517200;67,49201239;21,09125387
1740520800;67,04504542;20,95157669
1740524400;74,54883489;23,2965109
1740528000;76,19502368;23,8109449
1740531600;81,13359003;25,35424688
1740535200;84,89630724;26,53009601
1740538800;105,8264218;33,07075681
1740542400;122,7586493;38,36207791
1740546000;128,6378949;40,19934216
1740549600;130,5192535;40,78726672
1740553200;121,81797;38,06811563
1740556800;114,7628752;35,8633985
1740560400;110,5298183;34,54056822
1740564000;105,5912519;32,99726622
1740567600;101,5933649;31,74792653
1740571200;100,1823459;31,30698309
1740574800;100,4175158;31,38047369
1740578400;98,77132699;30,86603968
1740582000;99,94717612;31,23349254
1740585600;97,59547786;30,49858683
1740589200;96,65479855;30,20462455
1740592800;92,42174168;28,88179428
1740596400;85,60181672;26,75056773
1740600000;77,60604263;24,25188832
1740603600;71,96196681;22,48811463
1740607200;71,49162715;22,34113348
1740610800;75,37769956;23,55553111
1740614400;77,04219135;24,0756848
1740618000;82,03566671;25,63614585
1740621600;85,84021937;26,82506855
1740625200;107,0030435;33,43845109
1740628800;124,1235305;38,78860328
1740632400;130,068144;40,646295
1740636000;131,9704204;41,24075638
1740639600;123,1723923;38,49137259
1740643200;116,0388561;36,26214253
1740646800;111,7587344;34,9246045
1740650400;106,765259;33,36414344
1740654000;102,7229218;32,10091306
1740657600;101,2962145;31,65506703
1740661200;101,5339991;31,72937472
1740664800;99,8695073;31,20922103
1740668400;101,05843;31,58075938
1740672000;98,6805846;30,83768269
1740675600;97,72944643;30,54045201
1740679200;93,44932469;29,20291397
1740682800;86,55357299;27,04799156
1740686400;78,46889859;24,52153081
1740690000;72,76206961;22,73814675
1740693600;72,28650052;22,58953141
1740697200;77,11020399;24,09693875
1740700800;78,81295298;24,62904781
1740704400;83,92119993;26,22537498
1740708000;87,8131976;27,44162425
1740711600;109,4624347;34,20701084
1740715200;126,9764242;39,68013256
1740718800;133,0576706;41,58052206
1740722400;135,0036694;42,18864669
1740726000;126,0034248;39,37607025
1740729600;118,7059292;37,09560288
1740733200;114,3274318;35,72732244
1740736800;109,2191848;34,13099525
1740740400;105,0839373;32,83873041
1740744000;103,6244382;32,38263694
1740747600;103,867688;32,4586525
1740751200;102,164939;31,92654344
1740754800;103,3811883;32,30662134
1740758400;100,9486898;31,54646556
1740762000;99,97569035;31,24240323
1740765600;95,59719296;29,8741228
1740769200;88,54294717;27,66967099
1740772800;80,2724521;25,08514128
1740776400;74,43445559;23,26076737
1740780000;73,94795588;23,10873621
1740783600;74,15815439;23,17442325
1740787200;76,56588667;23,92683958
1740790800;80,41825833;25,13070573
1740794400;84,02985676;26,25933024
1740798000;104,7363544;32,73011075
1740801600;126,6467182;39,57709944
1740805200;131,9437292;41,23241538
1740808800;134,1106883;41,90959009
1740812400;125,9243985;39,35137453
1740816000;118,9419749;37,16936716
1740819600;114,3672836;35,73977613
1740823200;109,3110458;34,15970181
1740826800;104,7363544;32,73011075
1740830400;103,7732615;32,42914422
1740834000;103,5324883;32,35390259
1740837600;102,0878489;31,90245278
1740841200;101,8470757;31,82721116
1740844800;101,6063024;31,7519695
1740848400;99,43934338;31,07479481
1740852000;94,62387881;29,56996213
1740855600;87,88222841;27,46319638
1740859200;80,1774851;25,05546409
1740862800;74,15815439;23,17442325
1740866400;72,71351502;22,72297344
1740870000;71,88144863;22,4629527
1740873600;71,88144863;22,4629527
1740877200;75,40937249;23,5654289
1740880800;80,70125828;25,21914321
1740884400;100,9868205;31,55838141
1740888000;118,4059445;37,00185766
1740891600;121,2723827;37,89761959
1740895200;114,8780207;35,89938147
1740898800;110,6886111;34,59019097
1740902400;106,058211;33,14319094
1740906000;103,1917729;32,24742903
1740909600;98,56137281;30,800429
1740913200;94,59245847;29,56014327
1740916800;93,26948703;29,1467147
1740920400;89,74156317;28,04423849
1740924000;91,06453461;28,45766707
1740927600;91,72602034;28,66438136
1740931200;90,84403937;28,3887623
1740934800;89,52106793;27,97533373
1740938400;87,757106;27,42409563
1740942000;84,0086869;26,25271466
1740945600;77,17333442;24,11666701
1740949200;70,77897242;22,11842888
1740952800;70,77897242;22,11842888
1740956400;66,77519149;20,86724734
1740960000;65,79320338;20,56037606
1740963600;74,82749399;23,38359187
1740967200;90,73570138;28,35490668
1740970800;107,8222945;33,69446703
1740974400;95,64564193;29,8892631
1740978000;94,46725619;29,52101756
1740981600;93,09247284;29,09139776
1740985200;88,57532753;27,67978985
1740988800;84,45097747;26,39093046
1740992400;83,27259174;26,02268492
1740996000;78,95184405;24,67245127
1740999600;76,79147021;23,99733444
1741003200;78,75544643;24,61107701
1741006800;80,52302503;25,16344532
1741010400;79,3446393;24,79519978
1741014000;84,64737509;26,45230472
1741017600;85,6293632;26,759176
1741021200;83,86178461;26,20680769
1741024800;83,86178461;26,20680769
1741028400;81,50501314;25,47031661
1741032000;71,48873442;22,34022951
1741035600;68,54277009;21,41961565
1741039200;64,61481765;20,19213052
1741042800;66,07025203;20,64695376
1741046400;67,97612468;21,24253896
1741050000;73,90550627;23,09547071
1741053600;80,68194238;25,21310699
1741057200;97,83479627;30,57337383
1741060800;111,8111957;34,94099866
1741064400;115,1994138;35,99981681
1741068000;112,6582503;35,20570322
1741071600;107,9994504;33,74982825
1741075200;103,128887;32,22777719
1741078800;97,19950539;30,37484543
1741082400;91,90541468;28,72044209
1741086000;90,42306928;28,25720915
1741089600;88,94072388;27,79397621
1741093200;89,36425114;27,92632848
1741096800;89,57601477;27,99250462
1741100400;91,27012379;28,52191368
1741104000;90,42306928;28,25720915
1741107600;88,51719663;27,66162395
1741111200;84,49368769;26,4042774
1741114800;80,47017875;25,14693086
1741118400;70,51728822;22,03665257
1741122000;63,95261574;19,98519242
1741125600;63,52908849;19,85284015
1741129200;66,39276193;20,7477381
1741132800;68,27772994;21,33679061
1741136400;73,09487039;22,842147
1741140000;79,79697885;24,93655589
1741143600;96,34280912;30,10712785
1741147200;110,5847896;34,55774675
1741150800;115,8208118;36,19400369
1741154400;113,3075212;35,40860038
1741158000;108,2809398;33,83779369
1741161600;102,6260358;32,07063619
1741165200;96,55225;30,17257813
1741168800;92,15399133;28,79812229
1741172400;89,64070066;28,01271896
1741176000;88,17461443;27,55456701
1741179600;88,8029371;27,75091784
1741183200;89,64070066;28,01271896
1741186800;88,59349621;27,68546757
1741190400;86,49908731;27,03096478
1741194000;84,61411931;26,44191228
1741197600;83,56691486;26,11466089
1741201200;78,12145174;24,41295367
1741204800;68,48717083;21,40224088
1741208400;62,41338504;19,50418283
1741212000;62,83226681;19,63508338
1741215600;64,51843427;20,16201071
1741219200;66,35018792;20,73443373
1741222800;71,03133615;22,19729255
1741226400;77,54423803;24,23257438
1741230000;93,62296455;29,25717642
1741233600;107,462881;33,58215031
1741237200;112,5510856;35,17221425
1741240800;110,1087474;34,40898356
1741244400;105,224071;32,88252219
1741248000;99,72881006;31,16525314
1741251600;93,82649273;29,32077898
1741255200;89,55240087;27,98512527
1741258800;87,11006267;27,22189458
1741262400;85,68536538;26,77667668
1741266000;86,29594993;26,96748435
1741269600;87,11006267;27,22189458
1741273200;86,09242175;26,9038818
1741276800;84,05713991;26,26785622
1741280400;82,22538626;25,69543321
1741284000;81,20774534;25,37742042
1741287600;75,91601256;23,72375393
1741291200;66,5537161;20,79803628
1741294800;60,65139877;18,95356212
1741298400;61,05845514;19,08076723
1741302000;65,79891536;20,56216105
1741305600;67,66702337;21,1459448
1741309200;72,44107717;22,63783662
1741312800;79,08323897;24,71351218
1741316400;95,48107592;29,83783623
1741320000;109,5956698;34,24864681
1741323600;114,7848587;35,87026834
1741327200;112,294048;35,09189
1741330800;107,3124266;33,53513331
1741334400;101,7081026;31,78378206
1741338000;95,68864348;29,90270109
1741341600;91,3297248;28,540539
1741345200;88,83891412;27,76216066
1741348800;87,38594123;27,30810663
1741352400;88,00864389;27,50270122
1741356000;88,83891412;27,76216066
1741359600;87,80107634;27,43783636
1741363200;85,72540077;26,78918774
1741366800;83,85729277;26,20540399
1741370400;82,81945499;25,88107968
1741374000;77,42269852;24,19459329
1741377600;67,87459093;21,21080967
1741381200;61,85513179;19,32972868
1741384800;62,27026691;19,45945841
1741388400;63,80831298;19,94009781
1741392000;66,05796504;20,64311408
1741395600;68,92115857;21,53786205
1741399200;75,05657328;23,45517915
1741402800;91,21316535;28,50411417
1741406400;109,4148957;34,19215491
1741410000;114,9367689;35,91774028
1741413600;111,8690615;34,95908172
1741417200;106,5517021;33,29740691
1741420800;101,4388565;31,69964266
1741424400;95,50795565;29,84623614
1741428000;90,39511005;28,24847189
1741431600;87,53191652;27,35372391
1741435200;85,89580593;26,84243935
1741438800;86,30483358;26,97026049
1741442400;87,12288888;27,22590278
1741446000;86,30483358;26,97026049
1741449600;85,07775064;26,58679708
1741453200;83,8506677;26,20333366
1741456800;81,80552946;25,56422796
1741460400;77,10171152;24,09428485
1741464000;67,89858945;21,2183092
1741467600;60,74060562;18,98143926
1741471200;60,5360918;18,91752869
1741474800;59,67513874;18,64848086
1741478400;62,5441358;19,54504244
1741482000;66,56073167;20,80022865
1741485600;72,68125872;22,71289335
1741489200;88,74764223;27,7336382
1741492800;106,535424;33,29232
1741496400;105,7703581;33,05323691
1741500000;102,7100946;32,09690456
1741503600;96,20703458;30,06469831
1741507200;92,1904387;28,80951209
1741510800;89,32144164;27,91295051
1741514400;82,24458224;25,70143195
1741518000;77,27165401;24,14739188
1741521600;75,93278872;23,72899648
1741525200;76,50658813;23,90830879
1741528800;78,99305225;24,68532883
1741532400;80,90571695;25,28303655
1741536000;80,52318401;25,163495
1741539600;78,03671989;24,38647497
1741543200;75,74152225;23,6692257
1741546800;75,55025578;23,60945493
1741550400;66,75199814;20,85999942
1741554000;60,44020462;18,88756394
1741557600;61,20527051;19,12664703
1741561200;64,13603269;20,04251022
1741564800;63,19285573;19,74776742
1741568400;71,87008369;22,45940115
1741572000;87,1495503;27,23423447
1741575600;103,5608292;32,36275913
1741579200;91,86543505;28,70794845
1741582800;90,73362271;28,3542571
1741586400;89,41317498;27,94161718
1741590000;85,074561;26,58580031
1741593600;81,11321781;25,34788057
1741597200;79,98140547;24,99418921
1741600800;75,83142688;23,6973209
1741604400;73,75643759;23,04888675
1741608000;75,64279149;23,63837234
1741611600;77,34051;24,16890938
1741615200;76,20869766;23,81521802
1741618800;81,3018532;25,40682913
1741622400;82,24503015;25,70157192
1741626000;80,54731164;25,17103489
1741629600;80,54731164;25,17103489
1741633200;78,28368696;24,46365218
1741636800;68,66328205;21,45727564
1741640400;65,8337512;20,57304725
1741644000;62,06104339;19,39407606
1741647600;64,48413181;20,15129119
1741651200;66,344251;20,73257844
1741654800;72,13128847;22,54102765
1741658400;78,74504558;24,60782674
1741662000;95,48611826;29,83941196
1741665600;109,1269923;34,10218509
1741669200;112,4338709;35,13558466
1741672800;109,9537119;34,36053497
1741676400;105,4067539;32,93961059
1741680000;100,653116;31,45409875
1741683600;94,86607854;29,64564954
1741687200;89,69908079;28,03096275
1741690800;88,25232143;27,57885045
1741694400;86,80556206;27,12673814
1741698000;87,21892188;27,25591309
1741701600;87,42560179;27,32050056
1741705200;89,07904106;27,83720033
1741708800;88,25232143;27,57885045
1741712400;86,39220224;26,9975632
1741716000;82,46528396;25,77040124
1741719600;78,53836567;24,54323927
1741723200;68,82440992;21,5076281
1741726800;62,41733272;19,50541648
1741730400;62,0039729;19,37624153
1741734000;67,89947984;21,21858745
1741737600;69,82722532;21,82100791
1741741200;74,753686;23,36052688
1741744800;81,60789217;25,5024663
1741748400;98,52921364;30,79037926
1741752000;113,0944017;35,34200053
1741755600;118,4492503;37,01539072
1741759200;115,878923;36,21216344
1741762800;110,7382684;34,60570888
1741766400;104,9550319;32,79844747
1741770000;98,74340758;30,85731487
1741773600;94,24533479;29,45166712
1741777200;91,67500748;28,64843984
1741780800;90,17564988;28,17989059
1741784400;90,8182317;28,38069741
1741788000;91,67500748;28,64843984
1741791600;90,60403776;28,3137618
1741795200;88,46209833;27,64440573
1741798800;86,53435285;27,04198527
1741802400;85,46338314;26,70730723
1741806000;79,89434063;24,96698145
1741809600;70,04141926;21,88794352
1741813200;63,82979492;19,94681091
1741816800;64,25818281;20,08068213
1741820400;70,18086828;21,93152134
1741824000;72,17338504;22,55418283
1741827600;77,26537233;24,14542885
1741831200;84,34987638;26,35933637
1741834800;101,8397458;31,82492056
1741838400;116,8943169;36,52947403
1741842000;122,4290857;38,25908928
1741845600;119,7723966;37,42887394
1741849200;114,4590186;35,76844331
1741852800;108,4814683;33,90045884
1741856400;102,0611365;31,89410516
1741860000;97,41193073;30,44122835
1741863600;94,75524171;29,61101303
1741867200;93,20550645;29,12672077
1741870800;93,86967871;29,3342746
1741874400;94,75524171;29,61101303
1741878000;93,64828795;29,26508998
1741881600;91,43438044;28,57324389
1741885200;89,44186367;27,9505824
1741888800;88,33490991;27,60465935
1741892400;82,57875037;25,80585949
1741896000;72,39477579;22,62336743
1741899600;65,974444;20,61701375
1741903200;66,4172255;20,75538297
1741906800;75,49870255;23,59334455
1741910400;77,16586633;24,11433323
1741914000;82,16735767;25,67729927
1741917600;85,97801773;26,86813054
1741921200;107,1748144;33,4921295
1741924800;124,3227846;38,85087019
1741928400;130,276941;40,71154406
1741932000;132,182271;41,30695969
1741935600;123,3701196;38,55316238
1741939200;116,225132;36,32035375
1741942800;111,9381394;34,98066856
1741946400;106,9366481;33,41770253
1741950000;102,8878218;32,15244431
1741953600;101,4588243;31,70588259
1741957200;101,6969905;31,78030953
1741960800;100,0298267;31,25932084
1741964400;101,220658;31,63145563
1741968000;98,83899546;30,88718608
1741971600;97,88633044;30,58947826
1741975200;93,59933787;29,24979308
1741978800;86,6925165;27,09141141
1741982400;78,59486386;24,56089496
1741986000;72,87887376;22,77464805
1741989600;72,40254125;22,62579414
1741993200;69,81219098;21,81630968
1741996800;72,27351823;22,58547445
1742000400;75,40611654;23,56441142
1742004000;82,11882721;25,6621335
1742007600;99,79563198;31,18613499
1742011200;119,710007;37,40937719
1742014800;125,7514466;39,29732706
1742018400;122,3950912;38,248466
1742022000;116,5774087;36,43044022
1742025600;110,9834831;34,68233847
1742029200;104,4945295;32,65454047
1742032800;98,90060389;30,90643872
1742036400;95,76800558;29,92750174
1742040000;93,9779494;29,36810919
1742043600;94,42546344;29,50795733
1742047200;95,32049153;29,7876536
1742050800;94,42546344;29,50795733
1742054400;93,08292131;29,08841291
1742058000;91,74037917;28,66886849
1742061600;89,50280895;27,9696278
1742065200;84,35639744;26,3613742
1742068800;74,28733143;23,21479107
1742072400;66,45583565;20,76744864
1742076000;66,23207862;20,69752457
1742079600;57,46618948;17,95818421
1742083200;60,22898705;18,82155845
1742086800;64,09690365;20,03028239
1742090400;69,9908718;21,87214744
1742094000;85,4625382;26,70704319
1742097600;102,5918831;32,05996347
1742101200;101,8551371;31,82973034
1742104800;98,90815304;30,90879783
1742108400;92,64581188;28,95181621
1742112000;88,77789528;27,74309228
1742115600;86,01509771;26,87971803
1742119200;79,20019704;24,75006158
1742122800;74,41134791;23,25354622
1742126400;73,12204238;22,85063824
1742130000;73,67460189;23,02331309
1742133600;76,06902646;23,77157077
1742137200;77,9108915;24,34715359
1742140800;77,54251849;24,23203703
1742144400;75,14809393;23,48377935
1742148000;72,93785588;22,79307996
1742151600;72,75366937;22,73552168
1742155200;64,28109015;20,08784067
1742158800;58,2029355;18,18841734
1742162400;58,93968152;18,41865048
1742166000;62,41109447;19,50346702
1742169600;61,49328426;19,21665133
1742173200;69,93713822;21,85535569
1742176800;84,80566367;26,5017699
1742180400;100,7755614;31,49236294
1742184000;89,39471473;27,93584835
1742187600;88,29334248;27,59166953
1742191200;87,00840818;27,19012756
1742194800;82,7864812;25,87077538
1742198400;78,93167831;24,66614947
1742202000;77,83030605;24,32197064
1742205600;73,79194111;23,0599816
1742209200;71,77275865;22,42898708
1742212800;73,60837907;23,00261846
1742216400;75,26043745;23,5188867
1742220000;74,1590652;23,17470788
1742223600;79,11524035;24,72351261
1742227200;80,03305056;25,0103283
1742230800;78,38099218;24,49406006
1742234400;78,38099218;24,49406006
1742238000;76,17824767;23,8057024
1742241600;66,8165835;20,88018234
1742245200;64,06315286;20,01973527
1742248800;60,39191201;18,8724725
1742252400;62,12427554;19,41383611
1742256000;63,91632195;19,97385061
1742259600;69,49157745;21,71611795
1742263200;75,86329802;23,70728063
1742266800;91,99171571;28,74741116
1742270400;105,1333894;32,85418419
1742274000;108,3192497;33,84976553
1742277600;105,9298545;33,10307953
1742281200;101,5492966;31,73415519
1742284800;96,9696224;30,303007
1742288400;91,3943669;28,56073966
1742292000;86,41646021;27,00514382
1742295600;85,02264634;26,56957698
1742299200;83,62883246;26,13401014
1742302800;84,027065;26,25845781
1742306400;84,22618127;26,32068165
1742310000;85,81911141;26,81847232
1742313600;85,02264634;26,56957698
1742317200;83,23059993;26,00956248
1742320800;79,44739084;24,82730964
1742324400;75,66418175;23,6450568
1742328000;66,30571717;20,72053662
1742331600;60,13311287;18,79159777
1742335200;59,73488033;18,6671501
1742338800;62,78767981;19,62114994
1742342400;64,57029532;20,17821729
1742346000;69,12586831;21,60183385
1742349600;75,4640568;23,58251775
1742353200;91,11145966;28,47233114
1742356800;104,5801102;32,68128444
1742360400;109,53182;34,22869375
1742364000;107,1549993;33,48593728
1742367600;102,4013579;32,00042434
1742371200;97,05351138;30,32922231
1742374800;91,30952805;28,53422752
1742378400;87,15009185;27,2344037
1742382000;84,77327116;26,49164724
1742385600;83,38679243;26,05837263
1742389200;83,9809976;26,24406175
1742392800;84,77327116;26,49164724
1742396400;83,78292921;26,18216538
1742400000;81,8022453;25,56320166
1742403600;80,01962979;25,00613431
1742407200;79,02928783;24,69665245
1742410800;73,87950968;23,08734678
1742414400;64,76836371;20,24011366
1742418000;59,02438039;18,44511887
1742421600;59,42051717;18,56891162
1742425200;60,41723782;18,88038682
1742428800;62,13255372;19,41642304
1742432400;66,5161388;20,78629338
1742436000;72,61503978;22,69219993
1742439600;87,67170157;27,39740674
1742443200;100,6318662;31,44745819
1742446800;105,3966325;32,93644766
1742450400;103,1095447;32,22173272
1742454000;98,53536894;30,79230279
1742457600;93,38942124;29,18419414
1742461200;87,86229223;27,45696632
1742464800;83,85988846;26,20621514
1742468400;81,57280059;25,49150018
1742472000;80,238666;25,07458313
1742475600;80,81043797;25,25326187
1742479200;81,57280059;25,49150018
1742482800;80,61984731;25,19370228
1742486400;78,71394076;24,59810649
1742490000;76,99862486;24,06207027
1742493600;76,04567158;23,76427237
1742497200;71,09031453;22,21572329
1742500800;62,32314438;19,47598262
1742504400;56,79601537;17,7487548
1742508000;57,17719668;17,86787396
1742511600;56,24283013;17,57588442
1742515200;57,83962972;18,07488429
1742518800;61,92033979;19,35010618
1742522400;67,59784946;21,12432796
1742526000;81,61420144;25,50443795
1742529600;93,67890948;29,27465921
1742533200;98,11446391;30,66076997
1742536800;95,98539779;29,99543681
1742540400;91,72726554;28,66477048
1742544000;86,93686676;27,16777086
1742547600;81,79162362;25,55988238
1742551200;78,0657579;24,39554934
1742554800;75,93669178;23,73021618
1742558400;74,69473654;23,34210517
1742562000;75,22700307;23,50843846
1742565600;75,93669178;23,73021618
1742569200;75,04958089;23,45299403
1742572800;73,27535912;22,89854973
1742576400;71,67855953;22,39954985
1742580000;70,79144864;22,1223277
1742583600;66,17847204;20,68077251
1742587200;58,0170519;18,13032872
1742590800;52,87180876;16,52244024
1742594400;53,22665312;16,6333291
1742598000;50,52091736;15,78778668
1742601600;52,30210355;16,34440736
1742605200;54,56906779;17,05283368
1742608800;59,4268483;18,57089009
1742612400;72,21900366;22,56843864
1742616000;86,63041918;27,07200599
1742619600;91,00242165;28,43825677
1742623200;88,57353139;27,67922856
1742626800;84,36345494;26,36357967
1742630400;80,31530452;25,09853266
1742634000;75,61945002;23,63107813
1742637600;71,57129959;22,36603112
1742641200;69,30433535;21,6576048
1742644800;68,00892721;21,25278975
1742648400;68,33277924;21,35399351
1742652000;68,98048331;21,55640103
1742655600;68,33277924;21,35399351
1742659200;67,36122314;21,05038223
1742662800;66,38966704;20,74677095
1742666400;64,77040687;20,24075215
1742670000;61,04610847;19,0769089
1742673600;53,7594377;16,79982428
1742677200;48,0920271;15,02875847
1742680800;47,93010108;14,97815659
1742684400;45,42203257;14,19438518
1742688000;47,60578414;14,87680754
1742691600;50,66303633;15,83219885
1742695200;55,32170634;17,28803323
1742698800;67,55071511;21,10959847
1742702400;81,08997482;25,34061713
1742706000;80,50764107;25,15863783
1742709600;78,17830606;24,43072064
1742713200;73,22846918;22,88389662
1742716800;70,17121699;21,92850531
1742720400;67,98746542;21,24608294
1742724000;62,60087823;19,56277445
1742727600;58,81570885;18,37990902
1742731200;57,79662478;18,06144524
1742734800;58,23337509;18,19792972
1742738400;60,12595979;18,78936243
1742742000;61,58179416;19,24431068
1742745600;61,29062729;19,15332103
1742749200;59,3980426;18,56188831
1742752800;57,65104134;18,01595042
1742756400;57,50545791;17,9704556
1742760000;50,80861977;15,87769368
1742763600;46,00436632;14,37636448
1742767200;46,58670008;14,55834378
1742770800;49,17377378;15,36680431
1742774400;48,45063005;15,14082189
1742778000;55,10355239;17,21986012
1742781600;66,81848085;20,88077527
1742785200;79,40118178;24,81286931
1742788800;70,43419951;22,01068735
1742792400;69,56642703;21,73950845
1742796000;68,5540258;21,42313306
1742799600;65,22756463;20,38361395
1742803200;62,19036096;19,4344878
1742806800;61,32258848;19,1633089
1742810400;58,14075606;18,16898627
1742814000;56,54983985;17,67182495
1742817600;57,99612731;18,12378978
1742821200;59,29778603;18,53055813
1742824800;58,43001355;18,25937923
1742828400;62,33498971;19,47968428
1742832000;63,05813344;19,7056667
1742835600;61,75647472;19,29889835
1742839200;61,75647472;19,29889835
1742842800;60,02092976;18,75654055
1742846400;52,6448637;16,45151991
1742850000;50,4754325;15,77357266
1742853600;47,58285757;14,86964299
1742857200;50,88384264;15,90120083
1742860800;52,35164579;16,35988931
1742864400;56,91814449;17,78692015
1742868000;62,13700014;19,41781254
1742871600;75,34722852;23,54600891
1742875200;86,11111831;26,90972447
1742878800;88,72054614;27,72517067
1742882400;86,76347527;27,11358602
1742886000;83,175512;25,9923475
1742889600;79,4244595;24,82014359
1742893200;74,8579608;23,39311275
1742896800;70,78072982;22,11897807
1742900400;69,63910515;21,76222036
1742904000;68,49748047;21,40546265
1742907600;68,82365895;21,50739342
1742911200;68,98674819;21,55835881
1742914800;70,29146211;21,96608191
1742918400;69,63910515;21,76222036
1742922000;68,171302;21,30353188
1742925600;65,07260645;20,33518952
1742929200;61,9739109;19,36684716
1742932800;54,30871666;16,97147396
1742936400;49,25295025;15,39154695
1742940000;48,92677177;15,28961618
1742943600;49,44273853;15,45085579
1742947200;50,84647559;15,88952362
1742950800;54,43380362;17,01056363
1742954400;59,42486871;18,57027147
1742958000;71,74656065;22,4208002
1742961600;82,35257396;25,73517936
1742965200;86,25184356;26,95370111
1742968800;84,38019415;26,36881067
1742972400;80,63689534;25,19902979
1742976000;76,42568417;23,8830263
1742979600;71,90253143;22,46954107
1742983200;68,62714497;21,4459828
1742986800;66,75549556;20,86109236
1742990400;65,66370007;20,51990627
1742994000;66,13161242;20,66612888
1742997600;66,75549556;20,86109236
1743001200;65,97564164;20,61738801
1743004800;64,4159338;20,12997931
1743008400;63,01219674;19,69131148
1743012000;62,23234282;19,44760713
1743015600;58,17710244;18,18034451
1743019200;51,00244637;15,93826449
1743022800;46,47929364;14,52477926
1743026400;46,7912352;14,622261
1743030000;44,45079241;13,89087263
1743033600;46,21121983;14,4410062
1743037200;50,61228839;15,81634012
1743040800;58,24080722;18,20025226
1743044400;67,92315804;21,22598689
1743048000;79,65934086;24,89354402
1743051600;84,35381398;26,36056687
1743055200;85,23402769;26,63563365
1743058800;77,89891344;24,34341045
1743062400;72,3242266;22,60132081
1743066000;67,48305119;21,0884535
1743069600;64,25560091;20,07987528
1743073200;61,90836435;19,34636386
1743076800;61,02815064;19,07129708
1743080400;60,00123464;18,75038583
1743084000;59,85453236;18,70454136
1743087600;60,88144835;19,02545261
1743091200;59,56112779;18,61285243
1743094800;59,70783007;18,6586969
1743098400;59,26772322;18,52116351
1743102000;55,60016609;17,3750519
1743105600;47,09143355;14,71607298
1743109200;41,95685356;13,11151674
1743112800;41,66344899;13,01982781
1743116400;40,82558209;12,7579944
1743120000;42,44243683;13,26326151
1743123600;46,48457367;14,52642927
1743127200;53,49094419;16,71592006
1743130800;62,38364524;19,49488914
1743134400;73,16267682;22,86333651
1743138000;77,47428945;24,21071545
1743141600;78,28271681;24,463349
1743145200;71,54582208;22,3580694
1743148800;66,42578208;20,7580569
1743152400;61,97943156;19,36857236
1743156000;59,01519787;18,44224933
1743159600;56,85939156;17,76855986
1743163200;56,05096419;17,51592631
1743166800;55,10779893;17,22118717
1743170400;54,97306103;17,17908157
1743174000;55,9162263;17,47382072
1743177600;54,70358524;17,09487039
1743181200;54,83832314;17,13697598
1743184800;54,43410945;17,0106592
1743188400;51,06566209;15,9580194
1743192000;43,25086419;13,51589506
1743195600;38,53503788;12,04219934
1743199200;38,26556209;11,95798815
1743202800;37,45489522;11,70465476
1743206400;38,7160028;12,09875088
1743210000;41,61655024;13,00517195
1743213600;47,41764513;14,8180141
1743217200;55,23651214;17,26141004
1743220800;68,60425252;21,43882891
1743224400;73,39646134;22,93639417
1743228000;74,27923665;23,21226145
1743231600;68,09980949;21,28119047
1743235200;63,30760067;19,78362521
1743238800;59,01983489;18,4436984
1743242400;55,86706593;17,4584581
1743246000;53,59707228;16,74908509
1743249600;52,84040773;16,51262742
1743253200;51,83152167;16,19735052
1743256800;51,20096787;16,00030246
1743260400;51,83152167;16,19735052
1743264000;52,08374318;16,27616974
1743267600;51,95763242;16,23676013
1743271200;51,20096787;16,00030246
1743274800;48,42653119;15,133291
1743278400;41,23821797;12,88694312
1743282000;36,69823067;11,46819708
1743285600;35,31101233;11,03469135
1743289200;36,8358587;11,51120584
1743292800;36,8358587;11,51120584
1743296400;41,65100363;13,01593863
1743296400;48,39220653;15,12256454
1743300000;57,17984602;17,86870188
1743303600;68,4954366;21,40482394
1743307200;70,66225182;22,08195369
1743310800;68,85657247;21,5176789
1743314400;63,55991305;19,86247283
1743318000;58,86514675;18,39535836
1743321600;56,33719566;17,60537364
1743325200;53,08697283;16,58967901
1743328800;45,86425544;14,33257983
1743332400;44,90122645;14,03163327
1743336000;45,74387682;14,29496151
1743339600;46,94766305;14,6711447
1743343200;48,39220653;15,12256454
1743346800;50,19788588;15,68683934
1743350400;48,2718279;15,08494622
1743354000;49,11447827;15,34827446
1743357600;47,1884203;14,74638134
1743361200;43,33630435;13,54259511
1743364800;36,71548008;11,47358753
1743368400;36,23396558;11,32311424
1743372000;44,01722104;13,75538158
1743375600;40,17444777;12,55451493
1743379200;46,46262221;14,51956944
1743382800;56,24422688;17,5763209
1743386400;68,82057575;21,50642992
1743390000;58,4567327;18,26772897
1743393600;57,87449433;18,08577948
1743397200;54,14816874;16,92130273
1743400800;52,40145362;16,37545426
1743404400;48,90802338;15,28375731
1743408000;47,74354663;14,91985832
1743411600;45,18169779;14,11928056
1743415200;42,96919197;13,42787249
1743418800;44,48301174;13,90094117
1743422400;42,73629662;13,35509269
1743426000;45,88038384;14,33761995
1743429600;48,325785;15,10180781
1743433200;48,67512803;15,21097751
1743436800;48,7915757;15,24736741
1743440400;51,00408152;15,93877548
1743444000;48,7915757;15,24736741
1743447600;45,88038384;14,33761995
1743451200;39,1264187;12,22700584
1743454800;37,37970358;11,68115737
1743458400;38,74084218;12,10651318
1743462000;40,11996601;12,53748938
1743465600;44,00658771;13,75205866
1743469200;50,52608219;15,78940068
1743472800;58,2993256;18,21853925
1743476400;67,32631796;21,03947436
1743480000;71,33831456;22,2932233
1743483600;69,58306604;21,74470814
1743487200;65,06956987;20,33424058
1743490800;61,05757327;19,08049165
1743494400;56,04257752;17,51330548
1743498000;54,287329;16,96479031
1743501600;51,40370645;16,06365827
1743505200;50,52608219;15,78940068
1743508800;50,02458261;15,63268207
1743512400;51,52908134;16,10283792
1743516000;51,77983113;16,18119723
1743519600;53,03358007;16,57299377
1743523200;52,78283028;16,49463446
1743526800;52,2813307;16,33791584
1743530400;48,89620857;15,28006518
1743534000;42,2513392;13,2035435
1743537600;36,98559366;11,55799802
1743541200;35,60646983;11,12702182
1743544800;40,563515;12,67609844
1743548400;42,16999084;13,17812214
1743552000;46,18618045;14,43318139
1743555600;53,14757576;16,60861743
1743559200;61,98319289;19,36974778
1743562800;72,69303184;22,71657245
1743566400;76,97696742;24,05530232
1743570000;77,78020534;24,30631417
1743573600;71,086556;22,21454875
1743577200;65,9993825;20,62480703
1743580800;61,58157393;19,24424185
1743584400;58,63636822;18,32386507
1743588000;56,49440043;17,65450013
1743591600;55,69116251;17,40348828
1743595200;54,7540516;17,11064113
1743598800;54,62017862;17,06880582
1743602400;55,55728953;17,36165298
1743606000;54,35243264;16,9851352
1743609600;54,48630563;17,02697051
1743613200;54,08468667;16,90146458
1743616800;50,737862;15,85558188
1743620400;42,97322877;13,42913399
1743624000;38,28767423;11,9648982
1743627600;38,01992825;11,88122758
1743631200;32,63539975;10,19856242
1743634800;33,92789083;10,60246588
1743638400;37,15911852;11,61222454
1743642000;42,7599132;13,36247288
1743645600;49,86861413;15,58394192
1743649200;58,48522133;18,27663167
1743652800;61,9318642;19,35370756
1743656400;62,57810974;19,55565929
1743660000;57,19273025;17,8727282
1743663600;53,09984183;16,59370057
1743667200;49,54549136;15,48296605
1743670800;47,17592439;14,74247637
1743674400;45,45260295;14,20393842
1743678000;44,80635741;14,00198669
1743681600;44,05240428;13,76637634
1743685200;43,94469669;13,73271772
1743688800;44,69864982;13,96832807
1743692400;43,72928151;13,66540047
1743696000;43,8369891;13,69905909
1743699600;43,51386633;13,59808323
1743703200;40,82117658;12,75661768
1743706800;34,57413636;10,80441761
1743710400;30,80437072;9,62636585
1743714000;30,58895554;9,559048606
1743717600;18,45794076;5,768106488
1743721200;19,76745683;6,177330259
1743724800;21,45112035;6,703475109
1743728400;25,69145809;8,028580653
1743732000;31,86489098;9,957778431
1743735600;39,7843453;12,43260791
1743739200;40,90678764;12,78337114
1743742800;37,66417642;11,77005513
1743746400;34,73335475;10,85417336
1743750000;31,36602772;9,801883663
1743753600;28,80935349;9,002922966
1743757200;26,50211089;8,281909653
1743760800;25,06787901;7,833712191
1743764400;23,4465734;7,327054188
1743768000;22,94771014;7,171159419
1743771600;22,38648897;6,995777803
1743775200;22,38648897;6,995777803
1743778800;22,88535223;7,151672572
1743782400;24,63137365;7,697304266
1743786000;24,31958412;7,599870038
1743789600;24,00779458;7,502435806
1743793200;21,01461499;6,567067184
1743796800;16,64956143;5,202987947
1743800400;16,77427725;5,241961641
1743804000;15,27499657;4,773436428
1743807600;15,47598337;4,836244803
1743811200;16,63165745;5,197392953
1743814800;19,54596601;6,108114378
1743818400;23,86718214;7,458494419
1743822000;31,30369363;9,782404259
1743825600;32,86134131;10,26916916
1743829200;30,75097994;9,609681231
1743832800;28,23864498;8,824576556
1743836400;25,47507652;7,960961413
1743840000;23,01298826;7,191558831
1743843600;22,41002786;7,003133706
1743847200;20,55089999;6,422156247
1743850800;19,04349902;5,951093444
1743854400;18,44053862;5,762668319
1743858000;18,03856503;5,637051572
1743861600;18,23955183;5,699859947
1743865200;18,64152542;5,825476694
1743868800;20,45040659;6,390752059
1743872400;19,8474462;6,202326938
1743876000;19,7971995;6,186624844
1743879600;17,23461784;5,385818075
1743883200;13,5666088;4,23956525
1743886800;13,71734889;4,286671528
1743890400;15,28790474;4,777470231
1743894000;15,73462923;4,917071634
1743897600;16,82662242;5,258319506
1743901200;20,35078228;6,359619463
1743904800;23,52748976;7,35234055
1743908400;29,43418022;9,198181319
1743912000;31,66780267;9,896188334
1743915600;29,93054077;9,353293991
1743919200;26,90274145;8,407106703
1743922800;25,66184009;8,019325028
1743926400;23,18003738;7,243761681
1743930000;21,88949996;6,840468738
1743933600;18,61352038;5,816725119
1743937200;19,01060881;5,940815253
1743940800;18,266068;5,70814625
1743944400;17,37261902;5,428943444
1743948000;17,42225507;5,444454709
1743951600;18,76242854;5,863258919
1743955200;19,40769725;6,064905391
1743958800;18,76242854;5,863258919
1743962400;19,75514963;6,173484259
1743966000;17,52152718;5,475477244
1743969600;14,8908163;4,653380094
1743973200;16,13171766;5,041161769
1743976800;21,68993763;6,778105509
1743980400;22,93122924;7,166009138
1743984000;28,74570047;8,983031397
1743987600;38,08805312;11,9025166
1743991200;44,75182914;13,98494661
1743994800;33,64553578;10,51422993
1743998400;37,82672857;11,82085268
1744002000;32,73089985;10,2284062
1744005600;28,81103161;9,003447378
1744009200;27,83106454;8,697207669
1744012800;26,39377952;8,2480561
1744016400;25,08715677;7,839736491
1744020000;23,25788492;7,268089038
1744023600;23,58454061;7,370168941
1744027200;22,99656037;7,186425116
1744030800;23,25788492;7,268089038
1744034400;23,3885472;7,308921
1744038000;24,89116336;7,77848855
1744041600;26,5244418;8,288888063
1744045200;26,65510407;8,329720022
1744048800;26,85109748;8,390967963
1744052400;24,10718971;7,533496784
1744056000;20,31798374;6,349369919
1744059600;18,94602985;5,920634328
1744063200;33,34556152;10,42048798
1744066800;34,53262035;10,79144386
1744070400;37,87796795;11,83686498
1744074000;43,48951875;13,59047461
1744077600;50,18021394;15,68131686
1744081200;57,95005352;18,10939173
1744084800;61,40331556;19,18853611
1744088400;59,89251342;18,71641044
1744092000;56,00759363;17,50237301
1744095600;52,55433159;16,42322862
1744099200;48,23775405;15,07429814
1744102800;46,72695191;14,60217247
1744106400;44,24491982;13,82653744
1744110000;43,48951875;13,59047461
1744113600;43,057861;13,45558156
1744117200;44,35283426;13,86026071
1744120800;44,56866314;13,92770723
1744124400;45,64780752;14,26493985
1744128000;45,43197865;14,19749333
1744131600;45,00032089;14,06260028
1744135200;42,08663105;13,1520722
1744138800;36,36716581;11,36473932
1744142400;31,83475938;9,948362306
1744146000;30,64770056;9,577406425
1744149600;37,97483367;11,86713552
1744153200;39,47878748;12,33712109
1744156800;43,238672;13,512085
1744160400;49,75580517;15,54868912
1744164000;58,02755111;18,13360972
1744167600;68,05390984;21,26684683
1744171200;72,06445333;22,52014167
1744174800;72,81643023;22,75513445
1744178400;66,54995603;20,79686126
1744182000;61,78743564;19,30857364
1744185600;57,65156266;18,01611333
1744189200;54,89431401;17,15447313
1744192800;52,88904227;16,52782571
1744196400;52,13706536;16,29283293
1744200000;51,25975898;16,01867468
1744203600;51,13442949;15,97950922
1744207200;52,01173588;16,25366746
1744210800;50,88377052;15,90117829
1744214400;51,00910001;15,94034375
1744218000;50,63311156;15,82284736
1744221600;47,49987445;14,84371077
1744225200;40,23076438;12,57211387
1744228800;35,84423244;11,20132264
1744232400;35,59357347;11,12299171
1744236000;33,58022529;10,4938204
1744239600;34,9101352;10,90941725
1744243200;38,23490998;11,94840937
1744246800;43,99785294;13,74932904
1744250400;51,31235745;16,0351117
1744254000;60,17842354;18,80575736
1744257600;63,72484997;19,91401562
1744261200;64,38980493;20,12181404
1744264800;58,84851362;18,39016051
1744268400;54,63713223;17,07410382
1744272000;50,97987998;15,93121249
1744275600;48,5417118;15,16928494
1744279200;46,76849859;14,61515581
1744282800;46,10354363;14,40735738
1744286400;45,32776285;14,16492589
1744290000;45,21693702;14,13029282
1744293600;45,9927178;14,37272431
1744297200;44,99528537;14,06102668
1744300800;45,1061112;14,09565975
1744304400;44,77363372;13,99176054
1744308000;42,00298807;13,12593377
1744311600;35,57509016;11,11721568
1744315200;31,69618625;9,905058203
1744318800;31,47453459;9,835792059
1744322400;28,76193679;8,988105247
1744326000;29,90102339;9,344069809
1744329600;32,74873991;10,23398122
1744333200;37,68478186;11,77649433
1744336800;43,94975819;13,73429943
1744340400;51,5436689;16,10739653
1744344000;54,58123318;17,05663537
1744347600;55,15077648;17,23461765
1744351200;50,40458229;15,75143197
1744354800;46,79747471;14,62421085
1744358400;43,66498654;13,64530829
1744362000;41,5766611;12,99270659
1744365600;40,05787896;12,51808718
1744369200;39,48833565;12,34010489
1744372800;38,82386847;12,1324589
1744376400;38,72894458;12,10279518
1744380000;39,39341177;12,31044118
1744383600;38,53909682;12,04346776
1744387200;38,6340207;12,07313147
1744390800;38,34924905;11,98414033
1744394400;35,97615195;11,24254748
1744398000;30,4705667;9,522052094
1744401600;27,14823076;8,483822113
1744405200;26,958383;8,424494688
1744408800;29,65773477;9,268042116
1744412400;30,6563117;9,580097406
1744416000;32,95303863;10,29782457
1744419600;37,5464925;11,73327891
1744423200;43,73766946;13,66802171
1744426800;54,3225849;16,97580778
1744430400;58,11717722;18,16161788
1744434000;58,81618107;18,38005658
1744437600;53,92315412;16,85098566
1744441200;50,1285618;15,66517556
1744444800;46,73340024;14,60418758
1744448400;44,23695792;13,82404935
1744452000;42,43951945;13,26234983
1744455600;41,84037329;13,07511665
1744459200;41,04151175;12,82547242
1744462800;40,54222329;12,66944478
1744466400;41,04151175;12,82547242
1744470000;41,24122714;12,88788348
1744473600;41,14136944;12,85667795
1744477200;40,54222329;12,66944478
1744480800;38,34535404;11,98292314
1744484400;32,65346555;10,20420798
1744488000;29,05858861;9,080808941
1744491600;27,96015399;8,737548122
1744495200;22,2849166;6,964036438
1744498800;22,2849166;6,964036438
1744502400;25,19797759;7,874367997
1744506000;29,27626298;9,148832181
1744509600;34,59259929;10,81018728
1744513200;41,43829263;12,94946645
1744516800;42,74917007;13,35911565
1744520400;41,6567722;13,01774131
1744524000;38,45240511;12,0163766
1744527600;35,61217064;11,12880333
1744531200;34,08281362;10,65087926
1744534800;32,11649745;10,03640545
1744538400;27,74690596;8,670908113
1744542000;27,16429376;8,4888418
1744545600;27,67407943;8,648149822
1744549200;28,40234468;8,875732713
1744552800;29,27626298;9,148832181
1744556400;30,36866085;9,490206516
1744560000;29,20343646;9,126073894
1744563600;29,71322213;9,285381916
1744567200;28,54799773;8,921249291
1744570800;26,21754894;8,192984044
1744574400;22,21209007;6,941278147
1744578000;21,92078397;6,850244991
1744581600;22,17924211;6,931013159
1744585200;23,44853609;7,327667528
1744588800;29,39417629;9,185680091
1744592400;38,94728358;12,17102612
1744596000;45,76138809;14,30043378
1744599600;34,40454725;10,75142102
1744603200;38,6800638;12,08751994
1744606800;33,469278;10,45914938
1744610400;29,46098124;9,206556638
1744614000;28,45890704;8,89340845
1744617600;26,98919823;8,434124447
1744621200;25,65309931;8,016593534
1744624800;23,78256082;7,432050256
1744628400;24,11658555;7,536432984
1744632000;23,51534103;7,348544072
1744635600;23,78256082;7,432050256
1744639200;23,91617071;7,473803347
1744642800;25,45268447;7,953963897
1744646400;27,12280812;8,475877538
1744650000;27,25641801;8,517630628
1744653600;27,45683285;8,580260266
1744657200;24,65102512;7,70344535
1744660800;20,77633824;6,4926057
1744664400;19,37343437;6,054198241
1744668000;24,68201664;7,7131302
1744671600;25,56066448;7,98770765
1744675200;28,03685386;8,761516831
1744678800;32,19046183;10,05951932
1744682400;37,14284058;11,60713768
1744686000;42,89399009;13,4043719
1744689600;45,45005654;14,20314267
1744693200;44,33177746;13,85368046
1744696800;41,45620271;12,95506335
1744700400;38,90013626;12,15629258
1744704000;35,7050532;11,15782913
1744707600;34,58677413;10,80836692
1744711200;32,74960137;10,23425043
1744714800;32,19046183;10,05951932
1744718400;31,87095353;9,959672978
1744722000;32,82947845;10,25921202
1744725600;32,9892326;10,30913519
1744729200;33,78800336;10,55875105
1744732800;33,62824921;10,50882788
1744736400;33,30874091;10,40898153
1744740000;31,15205984;9,7350187
1744743600;26,91857478;8,412054619
1744747200;23,56373757;7,363667991
1744750800;22,68508973;7,089090541
1744754400;24,49634497;7,655107803
1744758000;25,46649724;7,958280388
1744761600;27,89187793;8,716211853
1744765200;32,09587113;10,02995973
1744768800;37,43170865;11,69740895
1744772400;43,89939049;13,71855953
1744776000;46,48646322;14,52701976
1744779600;46,97153936;14,67860605
1744783200;42,92923821;13,41538694
1744786800;39,85708934;12,45534042
1744790400;37,18917058;11,62161581
1744794000;35,41055807;11,0657994
1744797600;34,1170217;10,66156928
1744801200;33,63194557;10,50998299
1744804800;33,0660234;10,33313231
1744808400;32,98517738;10,30786793
1744812000;33,55109954;10,48471861
1744815600;32,82348534;10,25733917
1744819200;32,90433136;10,28260355
1744822800;32,66179329;10,2068104
1744826400;30,64064271;9,575200847
1744830000;25,95157338;8,109866681
1744833600;23,12196258;7,225613306
1744837200;22,96027053;7,175084541
1744840800;26,14209702;8,169405319
1744844400;27,17742759;8,492946122
1744848000;29,76575403;9,301798134
1744851600;34,25218652;10,70380829
1744855200;39,94650469;12,48328272
1744858800;46,84870852;14,64022141
1744862400;49,60959005;15,50299689
1744866000;50,12725534;15,66476729
1744869600;45,81337795;14,31668061
1744873200;42,53483112;13,29213473
1744876800;39,68767204;12,40239751
1744880400;37,78956599;11,80923937
1744884000;36,40912522;11,37785163
1744887600;35,89145993;11,21608123
1744891200;35,2875171;11,02734909
1744894800;35,20123955;11,00038736
1744898400;35,80518239;11,1891195
1744902000;35,02868446;10,94646389
1744905600;35,114962;10,97342563
1744909200;34,85612936;10,89254043
1744912800;32,69919066;10,21849708
1744916400;27,69509288;8,654716525
1744920000;24,67537871;7,711055847
1744923600;24,50282361;7,657132378
1744927200;35,22848767;11,0089024
1744930800;36,6236753;11,44489853
1744934400;40,11164437;12,53488887
1744938000;46,15745744;14,42420545
1744941600;53,8309894;16,82218419
1744945200;63,13224027;19,72882508
1744948800;66,85274062;20,89148144
1744952400;67,55033444;21,10947951
1744956000;61,73705264;19,29282895
1744959600;57,31895848;17,91217453
1744963200;53,4821925;16,71318516
1744966800;50,92434851;15,91385891
1744970400;49,06409833;15,33253073
1744974000;48,36650452;15,11453266
1744977600;47,55264507;14,86020158
1744981200;47,43637943;14,82386857
1744984800;48,25023888;15,07819965
1744988400;47,20384816;14,75120255
1744992000;47,3201138;14,78753556
1744995600;46,97131689;14,67853653
1744999200;44,06467599;13,77021125
1745002800;37,32126911;11,6628966
1745006400;33,25197186;10,39124121
1745010000;33,01944059;10,31857518
1745013600;43,4955067;13,59234584
1745017200;39,69827992;12,40571248
1745020800;45,91192374;14,34747617
1745024400;55,57759189;17,36799747
1745028000;68,00487952;21,25152485
1745031600;57,76387397;18,05121062
1745035200;57,18853658;17,87141768
1745038800;53,50637729;16,7207429
1745042400;51,78036512;16,1813641
1745046000;48,32834077;15,10260649
1745049600;47,17766599;14,74302062
1745053200;44,64618148;13,95193171
1745056800;42,45989939;13,26871856
1745060400;43,95577661;13,73618019
1745064000;42,22976444;13,19680139
1745067600;45,33658635;14,16768323
1745071200;47,75300338;14,92281356
1745074800;48,09820582;15,03068932
1745078400;48,2132733;15,06664791
1745082000;50,39955538;15,74986106
1745085600;48,2132733;15,06664791
1745089200;45,33658635;14,16768323
1745092800;38,66267262;12,08208519
1745096400;36,93666045;11,54270639
1745100000;33,88792897;10,5899778
1745103600;33,88792897;10,5899778
1745107200;38,3177236;11,97428863
1745110800;44,51943609;13,91232378
1745114400;52,60381131;16,43869103
1745118000;63,0138287;19,69182147
1745121600;65,00723629;20,31476134
1745125200;63,3460633;19,79564478
1745128800;58,4732892;18,27290288
1745132400;54,15423943;16,92319982
1745136000;51,82859724;16,19643664
1745139600;48,83848586;15,26202683
1745143200;42,19379391;13,1855606
1745146800;41,30783498;12,90869843
1745150400;42,08304904;13,15095283
1745154000;43,1904977;13,49703053
1745157600;44,51943609;13,91232378
1745161200;46,18060908;14,43144034
1745164800;44,40869123;13,87771601
1745168400;45,18390529;14,1199704
1745172000;43,41198743;13,56624607
1745175600;39,86815173;12,45879742
1745179200;33,7771841;10,55537003
1745182800;33,33420464;10,41693895
1745186400;47,73576718;14,91742724
1745190000;43,56835893;13,61511217
1745193600;50,38775424;15,7461732
1745197200;60,9957025;19,06115703
1745200800;74,63449313;23,3232791
1745204400;63,39511937;19,8109748
1745208000;62,76369388;19,61365434
1745211600;58,72257073;18,35080335
1745215200;56,82829426;17,75884196
1745218800;53,03974131;16,57491916
1745222400;51,77689032;16,18027823
1745226000;48,99861816;15,31206818
1745229600;46,59920129;14,5622504
1745233200;48,24090757;15,07528362
1745236800;46,3466311;14,48332222
1745240400;49,75632875;15,54885273
1745244000;52,40831582;16,37759869
1745247600;52,78717111;16,49599097
1745251200;52,91345621;16,53545507
1745254800;55,31287308;17,28527284
1745258400;52,91345621;16,53545507
1745262000;49,75632875;15,54885273
1745265600;42,43179305;13,25993533
1745269200;40,53751657;12,66797393
1745272800;44,85114855;14,01598392
1745276400;40,93557209;12,79236628
1745280000;47,34287903;14,7946497
1745283600;57,30980093;17,90931279
1745287200;70,1244148;21,91387963
1745290800;59,56422374;18,61381992
1745294400;58,97095458;18,42842331
1745298000;55,17403195;17,24188498
1745301600;53,39422447;16,68569515
1745305200;49,8346095;15,57331547
1745308800;48,64807118;15,20252224
1745312400;46,03768687;14,38677715
1745316000;43,78326406;13,68227002
1745319600;45,32576388;14,16430121
1745323200;43,5459564;13,60811138
1745326800;46,74960987;14,60925308
1745330400;49,24134034;15,38791886
1745334000;49,59730184;15,49915683
1745337600;49,71595567;15,53623615
1745341200;51,97037848;16,24074328
1745344800;49,71595567;15,53623615
1745348400;46,74960987;14,60925308
1745352000;39,8676876;12,45865238
1745355600;38,08788012;11,90246254
1745359200;38,17549719;11,92984287
1745362800;39,68739807;12,4023119
1745366400;43,46715026;13,58348446
1745370000;50,01872074;15,63085023
1745373600;58,33417557;18,22942987
1745377200;68,41351476;21,37922336
1745380800;72,44525044;22,63914076
1745384400;73,20120088;22,87537528
1745388000;66,90161388;20,90675434
1745391600;62,11392777;19,41060243
1745395200;57,95620035;18,11131261
1745398800;55,18438207;17,2451194
1745402400;53,16851423;16,6151607
1745406000;52,4125638;16,37892619
1745409600;51,53062162;16,10331926
1745413200;51,40462988;16,06394684
1745416800;52,28657206;16,33955377
1745420400;51,1526464;15,985202
1745424000;51,27863814;16,02457442
1745427600;50,90066292;15,90645716
1745431200;47,75086942;14,92214669
1745434800;40,44334851;12,63854641
1745438400;36,03363761;11,26051175
1745442000;35,78165413;11,18176692
1745445600;43,36342596;13,55107061
1745449200;45,08078937;14,08774668
1745452800;49,37419788;15,42943684
1745456400;56,81610596;17,75503311
1745460000;66,26160469;20,70675147
1745463600;77,71069405;24,28459189
1745467200;82,2903298;25,71572806
1745470800;83,1490115;25,98406609
1745474400;75,99333065;23,74791583
1745478000;70,5550132;22,04844163
1745481600;65,83226384;20,57258245
1745485200;62,68376426;19,58867633
1745488800;60,39394639;18,87310825
1745492400;59,53526469;18,60477022
1745496000;58,53346937;18,29170918
1745499600;58,39035575;18,24698617
1745503200;59,39215107;18,56004721
1745506800;58,10412852;18,15754016
1745510400;58,24724213;18,20226317
1745514000;57,81790128;18,06809415
1745517600;54,24006086;16,95001902
1745521200;45,93947107;14,35608471
1745524800;40,93049447;12,79077952
1745528400;40,64426724;12,70133351
1745532000;53,40938114;16,69043161
1745535600;54,92573581;17,16429244
1745539200;58,80086441;18,37527013
1745542800;64,19234768;20,06010865
1745546400;77,502572;24,21955375
1745550000;88,95947394;27,79983561
1745553600;93,17157025;29,1161157
1745557200;91,14976402;28,48430126
1745560800;87,10615157;27,22067237
1745564400;82,55708756;25,79908986
1745568000;77,67105585;24,27220495
1745571600;74,13289495;23,16652967
1745575200;72,11108873;22,53471523
1745578800;70,93170176;22,1661568
1745582400;71,43715332;22,32411041
1745586000;72,11108873;22,53471523
1745589600;71,26866947;22,27145921
1745593200;69,58383095;21,74494717
1745596800;68,06747628;21,27108634
1745600400;67,22505701;21,00783032
1745604000;62,84447686;19,63889902
1745607600;55,09421966;17,21694364
1745611200;50,20818795;15,69005873
1745614800;50,54515565;15,79536114
1745618400;55,62833148;17,38385359
1745622000;57,58958676;17,99674586
1745625600;60,08572984;18,77679058
1745629200;65,43460786;20,44831496
1745632800;79,51998667;24,84999583
1745636400;95,38832481;29,8088515
1745640000;100,202315;31,31322344
1745643600;97,52787603;30,47746126
1745647200;92,89218174;29,02880679
1745650800;88,43478338;27,63586981
1745654400;83,26420129;26,0200629
1745658000;78,80680293;24,62712592
1745661600;76,31065985;23,8470812
1745665200;74,88429238;23,40134137
1745668800;75,24088425;23,51277633
1745672400;75,95406798;23,73564624
1745676000;75,24088425;23,51277633
1745679600;74,17110864;23,17847145
1745683200;73,10133304;22,84416658
1745686800;71,31837369;22,28699178
1745690400;67,21756721;21,00548975
1745694000;59,19425017;18,49820318
1745697600;52,95389247;16,5480914
1745701200;52,77559653;16,49237392
1745704800;52,99951259;16,56234768
1745708400;55,54756608;17,3586144
1745712000;59,11484097;18,4733878
1745715600;64,55068841;20,17209013
1745719200;78,81978796;24,63118374
1745722800;94,6177196;29,56803738
1745726400;93,93823866;29,35569958
1745730000;91,22031494;28,50634842
1745733600;85,44472703;26,7014772
1745737200;81,87745215;25,5867038
1745740800;79,32939866;24,79043708
1745744400;73,04420005;22,82631252
1745748000;68,627574;21,44611688
1745751600;67,43848237;21,07452574
1745755200;67,94809307;21,23377908
1745758800;70,15640609;21,9238769
1745762400;71,85510842;22,45472138
1745766000;71,51536795;22,34855248
1745769600;69,30705493;21,65845467
1745773200;67,26861214;21,02144129
1745776800;67,0987419;20,96835684
1745780400;59,2847112;18,52647225
1745784000;53,67899352;16,77468548
1745787600;54,35847445;16,98702327
1745791200;56,56845759;17,677643
1745794800;55,73656851;17,41767766
1745798400;63,38994806;19,80935877
1745802000;76,86655119;24,02079725
1745805600;91,34142122;28,54419413
1745809200;81,02599661;25,32062394
1745812800;80,02772971;25,00866553
1745816400;78,86308499;24,64471406
1745820000;75,03639521;23,4488735
1745823600;71,54246107;22,35701908
1745827200;70,54419417;22,04506068
1745830800;66,88388221;20,90121319
1745834400;65,05372623;20,32928945
1745838000;66,71750439;20,84922012
1745841600;68,21490474;21,31715773
1745845200;67,21663784;21,00519933
1745848800;71,70883888;22,40901215
1745852400;72,54072797;22,66897749
1745856000;71,04332762;22,20103988
1745859600;71,04332762;22,20103988
1745863200;69,04679382;21,57712307
1745866800;60,56152518;18,92547662
1745870400;58,06585794;18,14558061
1745874000;54,73830161;17,10571925
1745877600;53,55858143;16,7370567
1745881200;55,10354051;17,21985641
1745884800;59,91007987;18,72189996
1745888400;65,4032677;20,43852116
1745892000;79,30789942;24,78371857
1745895600;90,63759934;28,32424979
1745899200;93,38419326;29,18256039
1745902800;91,32424782;28,53882744
1745906400;87,54768118;27,35865037
1745910000;83,59945242;26,12482888
1745913600;78,79291306;24,62278533
1745917200;74,50136006;23,28167502
1745920800;73,29972522;22,90616413
1745924400;72,09809038;22,53065324
1745928000;72,44141462;22,63794207
1745931600;72,61307674;22,69158648
1745935200;73,9863737;23,12074178
1745938800;73,29972522;22,90616413
1745942400;71,75476614;22,42336442
1745946000;68,49318586;21,40412058
1745949600;65,23160558;20,38487674
1745953200;57,16348595;17,86358936
1745956800;51,84196023;16,20061257
1745960400;51,49863599;16,09332375
1745964000;45,85316524;14,32911414
1745967600;47,66913218;14,89660381
1745971200;52,20904953;16,31532798
1745974800;60,0782396;18,77444988
1745978400;70,06605777;21,89564305
1745982000;82,17250404;25,67890751
1745985600;87,01508255;27,1922133
1745989200;87,92306602;27,47595813
1745992800;80,3565371;25,11141784
1745996400;74,60597512;23,31436723
1746000000;69,61206604;21,75377064
1746003600;66,28279331;20,71337291
1746007200;63,86150406;19,95672002
1746010800;62,95352059;19,67297518
1746014400;61,89420654;19,34193954
1746018000;61,74287596;19,29464874
1746021600;62,80219001;19,62568438
1746025200;61,44021481;19,20006713
1746028800;61,59154539;19,24735793
1746032400;61,13755365;19,10548552
1746036000;57,35428919;17,92321537
1746039600;48,57711565;15,18034864
1746043200;43,28054541;13,52517044
1746046800;42,97788425;13,43058883
1746050400;45,30293453;14,15716704
1746054000;41,34791643;12,92122388
1746057600;47,81976422;14,94367632
1746061200;57,88708301;18,08971344
1746064800;70,83077859;22,13461831
1746068400;60,16421464;18,80131708
1746072000;59,56496947;18,61405296
1746075600;55,72980041;17,41556263
1746079200;53,93206492;16,85377029
1746082800;50,33659392;15,7301856
1746086400;49,13810359;15,35565737
1746090000;46,50142486;14,53169527
1746093600;44,22429323;13,82009163
1746097200;45,78233066;14,30697833
1746100800;43,98459516;13,74518599
1746104400;47,22051906;14,75641221
1746108000;49,73734876;15,54292149
1746111600;50,09689585;15,65527995
1746115200;50,21674489;15,69273278
1746118800;52,49387652;16,40433641
1746122400;50,21674489;15,69273278
1746126000;47,22051906;14,75641221
1746129600;40,26927514;12,58414848
1746133200;38,47153964;12,02235614
1746136800;30,52062963;9,537696759
1746140400;31,72936744;9,915427325
1746144000;34,75121196;10,85975374
1746147600;39,98907579;12,49658618
1746151200;46,63713373;14,57410429
1746154800;54,69538578;17,09230806
1746158400;57,9186866;18,09958956
1746162000;58,5230555;18,28845484
1746165600;53,48664797;16,71457749
1746169200;49,65897825;15,5184307
1746172800;46,33494928;14,47967165
1746176400;44,11892996;13,78716561
1746180000;42,50727955;13,28352486
1746183600;41,90291065;13,09465958
1746187200;41,1978136;12,87431675
1746190800;41,09708545;12,8428392
1746194400;41,8021825;13,06318203
1746198000;40,89562914;12,77988411
1746201600;40,9963573;12,81136166
1746205200;40,69417284;12,71692901
1746208800;38,17596908;11,92999034
1746212400;32,33373634;10,10429261
1746216000;28,80825107;9,002578459
1746219600;28,60679477;8,939623366
1746223200;19,79577076;6,186178363
1746226800;20,05624143;6,267575447
1746230400;21,55394777;6,735608678
1746234000;25,33077246;7,915866394
1746237600;30,93089182;9,665903694
1746241200;40,56830653;12,67759579
1746244800;42,58695421;13,30842319
1746248400;39,8520122;12,45375381
1746252000;36,59612885;11,43629027
1746255600;33,01465716;10,31708036
1746259200;29,82389148;9,319966088
1746262800;29,04247948;9,075774838
1746266400;26,6331258;8,322851813
1746270000;24,67959579;7,712373684
1746273600;23,89818378;7,468182431
1746277200;23,37724245;7,305388266
1746280800;23,63771312;7,38678535
1746284400;24,15865445;7,549579516
1746288000;26,50289046;8,282153269
1746291600;25,72147846;8,037962019
1746295200;25,65636079;8,017612747
1746298800;22,33535978;6,979799931
1746302400;17,58177009;5,494303153
1746306000;17,77712309;5,555350966
1746309600;20,47045879;6,397018372
1746313200;21,06862155;6,583944234
1746316800;22,53079718;7,040874119
1746320400;27,2496367;8,515511469
1746324000;31,50323853;9,844762041
1746327600;39,41227943;12,31633732
1746331200;42,40309321;13,25096663
1746334800;40,07690471;12,52403272
1746338400;36,02269047;11,25709077
1746342000;34,36112726;10,73785227
1746345600;31,03800083;9,699375259
1746349200;29,30997509;9,159367216
1746352800;24,92344821;7,788577566
1746356400;25,45514843;7,954733884
1746360000;24,45821051;7,643190784
1746363600;23,26188499;7,269339059
1746367200;23,32834752;7,2901086
1746370800;25,12283579;7,850886184
1746374400;25,98684866;8,120890206
1746378000;25,12283579;7,850886184
1746381600;26,45208636;8,266276988
1746385200;23,46127258;7,331647681
1746388800;19,93875856;6,23086205
1746392400;21,60032178;6,750100556
1746396000;29,8952312;9,34225975
1746399600;27,28533006;8,526665644
1746403200;31,55607738;9,861274181
1746406800;38,19946209;11,9373319
1746410400;46,74095671;14,60654897
1746414000;39,70213244;12,40691639
1746417600;39,30669287;12,28334152
1746421200;36,77587965;11,49246239
1746424800;35,58956095;11,1217378
1746428400;33,21692355;10,38028861
1746432000;32,42604442;10,13313888
1746435600;30,68611033;9,589409478
1746439200;29,18343998;9,119824994
1746442800;30,21158285;9,441119641
1746446400;29,02526415;9,070395047
1746450000;31,16063781;9,737699316
1746453600;32,82148399;10,25671375
1746457200;33,05874773;10,33085867
1746460800;33,13783564;10,35557364
1746464400;34,64050599;10,82515812
1746468000;33,13783564;10,35557364
1746471600;31,16063781;9,737699316
1746475200;26,57353884;8,304230888
1746478800;25,38722014;7,933506294
1746482400;22,01417325;6,879429141
1746486000;23,55004581;7,359389316
1746489600;26,03669661;8,136467691
1746493200;30,49804069;9,530637716
1746496800;37,51917236;11,72474136
1746500400;46,07617658;14,39880518
1746504000;47,46577556;14,83305486
1746507600;42,1999268;13,18747713
1746511200;39,34759206;12,29612252
1746514800;35,69075265;11,1533602
1746518400;32,76528112;10,23915035
1746522000;30,27863032;9,462071975
1746525600;28,52334741;8,913546066
1746529200;27,13374843;8,479296384
1746532800;27,35315879;8,547862122
1746536400;25,96355982;8,113612444
1746540000;26,76806449;8,365020153
1746543600;27,49943237;8,593572616
1746547200;29,76667281;9,302085253
1746550800;29,91294638;9,347795744
1746554400;29,25471529;9,142098528
1746558000;25,67101267;8,022191459
1746561600;20,4783007;6,399468969
1746565200;19,67379603;6,148061259
1746568800;14,14199453;4,419373291
1746572400;15,1453117;4,732909906
1746576000;16,43529094;5,136028419
1746579600;19,68412752;6,15128985
1746583200;24,41405136;7,62939105
1746586800;30,48173144;9,525541075
1746590400;31,3417176;9,79428675
1746594000;28,85731315;9,017910359
1746597600;26,61179375;8,316185547
1746601200;24,03183529;7,509948528
1746604800;22,07297794;6,897805606
1746608400;20,30522863;6,345383947
1746612000;19,20635743;6,001986697
1746615600;17,96415521;5,613798503
1746619200;17,58193914;5,494355981
1746622800;17,15194606;5,359983144
1746626400;17,15194606;5,359983144
1746630000;17,53416213;5,479425666
1746633600;18,87191837;5,897474491
1746637200;18,63303333;5,822822916
1746640800;18,39414829;5,748171341
1746644400;16,10085188;5,031516213
1746648000;12,75646128;3,98639415
1746651600;12,8520153;4,016254781
1746655200;10,07082262;3,147132069
1746658800;10,20784062;3,189950194
1746662400;11,37249357;3,553904241
1746666000;14,24987146;4,453084831
1746669600;18,18913881;5,684105878
1746673200;23,66985861;7,396830816
1746676800;24,76600257;7,739375803
1746680400;20,62120822;6,444127569
1746684000;18,83997429;5,887491966
1746687600;17,74383033;5,544946978
1746691200;15,8598329;4,956197781
1746694800;15,72281491;4,913379659
1746698400;13,59903599;4,249698747
1746702000;12,70841902;3,971380944
1746705600;11,74929306;3,671654081
1746709200;11,02994858;3,446858931
1746712800;11,40674807;3,564608772
1746716400;11,88631105;3,714472203
1746720000;12,98245501;4,057017191
1746723600;13,53052699;4,228289684
1746727200;12,94820051;4,046312659
1746730800;11,74929306;3,671654081
1746734400;9,248714651;2,890223328
1746738000;8,392352184;2,622610058
1746741600;8,866800768;2,77087524
1746745200;8,987437513;2,808574223
1746748800;10,01284985;3,129015578
1746752400;12,54622149;3,920694216
1746756000;16,01452792;5,004539975
1746759600;20,83999772;6,512499288
1746763200;21,80509168;6,81409115
1746766800;18,15583014;5,673696919
1746770400;16,58755246;5,183610144
1746774000;15,6224585;4,882018281
1746777600;13,96370325;4,363657266
1746781200;13,84306651;4,325958284
1746784800;11,97319696;3,74162405
1746788400;11,18905811;3,496580659
1746792000;10,3446009;3,232687781
1746795600;9,711257984;3,03476812
1746799200;10,04300903;3,138440322
1746802800;10,46523764;3,270386763
1746806400;11,4303316;3,571978625
1746810000;11,91287858;3,722774556
1746813600;11,40017242;3,562553881
1746817200;10,3446009;3,232687781
1746820800;8,142980297;2,544681343
1746824400;7,38900064;2,3090627
1746828000;7,955498025;2,486093133
1746831600;7,928438508;2,477637034
1746835200;8,713164504;2,722863908
1746838800;10,82380684;3,382439638
1746842400;13,88153227;4,337978834
1746846000;17,53456708;5,479552213
1746849600;19,75344748;6,172952338
1746853200;16,91219818;5,285061931
1746856800;15,28862716;4,777695988
1746860400;14,09800841;4,405627628
1746864000;12,28502076;3,839068988
1746867600;12,14972317;3,796788491
1746871200;10,95910442;3,424720131
1746874800;9,714366636;3,035739574
1746878400;9,281414363;2,900441988
1746882000;8,46962885;2,646759016
1746885600;9,010819192;2,815880998
1746889200;9,795545187;3,061107871
1746892800;10,87792587;3,399351834
1746896400;10,90498539;3,407807934
1746900000;10,71556877;3,348615241
1746903600;9,389652431;2,934266385
1746907200;7,251950581;2,266234557
1746910800;6,846057824;2,13939307
1746914400;7,032675962;2,197711238
1746918000;6,748527438;2,108914824
1746921600;7,648331097;2,390103468
1746925200;9,495296501;2,967280157
1746928800;11,05811338;3,455660431
1746932400;15,29666219;4,780206934
1746936000;16,29118203;5,090994384
1746939600;14,51525375;4,536016797
1746943200;13,023474;4,069835625
1746946800;12,90507879;4,032837122
1746950400;10,91603912;3,411262225
1746954000;10,60821155;3,315066109
1746957600;9,16378989;2,863684341
1746961200;9,68472885;3,026477766
1746964800;9,069073715;2,834085536
1746968400;8,690209017;2,715690318
1746972000;8,287665275;2,589895398
1746975600;8,240307188;2,575095996
1746979200;8,784925192;2,745289123
1746982800;8,571813799;2,678691812
1746986400;9,069073715;2,834085536
1746990000;8,145591013;2,545497192
1746993600;6,63013222;2,071916319
1746997200;6,914280744;2,160712733
1747000800;7,497443628;2,342951134
1747004400;8,728367209;2,727614753
1747008000;10,45166022;3,266143819
1747011600;13,60730067;4,252281459
1747015200;16,20343041;5,063572003
1747018800;12,35399666;3,860623956
1747022400;13,80872453;4,315226416
1747026000;10,49642108;3,280131588
1747029600;9,713106073;3,035345648
1747033200;9,534062643;2,979394576
1747036800;8,482182492;2,650682029
1747040400;8,325519491;2,601724841
1747044000;7,922671774;2,475834929
1747047600;7,609345772;2,377920554
1747051200;7,27363934;2,273012294
1747054800;7,161737197;2,238042874
1747058400;7,788389201;2,433871625
1747062000;8,012193489;2,503810465
1747065600;8,16885649;2,552767653
1747069200;9,131214926;2,853504664
1747072800;9,847388646;3,077308952
1747076400;8,303139062;2,594730957
1747080000;7,049835053;2,203073454
1747083600;6,378422191;1,993256935
1747087200;7,705395644;2,407936139
1747090800;7,630098618;2,384405818
1747094400;8,458365902;2,643239344
1747098000;10,54158362;3,294244881
1747101600;13,62876168;4,258988025
1747105200;17,21791991;5,380599972
1747108800;18,0712862;5,647276938
1747112400;14,35663293;4,486447791
1747116000;13,15188051;4,109962659
1747119600;12,32361323;3,851129134
1747123200;11,14395982;3,482487444
1747126800;10,94316775;3,419739922
1747130400;9,562722281;2,988350713
1747134000;9,361930212;2,925603191
1747137600;8,533662928;2,666769665
1747141200;8,182276807;2,556961502
1747144800;8,533662928;2,666769665
1747148400;8,910148057;2,784421268
1747152000;9,76351435;3,051098234
1747155600;10,39098957;3,247184241
1747159200;9,863910384;3,082471995
1747162800;8,935247066;2,792264708
1747166400;7,153217454;2,235380454
1747170000;6,626138273;2,07066821
1747173600;8,853261063;2,766644082
1747177200;8,973713594;2,804285498
1747180800;9,997560111;3,124237535
1747184400;12,52706327;3,914707272
1747188000;15,99007355;4,996897984
1747191600;20,80817481;6,502554628
1747195200;21,77179506;6,803685956
1747198800;18,12810599;5,665033122
1747202400;16,56222308;5,175694713
1747206000;15,59860282;4,874563381
1747209600;13,94238052;4,356993913
1747213200;13,82192799;4,319352497
1747216800;11,95491375;3,735910547
1747220400;11,17197229;3,491241341
1747224000;10,32880457;3,227751428
1747227600;9,696428783;3,030133995
1747231200;10,02767324;3,133647888
1747234800;10,4492571;3,265392844
1747238400;11,41287736;3,566524175
1747242000;11,89468748;3,717089838
1747245600;11,38276422;3,557113819
1747249200;10,32880457;3,227751428
1747252800;8,130545874;2,540795586
1747256400;7,377717552;2,305536735
1747260000;17,45068586;5,453339331
1747263600;18,68874128;5,84023165
1747267200;20,28052681;6,337664628
1747270800;24,28946816;7,5904588
1747274400;30,12601512;9,414379725
1747278000;37,61330263;11,75415707
1747281600;38,67449299;12,08577906
1747285200;35,60883196;11,12775999
1747288800;32,83794603;10,26185813
1747292400;29,65437496;9,266992175
1747296000;27,23721915;8,511630984
1747299600;25,05588342;7,829963569
1747303200;23,69991796;7,406224363
1747306800;22,16708745;6,927214828
1747310400;21,69544729;6,779827278
1747314000;21,16485211;6,614016284
1747317600;21,16485211;6,614016284
1747321200;21,63649227;6,761403834
1747324800;23,28723282;7,277260256
1747328400;22,99245772;7,185143038
1747332000;22,69768262;7,093025819
1747335600;19,86784167;6,208700522
1747339200;15,74099029;4,919059466
1747342800;15,85890033;4,955906353
1747346400;25,79695845;8,061549516
1747350000;26,81862017;8,380818803
1747353600;29,37277447;9,178992022
1747357200;33,79997526;10,56249227
1747360800;39,41911472;12,31847335
1747364400;46,23019286;14,44693527
1747368000;48,95462412;15,29832004
1747371600;49,46545498;15,45795468
1747375200;45,20853114;14,12766598
1747378800;41,97326902;13,11664657
1747382400;39,16369929;12,23865603
1747386000;37,2906528;11,653329
1747389600;35,92843718;11,22763662
1747393200;35,41760632;11,06800198
1747396800;34,82163698;10,88176156
1747400400;34,7364985;10,85515578
1747404000;35,33246784;11,0413962
1747407600;34,56622155;10,80194423
1747411200;34,65136003;10,82855001
1747414800;34,3959446;10,74873269
1747418400;32,26748268;10,08358834
1747422000;27,32945103;8,540453447
1747425600;24,34960434;7,609251356
1747429200;24,17932739;7,556039809
1747432800;28,87745918;9,024205994
1747436400;29,8497642;9,328051313
1747440000;32,08606575;10,02689555
1747443600;36,55866886;11,42458402
1747447200;42,58696;13,308425
1747450800;52,89339324;16,52918539
1747454400;56,58815233;17,6837976
1747458000;57,26876584;17,89648933
1747461600;52,50447123;16,40764726
1747465200;48,80971215;15,25303505
1747468800;45,50387507;14,21996096
1747472400;43,07311251;13,46034766
1747476000;41,32296347;12,91342608
1747479600;40,73958046;12,73111889
1747483200;39,96173644;12,48804264
1747486800;39,47558393;12,33611998
1747490400;39,96173644;12,48804264
1747494000;40,15619744;12,5488117
1747497600;40,05896694;12,51842717
1747501200;39,47558393;12,33611998
1747504800;37,33651288;11,66766028
1747508400;31,79437425;9,935741953
1747512000;28,29407616;8,8418988
1747515600;27,22454064;8,50766895
1747519200;26,39595186;8,248734956
1747522800;26,39595186;8,248734956
1747526400;29,84640309;9,327000966
1747530000;34,6770348;10,83657338
1747533600;40,97410828;12,80440884
1747537200;49,08266866;15,33833396
1747540800;50,63537171;15,82355366
1747544400;49,3414525;15,41920391
1747548000;45,54595616;14,2331113
1747551600;42,18176621;13,18180194
1747555200;40,37027932;12,61571229
1747558800;38,04122474;11,88788273
1747562400;32,86554791;10,27048372
1747566000;32,17545766;10,05483052
1747569600;32,77928663;10,24352707
1747573200;33,64189943;10,51309357
1747576800;34,6770348;10,83657338
1747580400;35,97095401;11,24092313
1747584000;34,59077352;10,80961673
1747587600;35,19460248;10,99831328
1747591200;33,814422;10,56700688
1747594800;31,05406102;9,704394069
1747598400;26,30969058;8,221778306
1747602000;25,96464546;8,113951706
1747605600;18,80971977;5,878037428
1747609200;19,88617964;6,214431138
1747612800;24,92854428;7,790170088
1747616400;33,03032117;10,32197537
1747620000;38,80921097;12,12787843
1747623600;29,17772796;9,118039988
1747627200;32,80369804;10,25115564
1747630800;28,384547;8,870170938
1747634400;24,98520006;7,807875019
1747638000;24,13536332;7,542301038
1747641600;22,88893611;7,152792534
1747645200;21,75582046;6,798693894
1747648800;20,16945855;6,302955797
1747652400;20,45273746;6,391480456
1747656000;19,94283542;6,232136069
1747659600;20,16945855;6,302955797
1747663200;20,28277012;6,338365663
1747666800;21,58585311;6,745579097
1747670400;23,00224767;7,188202397
1747674000;23,11555924;7,223612263
1747677600;23,28552658;7,276727056
1747681200;20,90598372;6,533119913
1747684800;17,61994834;5,506233856
1747688400;16,43017691;5,134430284
1747692000;14,05018013;4,390681291
1747695600;15,03042525;4,697007891
1747699200;16,61748879;5,192965247
1747702800;19,46486749;6,082771091
1747706400;23,94598806;7,483121269
1747710000;29,40735376;9,18979805
1747713600;30,2942422;9,466950688
1747717200;26,93340177;8,416688053
1747720800;25,11294654;7,847795794
1747724400;22,77902958;7,118446744
1747728000;20,911896;6,5349675
1747731600;19,32483247;6,039010147
1747735200;18,20455232;5,6889226
1747738800;17,31766388;5,411769963
1747742400;17,4576989;5,455530906
1747746000;16,57081045;5,178378266
1747749600;17,08427218;5,338835056
1747753200;17,55105557;5,484704866
1747756800;18,99808409;5,936901278
1747760400;19,09144077;5,966075241
1747764000;18,67133572;5,834792413
1747767600;16,38409709;5,120030341
1747771200;13,069935;4,084354688
1747774800;12,55647327;3,923897897
1747778400;12,59069816;3,934593175
1747782000;13,48395715;4,213736609
1747785600;14,632433;4,572635313
1747789200;17,52489068;5,476528338
1747792800;21,73596878;6,792490244
1747796400;27,13805887;8,480643397
1747800000;27,90370943;8,719909197
1747803600;25,69183003;8,028696884
1747807200;23,69263133;7,403947291
1747810800;21,39567964;6,686149888
1747814400;19,6516978;6,141155563
1747818000;18,07786053;5,649331416
1747821600;17,09952926;5,343602894
1747825200;15,99358955;4,997996734
1747828800;15,65330041;4,891656378
1747832400;15,27047513;4,772023478
1747836000;15,27047513;4,772023478
1747839600;15,61076427;4,878363834
1747843200;16,80177626;5,250555081
1747846800;16,58909555;5,184092359
1747850400;16,37641483;5,117629634
1747854000;14,33468;4,4795875
1747857600;11,35715003;3,549109384
1747861200;11,44222231;3,575694472
1747864800;8,98581263;2,808066447
1747868400;9,108068584;2,846271433
1747872000;10,14724419;3,171013809
1747875600;12,71461923;3,973318509
1747879200;16,22947791;5,071711847
1747882800;21,11971608;6,599911275
1747886400;22,09776371;6,905551159
1747890000;18,3995211;5,749850344
1747893600;16,81019369;5,253185528
1747897200;15,83214606;4,947545644
1747900800;14,15112669;4,422227091
1747904400;14,02887074;4,384022106
1747908000;12,13390345;3,791844828
1747911600;11,33923975;3,543512422
1747915200;10,48344807;3,276077522
1747918800;9,841604309;3,075501347
1747922400;10,17780818;3,180565056
1747926000;10,60570402;3,314282506
1747929600;11,58375166;3,619922394
1747933200;12,07277547;3,772742334
1747936800;11,55318767;3,610371147
1747940400;10,48344807;3,276077522
1747944000;8,252276905;2,578836533
1747947600;7,488177191;2,340055372
1747951200;7,235168333;2,260990104
1747954800;7,333605997;2,291751874
1747958400;8,170326145;2,55322692
1747962000;10,2375171;3,199224094
1747965600;13,06759995;4,083624984
1747969200;17,00510652;5,314095788
1747972800;17,79260784;5,56018995
1747976400;14,81486849;4,629646403
1747980000;13,53517885;4,229743391
1747983600;12,74767754;3,983649231
1747987200;11,39415965;3,560674891
1747990800;11,29572199;3,529913122
1747994400;9,769938191;3,053105685
1747998000;9,130093373;2,853154179
1748001600;8,441029722;2,637821788
1748005200;7,924231984;2,476322495
1748008800;8,194935561;2,560917363
1748012400;8,539467386;2,668583558
1748016000;9,326968701;2,914677719
1748019600;9,720719359;3,0377248
1748023200;9,302359285;2,906987277
1748026800;8,441029722;2,637821788
1748030400;6,644542347;2,076419483
1748034000;6,029306944;1,88415842
1748037600;7,999416508;2,499817659
1748041200;7,972207608;2,491314878
1748044800;8,761265699;2,737895531
1748048400;10,88355987;3,401112459
1748052000;13,95816554;4,361926731
1748055600;17,631367;5,509802188
1748059200;19,86249677;6,207030241
1748062800;17,0055623;5,314238219
1748066400;15,37302832;4,80407135
1748070000;14,17583674;4,429948981
1748073600;12,35284046;3,860262644
1748077200;12,21679596;3,817748738
1748080800;11,01960437;3,443626366
1748084400;9,767994988;3,052498434
1748088000;9,332652593;2,916453935
1748091600;8,516385602;2,661370501
1748095200;9,060563596;2,831426124
1748098800;9,849621687;3,078006777
1748102400;10,93797767;3,418118022
1748106000;10,96518657;3,426620803
1748109600;10,77472428;3,367101338
1748113200;9,441488191;2,95046506
1748116800;7,291985116;2,278745349
1748120400;6,883851621;2,151203632
1748124000;10,67670913;3,336471603
1748127600;10,98869089;3,433965903
1748131200;11,75131297;3,672285303
1748134800;14,21250241;4,441407003
1748138400;16,43103937;5,134699803
1748142000;20,55613153;6,423791103
1748145600;22,11604034;6,911262606
1748149200;20,90277794;6,532118106
1748152800;18,78823489;5,871323403
1748156400;17,92161889;5,600505903
1748160000;16,18838689;5,058870903
1748163600;15,28710625;4,777220703
1748167200;12,99924001;4,062262503
1748170800;13,27655713;4,148924103
1748174400;12,75658753;3,986433603
1748178000;12,13262401;3,791445003
1748181600;12,16728865;3,802277703
1748185200;13,10323393;4,094760603
1748188800;13,55387425;4,235585703
1748192400;13,10323393;4,094760603
1748196000;13,79652673;4,311414603
1748199600;12,23661793;3,823943103
1748203200;10,39939201;3,249810003
1748206800;11,26600801;3,520627503
1748210400;12,53944424;3,918576325
1748214000;13,25706304;4,1428322
1748217600;16,61854056;5,193293925
1748221200;22,01956624;6,88111445
1748224800;25,8720461;8,085014406
1748228400;19,45124633;6,078514478
1748232000;21,8684886;6,833902688
1748235600;18,92247459;5,913273309
1748239200;16,65630997;5,205096866
1748242800;16,08976881;5,028052753
1748246400;15,25884178;4,768388056
1748250000;14,50345358;4,532329244
1748253600;13,44591009;4,201846903
1748257200;13,63475714;4,260861606
1748260800;13,29483245;4,154635141
1748264400;13,44591009;4,201846903
1748268000;13,52144891;4,225452784
1748271600;14,39014535;4,496920422
1748275200;15,33438061;4,791993941
1748278800;15,40991943;4,815599822
1748282400;15,52322766;4,851008644
1748286000;13,93691242;4,355285131
1748289600;11,74628662;3,670714569
1748293200;10,953129;3,422852813
1748296800;11,96622365;3,739444891
1748300400;12,80107646;4,000336394
1748304000;14,15274292;4,422732163
1748307600;16,57779156;5,180559863
1748311200;20,39426156;6,373206738
1748314800;25,04558438;7,826745119
1748318400;25,8009274;8,062789813
1748322000;22,9385749;7,168304656
1748325600;21,38813396;6,683791863
1748329200;19,40038917;6,062621616
1748332800;17,81019333;5,565685416
1748336400;16,45852688;5,14328965
1748340000;15,50440938;4,845127931
1748343600;14,74906636;4,609083238
1748347200;14,86833104;4,64635345
1748350800;14,11298802;4,410308756
1748354400;14,55029188;4,546966213
1748358000;14,94784083;4,671200259
1748361600;16,18024261;5,056325816
1748365200;16,2597524;5,081172625
1748368800;15,90195833;4,969361978
1748372400;13,95396844;4,360615138
1748376000;11,13137083;3,478553384
1748379600;10,69406698;3,341895931
1748383200;10,82994499;3,384357809
1748386800;11,59828569;3,624464278
1748390400;12,58615229;3,933172591
1748394000;15,07411263;4,710660197
1748397600;18,69629018;5,842590681
1748401200;23,34292198;7,294663119
1748404800;24,00149972;7,500468663
1748408400;22,09894181;6,905919316
1748412000;20,37932217;6,368538178
1748415600;18,40358896;5,75112155
1748419200;16,90349523;5,282342259
1748422800;15,5497521;4,859297531
1748426400;14,70823611;4,596323784
1748430000;13,75695716;4,299049113
1748433600;13,46425594;4,207579981
1748437200;13,13496707;4,104677209
1748440800;13,13496707;4,104677209
1748444400;13,42766829;4,196146341
1748448000;14,45212254;4,516288294
1748451600;14,26918428;4,459120088
1748455200;14,08624602;4,401951881
1748458800;12,33003873;3,853137103
1748462400;9,768903087;3,052782215
1748466000;9,842078391;3,075649497
1748469600;9,382026145;2,93188317
1748473200;9,509672759;2,971772737
1748476800;10,59466898;3,310834056
1748480400;13,27524788;4,148514963
1748484000;16,94508804;5,295340013
1748487600;22,05095261;6,890922691
1748491200;23,07212552;7,210039225
1748494800;19,21081544;6,003379825
1748498400;17,55140945;5,484815453
1748502000;16,53023654;5,165698919
1748505600;14,7750956;4,617217375
1748509200;14,64744898;4,577327806
1748512800;12,66892646;3,959039519
1748516400;11,83922347;3,699757334
1748520000;10,94569717;3,420530366
1748523600;10,27555244;3,211110138
1748527200;10,62658063;3,320806447
1748530800;11,07334378;3,460419931
1748534400;12,0945167;3,779536469
1748538000;12,60510315;3,939094734
1748541600;12,06260504;3,769564075
1748545200;10,94569717;3,420530366
1748548800;8,616146459;2,692545768
1748552400;7,818355121;2,443235975
1748556000;8,726366549;2,726989547
1748559600;10,15905359;3,174704247
1748563200;12,16481546;3,801504831
1748566800;15,83770407;4,949282522
1748570400;18,85937129;5,893553528
1748574000;14,37896816;4,49342755
1748577600;16,07214376;5,022544925
1748581200;12,21691317;3,817785366
1748584800;11,30520323;3,532876009
1748588400;11,09681239;3,467753872
1748592000;9,872516185;3,085161308
1748595600;9,690174198;3,028179437
1748599200;9,221294801;2,881654625
1748602800;8,856610826;2,767690883
1748606400;8,465877995;2,645586873
1748610000;8,335633718;2,604885537
1748613600;9,065001669;2,832813022
1748617200;9,325490223;2,914215695
1748620800;9,50783221;2,971197566
1748624400;10,62793299;3,321229059
1748628000;11,46149636;3,581717613
1748631600;9,664125342;3,020039169
1748635200;8,205389442;2,564184201
1748638800;7,42392378;2,319976181
1748642400;7,098704409;2,218345128
1748646000;7,074559156;2,210799736
1748649600;7,774771496;2,429616093
1748653200;9,658101237;3,018156637
1748656800;12,38651484;3,870785888
1748660400;15,646124;4,88941375
1748664000;17,62603476;5,508135863
1748667600;15,09078318;4,715869744
1748671200;13,642068;4,26314625
1748674800;12,57967686;3,931149019
1748678400;10,9619449;3,425607781
1748682000;10,84121864;3,387880825
1748685600;9,778827503;3,055883595
1748689200;8,66814586;2,708795581
1748692800;8,281821811;2,588069316
1748696400;7,557464218;2,361707568
1748700000;8,04036928;2,5126154
1748703600;8,74058162;2,731431756
1748707200;9,706391743;3,03324742
1748710800;9,730536996;3,040792811
1748714400;9,561520225;2,98797507
1748718000;8,378402823;2,618250882
1748721600;6,470927829;2,022164947
1748725200;6,108749032;1,908984073
1748728800;6,315144792;1,973482748
1748732400;6,059987427;1,893746071
1748736000;6,86798575;2,146245547
1748739600;8,526508625;2,664533945
1748743200;9,929874134;3,103085667
1748746800;13,7359715;4,292491094
1748750400;14,62902228;4,571569463
1748754000;13,03428875;4,073215234
1748757600;11,69471258;3,654597681
1748761200;11,58839701;3,621374066
1748764800;9,802295452;3,063217329
1748768400;9,525874973;2,976835929
1748772000;8,228825032;2,571507823
1748775600;8,696613535;2,71769173
1748779200;8,143772577;2,54492893
1748782800;7,803562757;2,438613362
1748786400;7,442089822;2,325653069
1748790000;7,399563595;2,312363623
1748793600;7,888615212;2,465192254
1748797200;7,697247188;2,405389746
1748800800;8,143772577;2,54492893
1748804400;7,31451114;2,285784731
1748808000;5,953671858;1,860522456
1748811600;6,208829223;1,940259132
1748815200;7,39180806;2,309940019
1748818800;8,605388488;2,689183903
1748822400;10,30440109;3,220125341
1748826000;13,41558;4,19236875
1748829600;15,97513145;4,992228578
1748833200;12,17993448;3,806229525
1748836800;13,61416589;4,254426841
1748840400;10,34853128;3,233916025
1748844000;9,57625283;2,992579009
1748847600;9,399732041;2,937416263
1748851200;8,362672402;2,613335126
1748854800;8,208216712;2,565067723
1748858400;7,811044935;2,440951542
1748862000;7,502133554;2,344416736
1748865600;7,171157073;2,240986585
1748869200;7,06083158;2,206509869
1748872800;7,678654343;2,399579482
1748876400;7,89930533;2,468532916
1748880000;8,053761021;2,516800319
1748883600;9,002560264;2,813300083
1748887200;9,708643422;3,033951069
1748890800;8,186151613;2,558172379
1748894400;6,950506086;2,172033152
1748898000;6,288553126;1,965172852
1748901600;7,304261641;2,282581763
1748905200;7,232884492;2,260276404
1748908800;8,018033137;2,505635355
1748912400;9,992800943;3,122750295
1748916000;12,91926408;4,037270025
1748919600;16,32157487;5,100492147
1748923200;17,1305159;5,353286219
1748926800;13,60924319;4,252888497
1748930400;12,4672088;3,89600275
1748934000;11,68206015;3,650643797
1748937600;10,56381814;3,301193169
1748941200;10,37347907;3,241712209
1748944800;9,064897998;2,832780624
1748948400;8,874558932;2,773299666
1748952000;8,089410287;2,527940715
1748955600;7,756316922;2,423849038
1748959200;8,089410287;2,527940715
1748962800;8,446296035;2,639467511
1748966400;9,255237064;2,892261583
1748970000;9,850046643;3,078139576
1748973600;9,350406596;2,922002061
1748977200;8,470088418;2,646902631
1748980800;6,780829211;2,119009128
1748984400;6,281189164;1,962871614
1748988000;6,975499145;2,179843483
1748991600;7,070403896;2,209501218
1748995200;7,877094273;2,46159196
1748998800;9,870094029;3,084404384
1749002400;12,5986056;3,93706425
1749006000;16,39479561;5,123373628
1749009600;17,15403361;5,360635503
1749013200;14,28316492;4,463489038
1749016800;13,04940316;4,077938488
1749020400;12,29016516;3,840676613
1749024000;10,98522484;3,432882763
1749027600;10,89032009;3,403225028
1749031200;9,419296465;2,943530145
1749034800;8,802415588;2,750754871
1749038400;8,138082336;2,54315073
1749042000;7,639832397;2,387447624
1749045600;7,900820461;2,469006394
1749049200;8,232987087;2,572808465
1749052800;8,992225089;2,81007034
1749056400;9,37184409;2,928701278
1749060000;8,968498901;2,802655907
1749063600;8,138082336;2,54315073
1749067200;6,406070644;2,001897076
1749070800;5,812915954;1,816536236
1749074400;6,72724656;2,10226455
1749078000;6,818773724;2,130866789
1749081600;7,596754618;2,373985818
1749085200;9,518825064;2,974632833
1749088800;12,15023103;3,796947197
1749092400;15,81131759;4,941036747
1749096000;16,54353491;5,169854659
1749099600;13,77483819;4,304636934
1749103200;12,58498506;3,932807831
1749106800;11,85276775;3,703989922
1749110400;10,59426924;3,310709138
1749114000;10,50274208;3,2821069
1749117600;9,084071035;2,838772198
1749121200;8,489144468;2,652857646
1749124800;7,84845432;2,452641975
1749128400;7,367936708;2,302480221
1749132000;7,619636409;2,381136378
1749135600;7,939981484;2,481244214
1749139200;8,672198796;2,710062124
1749142800;9,038307453;2,824471079
1749146400;8,649317005;2,702911564
1749150000;7,84845432;2,452641975
1749153600;6,178083575;1,930651117
1749157200;5,6060388;1,751887125
1749160800;6,522911141;2,038409732
1749164400;6,611658231;2,066143197
1749168000;7,366008499;2,301877656
1749171600;9,229697396;2,884280436
1749175200;11,78117624;3,681617575
1749178800;15,33105986;4,790956206
1749182400;16,04103658;5,012823931
1749186000;13,3564371;4,173886594
1749189600;12,20272492;3,813351538
1749193200;11,4927482;3,591483813
1749196800;10,27247571;3,210148659
1749200400;10,18372862;3,182415194
1749204000;8,808148717;2,752546474
1749207600;8,23129263;2,572278947
1749211200;7,610062997;2,378144687
1749214800;7,144140773;2,232543992
1749218400;7,388195271;2,308811022
1749222000;7,698810088;2,405878153
1749225600;8,40878681;2,627745878
1749229200;8,763775172;2,738679741
1749232800;8,386600038;2,620812512
1749236400;7,610062997;2,378144687
1749240000;5,990428598;1,872008937
1749243600;5,435759284;1,698674776
1749247200;6,349536171;1,984230053
1749250800;6,327939109;1,977480972
1749254400;6,954253901;2,173204344
1749258000;8,638824722;2,699632726
1749261600;11,07929271;3,462278972
1749265200;13,99489605;4,373405016
1749268800;15,76585512;4,926829725
1749272400;13,49816363;4,218176134
1749276000;12,20233992;3,813231225
1749279600;11,2520692;3,516271625
1749283200;9,805066059;3,064083143
1749286800;9,69708075;3,030337734
1749290400;8,746810031;2,733378135
1749294000;7,753345188;2,422920371
1749297600;7,407792199;2,314935062
1749301200;6,759880345;2,112462608
1749304800;7,191821581;2,247444244
1749308400;7,818136373;2,443167617
1749312000;8,682018846;2,713130889
1749315600;8,703615907;2,719879971
1749319200;8,552436475;2,672636398
1749322800;7,494180446;2,341931389
1749326400;5,788012564;1,808753926
1749330000;5,464056637;1,707517699
1749333600;5,909875513;1,846836098
1749337200;5,671092664;1,772216458
1749340800;6,427238353;2,008511985
1749344400;7,979326872;2,493539648
1749348000;9,292632541;2,903947669
1749351600;12,85447671;4,017023972
1749355200;13,69021668;4,278192713
1749358800;12,19782387;3,811819959
1749362400;10,94421391;3,420066847
1749366000;10,84472106;3,388975331
1749369600;9,173241117;2,866637849
1749373200;8,914559697;2,785799905
1749376800;7,700746881;2,4064834
1749380400;8,138515438;2,543286074
1749384000;7,621152598;2,381610187
1749387600;7,302775466;2,282117333
1749391200;6,964499763;2,176406176
1749394800;6,924702622;2,163969569
1749398400;7,382369749;2,306990547
1749402000;7,203282612;2,251025816
1749405600;7,621152598;2,381610187
1749409200;6,845108339;2,139096356
1749412800;5,571599811;1,741124941
1749416400;5,81038266;1,815744581
1749420000;6,746814091;2,108379403
1749423600;7,854499987;2,454531246
1749427200;9,405260241;2,939143825
1749430800;12,24496408;3,826551275
1749434400;14,58117433;4,556616978
1749438000;11,11713844;3,474105763
1749441600;12,42622177;3,883194303
1749445200;9,445539728;2,951731165
1749448800;8,740648703;2,73145272
1749452400;8,579530755;2,681103361
1749456000;7,632962808;2,385300878
1749459600;7,491984603;2,341245188
1749463200;7,129469219;2,227959131
1749466800;6,847512809;2,139847753
1749470400;6,545416656;2,045442705
1749474000;6,444717938;2,013974356
1749477600;7,008630757;2,190197112
1749481200;7,210028193;2,25313381
1749484800;7,351006398;2,297189499
1749488400;8,217015371;2,567817303
1749492000;8,861487165;2,769214739
1749495600;7,471844859;2,334951518
1749499200;6,34401922;1,982506006
1749502800;5,739826913;1,79369591
1749506400;8,354438721;2,6107621
1749510000;9,726062988;3,039394684
1749513600;11,64633696;3,6394803
1749517200;15,16268281;4,738338378
1749520800;18,05556309;5,642363466
1749524400;13,76611992;4,301912475
1749528000;15,38713042;4,808478256
1749531600;11,69621421;3,655066941
1749535200;10,8233624;3,38230075
1749538800;10,62385342;3,319954194
1749542400;9,451738135;2,953668167
1749546000;9,277167774;2,899114929
1749549600;8,828272559;2,758835175
1749553200;8,479131836;2,649728699
1749556800;8,10505249;2,532828903
1749560400;7,980359375;2,493862305
1749564000;8,67864082;2,712075256
1749567600;8,928027051;2,790008453
1749571200;9,102597412;2,844561691
1749574800;10,1749582;3,179674438
1749578400;10,97299414;3,429060669
1749582000;9,25222915;2,891321609
1749585600;7,85566626;2,454895706
1749589200;7,107507568;2,221096115
1749592800;10,11189606;3,159967519
1749596400;10,24947288;3,202960275
1749600000;11,41887582;3,568398694
1749603600;14,30798898;4,471246556
1749607200;18,26332248;5,707288275
1749610800;23,76639516;7,426998488
1749614400;24,8670097;7,770940531
1749618000;20,70531098;6,470409681
1749621600;18,91681236;5,911503863
1749625200;17,81619782;5,567561819
1749628800;15,92451659;4,976411434
1749632400;15,78693977;4,933418678
1749636000;13,6544991;4,267030969
1749639600;12,76024979;3,987578059
1749643200;11,79721207;3,686628772
1749646800;11,07493378;3,460916806
1749650400;11,45327003;3,579146884
1749654000;11,93478889;3,729621528
1749657600;13,03540343;4,073563572
1749661200;13,58571069;4,245534591
1749664800;13,00100922;4,062815381
1749668400;11,79721207;3,686628772
1749672000;9,286435158;2,902010987
1749675600;8,426580051;2,633306266
1749679200;10,43324358;3,260388619
1749682800;10,57519248;3,30474765
1749686400;11,78175806;3,681799394
1749690000;14,7626848;4,613339
1749693600;18,84371545;5,888661078
1749697200;24,52167115;7,663022234
1749700800;25,65726228;8,017894463
1749704400;21,36330829;6,676033841
1749708000;19,51797269;6,099366466
1749711600;18,38238155;5,744494234
1749715200;16,43058428;5,134557588
1749718800;16,28863539;5,090198559
1749722400;14,08842756;4,402633613
1749726000;13,16575976;4,114299925
1749729600;12,17211751;3,803786722
1749733200;11,42688583;3,570901822
1749736800;11,81724528;3,69288915
1749740400;12,31406641;3,848145753
1749744000;13,44965755;4,203017984
1749747600;14,01745311;4,380454097
1749751200;13,41417032;4,191928225
1749754800;12,17211751;3,803786722
1749758400;9,58155023;2,994234447
1749762000;8,694369654;2,716990517
1749765600;11,19824189;3,499450591
1749769200;11,99271176;3,747722425
1749772800;13,01417301;4,066929066
1749776400;15,58674209;4,870856903
1749780000;19,33210002;6,041281256
1749783600;24,13675111;7,542734722
1749787200;24,81772528;7,75553915
1749790800;22,85046657;7,140770803
1749794400;21,07236735;6,585114797
1749798000;19,02944484;5,946701513
1749801600;17,47833701;5,461980316
1749805200;16,07855677;5,024548991
1749808800;15,20842311;4,752632222
1749812400;14,22479376;4,44524805
1749816000;13,92213857;4,350668303
1749819600;13,58165149;4,244266091
1749823200;13,58165149;4,244266091
1749826800;13,88430667;4,338845834
1749830400;14,94359982;4,669874944
1749834000;14,75444033;4,610762603
1749837600;14,56528084;4,551650263
1749841200;12,74934972;3,984171788
1749844800;10,10111684;3,156599013
1749848400;10,17678064;3,18024395
1749852000;11,13150092;3,478594038
1749855600;11,27796804;3,524365013
1749859200;12,12015396;3,787548113
1749862800;14,24392716;4,451227238
1749866400;17,39297019;5,435303184
1749870000;22,81225353;7,128829228
1749873600;23,94737369;7,483554278
1749877200;22,40946896;7,00295905
1749880800;20,57862999;6,430821872
1749884400;18,56470713;5,801470978
1749888000;16,77048494;5,240776544
1749891600;16,33108359;5,103463622
1749895200;14,97626275;4,680082109
1749898800;13,87775937;4,336799803
1749902400;13,43835802;4,199486881
1749906000;13,14542378;4,107944931
1749909600;13,2918909;4,153715906
1749913200;13,58482514;4,245257856
1749916800;14,90302919;4,657196622
1749920400;14,46362784;4,5198837
1749924000;14,42701106;4,508440956
1749927600;12,55955531;3,924861034
1749931200;9,886530423;3,089540757
1749934800;9,996380761;3,123868988
1749938400;9,580736327;2,993980102
1749942000;9,19363587;2,873011209
1749945600;10,41945399;3,256079372
1749949200;12,93560696;4,042377175
1749952800;15,06465948;4,707706088
1749956400;20,83890797;6,512158741
1749960000;22,19375957;6,935549866
1749963600;19,77438171;6,179494284
1749967200;17,74210431;5,544407597
1749970800;17,58081245;5,494003891
1749974400;14,87110925;4,647221641
1749978000;14,45175042;4,516172006
1749981600;12,48398976;3,9012468
1749985200;13,19367393;4,123023103
1749988800;12,35495627;3,860923834
1749992400;11,83882233;3,699631978
1749996000;11,29043002;3,528259381
1749999600;11,22591327;3,508097897
1750003200;11,96785582;3,739954944
1750006800;11,67753047;3,649228272
1750010400;12,35495627;3,860923834
1750014000;11,09687979;3,467774934
1750017600;9,032344012;2,822607504
1750021200;9,41944447;2,943576397
1750024800;10,69198973;3,341246791
1750028400;12,44739103;3,889809697
1750032000;14,90495285;4,657797766
1750035600;19,40516345;6,064113578
1750039200;23,10746437;7,221082616
1750042800;17,61784576;5,5055768
1750046400;19,69241093;6,153878416
1750050000;14,96878562;4,677745506
1750053600;13,85171207;4,328660022
1750057200;13,59638097;4,248869053
1750060800;12,09631077;3,780097116
1750064400;11,87289606;3,710280019
1750068000;11,29840109;3,530750341
1750071600;10,85157167;3,391116147
1750075200;10,37282586;3,241508081
1750078800;10,21324392;3,191638725
1750082400;11,10690276;3,470907113
1750086000;11,42606664;3,570645825
1750089600;11,64948135;3,640462922
1750093200;13,021886;4,069339375
1750096800;14,04321039;4,388503247
1750100400;11,84097967;3,700306147
1750104000;10,05366198;3,141769369
1750107600;9,096170367;2,84255324
1750111200;10,04408489;3,138776528
1750114800;9,945934219;3,108104443
1750118400;11,02559155;3,445497359
1750122000;13,74109333;4,294091666
1750125600;17,76527066;5,551647081
1750129200;22,44378577;7,013683053
1750132800;23,55615999;7,361299997
1750136400;18,71406044;5,848143888
1750140000;17,14364977;5,357390553
1750143600;16,06399244;5,019997638
1750147200;14,52629866;4,539468331
1750150800;14,26456355;4,457676109
1750154400;12,46513466;3,895354581
1750158000;12,20339955;3,813562359
1750161600;11,12374222;3,476169444
1750165200;10,66570577;3,333033053
1750168800;11,12374222;3,476169444
1750172400;11,61449555;3,629529859
1750176000;12,72686977;3,977146803
1750179600;13,544792;4,2327475
1750183200;12,85773733;4,018042916
1750186800;11,64721244;3,639753888
1750190400;9,32431333;2,913847916
1750194000;8,637258664;2,699143333
1750197600;10,0089127;3,127785219
1750201200;10,14508838;3,170340119
1750204800;11,30258169;3,532056778
1750208400;14,16227103;4,425709697
1750212000;18,07732192;5,6491631
1750215600;23,52434924;7,351359138
1750219200;24,61375471;7,691798347
1750222800;20,49444029;6,404512591
1750226400;18,72415641;5,851298878
1750230000;17,63475095;5,510859672
1750233600;15,76233531;4,925729784
1750237200;15,62615963;4,883174884
1750240800;13,51543654;4,223573919
1750244400;12,6302946;3,946967063
1750248000;11,67706482;3,649082756
1750251600;10,96214248;3,425669525
1750255200;11,33662561;3,542695503
1750258800;11,8132405;3,691637656
1750262400;12,90264597;4,032076866
1750266000;13,4473487;4,202296469
1750269600;12,86860205;4,021438141
1750273200;11,67706482;3,649082756
1750276800;9,191858604;2,872455814
1750280400;8,340760585;2,606487683
1750284000;10,21780186;3,193063081
1750287600;10,35681957;3,236506116
1750291200;11,53847012;3,605771913
1750294800;14,45784208;4,51807565
1750298400;18,45460131;5,767062909
1750302000;24,0153098;7,504784313
1750305600;25,1274515;7,852328594
1750309200;20,9221657;6,538176781
1750312800;19,11493544;5,973417325
1750316400;18,00279374;5,625873044
1750320000;16,0913002;5,028531313
1750323600;15,95228249;4,985088278
1750327200;13,79750795;4,311721234
1750330800;12,89389282;4,029341506
1750334400;11,92076883;3,725240259
1750338000;11,19092584;3,497164325
1750341600;11,57322455;3,616632672
1750345200;12,05978654;3,768683294
1750348800;13,17192824;4,116227575
1750352400;13,72799909;4,289999716
1750356000;13,13717381;4,105366816
1750359600;11,92076883;3,725240259
1750363200;9,383695581;2,932404869
1750366800;8,514834879;2,6608859
1750370400;13,14511222;4,107847569
1750374000;14,07770464;4,3992827
1750377600;15,27675204;4,773985013
1750381200;18,29657512;5,717679725
1750384800;22,69308225;7,091588203
1750388400;28,33304593;8,854076853
1750392000;29,13241087;9,103878397
1750395600;26,8231344;8,3822295
1750399200;24,73590374;7,729969919
1750402800;22,33780894;6,980565294
1750406400;20,51703326;6,411572894
1750410000;18,87389424;5,89809195
1750413600;17,85248349;5,578901091
1750417200;16,69784525;5,218076641
1750420800;16,34257195;5,107053734
1750424400;15,94288948;4,982152963
1750428000;15,94288948;4,982152963
1750431600;16,29816279;5,093175872
1750435200;17,54161935;5,481756047
1750438800;17,31957353;5,412366728
1750442400;17,09752772;5,342977413
1750446000;14,9658879;4,676839969
1750449600;11,8572465;3,705389531
1750453200;11,94606482;3,733145256
1750456800;12,98751114;4,058597231
1750460400;13,15839944;4,111999825
1750464000;14,14100719;4,419064747
1750467600;16,6188876;5,193402375
1750471200;20,29298615;6,341558172
1750474800;26,61585341;8,317454191
1750478400;27,94023777;8,731324303
1750482000;26,14591058;8,170597056
1750485600;24,00980677;7,503064616
1750489200;21,66009258;6,768778931
1750492800;19,56671086;6,114597144
1750496400;19,05404594;5,954389356
1750500000;17,47332913;5,460415353
1750503600;16,19166684;5,059895888
1750507200;15,67900193;4,899688103
1750510800;15,33722532;4,792882913
1750514400;15,50811363;4,846285509
1750518000;15,84989023;4,953090697
1750521600;17,38788497;5,433714053
1750525200;16,87522006;5,273506269
1750528800;16,83249798;5,260155619
1750532400;14,6536721;4,579272531
1750536000;11,53496055;3,604675172
1750539600;11,66312678;3,644727119
1750543200;9,22639682;2,883249006
1750546800;8,85361311;2,766754097
1750550400;10,03409486;3,135654644
1750554000;12,45718897;3,892871553
1750557600;14,50749938;4,533593556
1750561200;20,06818972;6,271309288
1750564800;21,3729327;6,679041469
1750568400;19,04303451;5,950948284
1750572000;17,08592004;5,339350013
1750575600;16,93059349;5,290810466
1750579200;14,32110752;4,4753461
1750582800;13,9172585;4,349143281
1750586400;12,02227464;3,756960825
1750590000;12,70571145;3,970534828
1750593600;11,89801341;3,718129191
1750597200;11,40096846;3,562802644
1750600800;10,87285821;3,397768191
1750604400;10,81072759;3,378352372
1750608000;11,5252297;3,601634281
1750611600;11,24564192;3,5142631
1750615200;11,89801341;3,718129191
1750618800;10,68646635;3,339520734
1750622400;8,698286564;2,718214551
1750626000;9,071070274;2,834709461
1750629600;8,038065864;2,511895583
1750633200;9,357748319;2,92429635
1750636800;11,20530376;3,501657425
1750640400;14,58848969;4,558903028
1750644000;17,37181996;5,428693738
1750647600;13,24481301;4,139004066
1750651200;14,80443773;4,626386791
1750654800;11,25329221;3,516653816
1750658400;10,41349428;3,254216963
1750662000;10,22154047;3,194231397
1750665600;9,093811828;2,841816196
1750669200;8,925852243;2,789328826
1750672800;8,493956167;2,654361302
1750676400;8,158036996;2,549386561
1750680000;7,798123599;2,436913625
1750683600;7,678152467;2,399422646
1750687200;8,349990808;2,609372128
1750690800;8,589933073;2,684354085
1750694400;8,757892658;2,736841456
1750698000;9,789644396;3,059263874
1750701600;10,55745964;3,299206138
1750705200;8,901858017;2,78183063
1750708800;7,558181335;2,361931667
1750712400;6,838354541;2,136985794
1750716000;6,110004462;1,909376394
1750719600;6,169324894;1,927914029
1750723200;6,327512712;1,977347723
1750726800;8,304860434;2,595268886
1750730400;12,99117454;4,059742044
1750734000;14,65214662;4,578795819
1750737600;14,86965487;4,646767147
1750741200;10,63813075;3,324415859
1750744800;9,985605998;3,120501874
1750748400;9,847191657;3,077247393
1750752000;9,115573;2,848616563
1750755600;8,720103456;2,72503233
1750759200;7,157998755;2,236874611
1750762800;6,861396597;2,144186437
1750766400;6,604341393;2,063856685
1750770000;6,05068403;1,890838759
1750773600;6,307739234;1,971168511
1750777200;6,426380098;2,008243781
1750780800;7,533694822;2,354279632
1750784400;8,166446093;2,552014404
1750788000;7,375507004;2,304845939
1750791600;7,098678323;2,218336976
1750795200;5,497026668;1,717820834
1750798800;4,98291626;1,557161331
1750802400;5,460411389;1,706378559
1750806000;5,608994012;1,752810629
1750809600;5,776149462;1,805046707
1750813200;7,707723559;2,408663612
1750816800;11,97947397;3,743585616
1750820400;13,89247523;4,341398509
1750824000;13,96676655;4,364614547
1750827600;10,67937602;3,337305006
1750831200;9,973608557;3,116752674
1750834800;9,843598762;3,076124613
1750838400;9,119258476;2,849768274
1750842000;8,636364952;2,698864048
1750845600;7,057674584;2,205523308
1750849200;6,444771265;2,01399102
1750852800;6,166178847;1,92693089
1750856400;5,478984217;1,712182568
1750860000;5,739003807;1,79343869
1750863600;5,887586429;1,839870759
1750867200;6,890519133;2,153287229
1750870800;7,243402863;2,263563395
1750874400;6,556208232;2,048815073
1750878000;6,333334298;1,979166968
1750881600;4,866080897;1,52065028
1750885200;4,383187373;1,369746054
1750888800;6,483000077;2,025937524
1750892400;6,571204159;2,0535013
1750896000;7,320938862;2,287793394
1750899600;9,173224598;2,866632687
1750903200;11,70909198;3,659091244
1750906800;15,23725528;4,761642275
1750910400;15,94288794;4,982152481
1750914000;13,27471444;4,148348263
1750917600;12,12806137;3,790019178
1750921200;11,42242871;3,569508972
1750924800;10,20962257;3,190507053
1750928400;10,12141849;3,162943278
1750932000;8,754255206;2,735704752
1750935600;8,180928668;2,556540209
1750939200;7,56350009;2,363593778
1750942800;7,100428655;2,218883955
1750946400;7,342989883;2,294684338
1750950000;7,651704172;2,391157554
1750953600;8,357336834;2,611667761
1750957200;8,710153164;2,721922864
1750960800;8,335285813;2,604776817
1750964400;7,56350009;2,363593778
1750968000;5,953775581;1,860554869
1750971600;5,402500064;1,68828127
1750975200;7,905105309;2,470345409
1750978800;8,012657762;2,503955551
1750982400;8,926853615;2,789641755
1750986000;11,18545513;3,495454728
1750989600;14,27758816;4,4617463
1750993200;18,57968629;5,806151966
1750996800;19,44010591;6,075033097
1751000400;16,1866442;5,058326313
1751004000;14,78846231;4,621394472
1751007600;13,92804269;4,352513341
1751011200;12,44919646;3,890373894
1751014800;12,341644;3,85676375
1751018400;10,67458098;3,335806556
1751022000;9,975490033;3,117340635
1751025600;9,222622861;2,882069644
1751029200;8,657972482;2,705616401
1751032800;8,953741728;2,79804429
1751036400;9,330175314;2,915679786
1751040000;10,19059494;3,184560919
1751043600;10,62080475;3,319001484
1751047200;10,16370683;3,176158384
1751050800;9,222622861;2,882069644
1751054400;7,25979059;2,268684559
1751058000;6,587587758;2,058621174
1751061600;9,562957358;2,988424174
1751065200;9,530430292;2,978259466
1751068800;10,4737152;3,273036
1751072400;13,01082634;4,065883231
1751076000;16,68638478;5,214495244
1751079600;21,07753867;6,586730834
1751083200;23,74475807;7,420236897
1751086800;20,32941615;6,352942547
1751090400;18,3777922;5,743060063
1751094000;16,9466013;5,295812906
1751097600;14,76728789;4,614777466
1751101200;14,60465256;4,563953925
1751104800;13,17346167;4,116706772
1751108400;11,67721664;3,6491302
1751112000;11,15678358;3,486494869
1751115600;10,18097161;3,181553628
1751119200;10,83151293;3,384847791
1751122800;11,77479784;3,679624325
1751126400;13,07588047;4,086212647
1751130000;13,10840754;4,096377356
1751133600;12,88071807;4,025224397
1751137200;11,28689185;3,527153703
1751140800;8,717253646;2,724141764
1751144400;8,229347659;2,571671143
1751148000;10,10797267;3,158741459
1751151600;10,4033355;3,251042344
1751155200;11,12533355;3,476666734
1751158800;13,45541816;4,204818175
1751162400;15,55577612;4,861180038
1751166000;19,46112919;6,081602872
1751169600;20,93794338;6,543107306
1751173200;19,78931012;6,184159413
1751176800;17,78740645;5,558564516
1751180400;16,96695412;5,302173163
1751184000;15,32604947;4,789390459
1751187600;14,47277905;4,522743453
1751191200;12,3067849;3,845870281
1751194800;12,56932965;3,927915516
1751198400;12,07705825;3,774080703
1751202000;11,48633258;3,589478931
1751205600;11,51915067;3,599734584
1751209200;12,40523918;3,876637244
1751212800;12,83187439;4,009960747
1751216400;12,40523918;3,876637244
1751220000;13,06160104;4,081750325
1751223600;11,58478686;3,620245894
1751227200;9,845427922;3,076696226
1751230800;10,66588025;3,333087578
1751234400;10,20871562;3,190223631
1751238000;11,88477341;3,713991691
1751241600;14,23125432;4,447266975
1751245200;18,52805701;5,790017816
1751248800;22,06301526;6,894692269
1751252400;16,82152544;5,2567267
1751256000;18,80232101;5,875725316
1751259600;14,29220187;4,466313084
1751263200;13,22561964;4,133006138
1751266800;12,98182942;4,056821694
1751270400;11,54956185;3,609238078
1751274000;11,33624541;3,542576691
1751277600;10,7877174;3,371161688
1751281200;10,36108451;3,237838909
1751284800;9,903977843;3,094993076
1751288400;9,751608953;3,047377798
1751292000;10,60487474;3,314023356
1751295600;10,90961252;3,409253913
1751299200;11,12292896;3,4759153
1751302800;12,43330142;3,885406694
1751306400;13,40846231;4,190144472
1751310000;11,30577163;3,533053634
1751313600;9,599240063;2,99976252
1751317200;8,685026724;2,714070851
1751320800;10,16634995;3,176984359
1751324400;10,06700451;3,145938909
1751328000;11,15980434;3,487438856
1751331600;13,90836149;4,346362966
1751335200;17,9815245;5,619226406
1751338800;22,71699043;7,099059509
1751342400;23,84290541;7,450907941
1751346000;18,94186374;5,919332419
1751349600;17,35233672;5,422605225
1751353200;16,25953689;5,081105278
1751356800;14,703125;4,594726563
1751360400;14,43820383;4,511938697
1751364000;12,61687078;3,942772119
1751367600;12,35194961;3,859984253
1751371200;11,25914978;3,518484306
1751374800;10,79553773;3,373605541
1751378400;11,25914978;3,518484306
1751382000;11,75587697;3,673711553
1751385600;12,88179195;4,025559984
1751389200;13,70967061;4,284272066
1751392800;13,01425254;4,066953919
1751396400;11,78899212;3,684060038
1751400000;9,437816726;2,949317727
1751403600;8,742398651;2,731999578
1751407200;8,749182014;2,734119379
1751410800;8,868218504;2,771318283
1751414400;9,880028669;3,087508959
1751418000;12,37979496;3,868685925
1751421600;15,80209405;4,938154391
1751425200;20,56355364;6,426110513
1751428800;21,51584556;6,723701738
1751432400;17,91499174;5,598434919
1751436000;16,36751737;5,114849178
1751439600;15,41522545;4,817257953
1751443200;13,77847372;4,305773038
1751446800;13,65943723;4,268574134
1751450400;11,81437163;3,691991134
1751454000;11,04063445;3,450198266
1751457600;10,20737902;3,189805944
1751461200;9,582437444;2,994511701
1751464800;9,909787791;3,096808685
1751468400;10,32641551;3,227004847
1751472000;11,27870743;3,524596072
1751475600;11,75485339;3,673391684
1751479200;11,2489483;3,515296344
1751482800;10,20737902;3,189805944
1751486400;8,034963074;2,510925961
1751490000;7,290985012;2,278432816
1751493600;10,39736693;3,249177166
1751497200;10,53882771;3,293383659
1751500800;11,74124429;3,669138841
1751504400;14,71192056;4,597475175
1751508000;18,77891783;5,868411822
1751511600;24,43734881;7,636671503
1751515200;25,56903501;7,990323441
1751518800;21,28984658;6,653077056
1751522400;19,45085651;6,078392659
1751526000;18,31917031;5,724740722
1751529600;16,37408466;5,116901456
1751533200;16,23262389;5,072694966
1751536800;14,03998188;4,387494338
1751540400;13,12048685;4,100152141
1751544000;12,13026142;3,790706694
1751547600;11,38759236;3,558622613
1751551200;11,77660949;3,680190466
1751554800;12,2717222;3,834913188
1751558400;13,40340839;4,188565122
1751562000;13,96925149;4,365391091
1751565600;13,3680432;4,1775135
1751569200;12,13026142;3,790706694
1751572800;9,548602286;2,983938214
1751576400;8,664472445;2,707647639
1751580000;12,44664637;3,889576991
1751583600;13,32968547;4,165526709
1751587200;14,46502146;4,520319206
1751590800;17,32438617;5,413870678
1751594400;21,48728479;6,714776497
1751598000;26,82756887;8,383615272
1751601600;27,58445953;8,620143603
1751605200;25,39788652;7,936839538
1751608800;23,42156091;7,319237784
1751612400;21,15088894;6,609652794
1751616000;19,42686022;6,070893819
1751619600;17,87102942;5,584696694
1751623200;16,90389136;5,28246605
1751626800;15,81060485;4,940814016
1751630400;15,474209;4,835690313
1751634000;15,09576368;4,71742615
1751637600;15,09576368;4,71742615
1751641200;15,43215952;4,82254985
1751644800;16,60954499;5,190482809
1751648400;16,39929759;5,124780497
1751652000;16,18905018;5,059078181
1751655600;14,17067509;4,428335966
1751659200;11,22721142;3,508503569
1751662800;11,31131039;3,534784497
1751666400;11,32023547;3,537573584
1751670000;11,46918594;3,584120606
1751673600;12,32565112;3,851765975
1751677200;14,48543289;4,526697778
1751680800;17,68786793;5,527458728
1751684400;23,1990352;7,2496985
1751688000;24,35340131;7,610437909
1751691600;22,78942141;7,121694191
1751695200;20,92754058;6,539856431
1751698800;18,87947166;5,899834894
1751702400;17,05482844;5,329633888
1751706000;16,60797704;5,189992825
1751709600;15,23018523;4,759432884
1751713200;14,11305673;4,410330228
1751716800;13,66620532;4,270689163
1751720400;13,36830439;4,177595122
1751724000;13,51725486;4,224142144
1751727600;13,81515579;4,317236184
1751731200;15,15570999;4,736159372
1751734800;14,70885859;4,596518309
1751738400;14,67162098;4,584881556
1751742000;12,77250252;3,991407038
1751745600;10,05415651;3,141923909
1751749200;10,16586936;3,176834175
1751752800;10,13227039;3,166334497
1751756400;10,42834322;3,258857256
1751760000;11,15207682;3,485024006
1751763600;13,48776253;4,214925791
1751767200;15,59316936;4,872865425
1751770800;19,50791019;6,096221934
1751774400;20,98827437;6,558835741
1751778000;19,83688001;6,199025003
1751781600;17,83016412;5,571926288
1751785200;17,00773958;5,314918619
1751788800;15,36289049;4,800903278
1751792400;14,50756896;4,5336153
1751796000;12,33636817;3,855115053
1751799600;12,59954402;3,937357506
1751803200;12,10608929;3,783152903
1751806800;11,51394362;3,598107381
1751810400;11,5468406;3,608387688
1751814000;12,43505911;3,885955972
1751817600;12,86271987;4,019599959
1751821200;12,43505911;3,885955972
1751824800;13,09299875;4,091562109
1751828400;11,61263457;3,628948303
1751832000;9,869094533;3,084092042
1751835600;10,69151908;3,341099713
1751839200;11,70996794;3,659364981
1751842800;12,38011671;3,868786472
1751846400;15,51923462;4,849760819
1751850000;20,56298588;6,425933088
1751853600;24,16062663;7,550195822
1751857200;18,16455871;5,676424597
1751860800;20,42190192;6,38184435
1751864400;17,67076488;5,522114025
1751868000;15,55450561;4,860783003
1751871600;15,02544079;4,695450247
1751875200;14,24947906;4,452962206
1751878800;13,54405931;4,232518534
1751882400;12,55647165;3,923897391
1751886000;12,73282659;3,979008309
1751889600;12,4153877;3,879808656
1751893200;12,55647165;3,923897391
1751896800;12,62701363;3,945941759
1751900400;13,43824634;4,199451981
1751904000;14,32002104;4,475006575
1751907600;14,39056301;4,497050941
1751911200;14,49637598;4,530117494
1751914800;13,01499449;4,067185778
1751918400;10,9692772;3,427899125
1751922000;10,22858646;3,196433269
1751925600;10,67959954;3,337374856
1751929200;10,57523863;3,304762072
1751932800;11,72320861;3,663502691
1751936400;14,61052705;4,565789703
1751940000;18,88932426;5,902913831
1751943600;23,86386085;7,457456516
1751947200;25,0466178;7,827068063
1751950800;19,89814637;6,218170741
1751954400;18,22837184;5,6963662
1751958000;17,08040186;5,337625581
1751961600;15,44541431;4,826691972
1751965200;15,16711856;4,73972455
1751968800;13,25383525;4,141823516
1751972400;12,9755395;4,054856094
1751976000;11,82756952;3,696115475
1751979600;11,34055195;3,543922484
1751983200;11,82756952;3,696115475
1751986800;12,34937406;3,859179394
1751990400;13,53213101;4,228790941
1751994000;14,40180524;4,500564138
1751997600;13,67127888;4,27227465
1752001200;12,38416102;3,870050319
1752004800;9,914286213;3,098214442
1752008400;9,183759861;2,869924957
1752012000;8,800850389;2,750265747
1752015600;8,92058985;2,787684328
1752019200;9,938375269;3,105742272
1752022800;12,45290395;3,891532484
1752026400;15,89541346;4,967316706
1752030000;20,6849919;6,464059969
1752033600;21,64290759;6,763408622
1752037200;18,02078889;5,631496528
1752040800;16,4641759;5,145054969
1752044400;15,50626021;4,845706316
1752048000;13,85984262;4,331200819
1752051600;13,74010316;4,293782238
1752055200;11,88414151;3,713794222
1752058800;11,10583501;3,470573441
1752062400;10,26765879;3,208643372
1752066000;9,639026616;3,012195818
1752069600;9,968310134;3,115096917
1752073200;10,38739825;3,246061953
1752076800;11,34531394;3,545410606
1752080400;11,82427178;3,695084931
1752084000;11,31537907;3,536055959
1752087600;10,26765879;3,208643372
1752091200;8,082413622;2,525754257
1752094800;7,334041991;2,291888122
1752098400;7,727556227;2,414861321
1752102000;7,832693047;2,447716577
1752105600;8,726356012;2,726986254
1752109200;10,93422922;3,416946631
1752112800;13,95691278;4,361535244
1752116400;18,16238555;5,675745484
1752120000;19,00348011;5,938587534
1752123600;15,82309132;4,944716038
1752127200;14,45631267;4,517597709
1752130800;13,61521811;4,254755659
1752134400;12,16958685;3,802995891
1752138000;12,06445003;3,770140634
1752141600;10,43482933;3,260884166
1752145200;9,751440001;3,047325
1752148800;9,015482265;2,817338208
1752152400;8,463513963;2,644848113
1752156000;8,752640217;2,735200068
1752159600;9,120619084;2,850193464
1752163200;9,96171364;3,113035513
1752166800;10,38226092;3,244456538
1752170400;9,935429435;3,104821698
1752174000;9,015482265;2,817338208
1752177600;7,096735311;2,217729785
1752181200;6,439630189;2,012384434
1752184800;6,097501158;1,905469112
1752188400;6,263419557;1,957318612
1752192000;6,450077756;2,015649299
1752195600;8,607016941;2,689692794
1752199200;13,37717091;4,180365909
1752202800;15,51337029;4,847928216
1752206400;15,59632949;4,873852966
1752210000;11,92538492;3,726682788
1752213600;11,13727252;3,480397663
1752217200;10,99209392;3,43502935
1752220800;10,18324173;3,182263041
1752224400;9,644006933;3,013752167
1752228000;7,881123946;2,462851233
1752231600;7,19671055;2,248972047
1752235200;6,885613552;2,151754235
1752238800;6,118240958;1,911950299
1752242400;6,408598156;2,002686924
1752246000;6,574516555;2,054536423
1752249600;7,694465747;2,404520546
1752253200;8,088521944;2,527663108
1752256800;7,321149349;2,287859172
1752260400;7,072271751;2,210084922
1752264000;5,433827563;1,698071113
1752267600;4,894592766;1,529560239
1752271200;6,03378697;1,885558428
1752274800;6,155681656;1,923650518
1752278400;6,196313218;1,936347881
1752282000;8,004417731;2,501380541
1752285600;12,55515268;3,923485213
1752289200;14,09915204;4,405985013
1752292800;15,23683578;4,761511181
1752296400;12,06757394;3,771116856
1752300000;11,23462692;3,510820913
1752303600;10,70641661;3,345755191
1752307200;9,73125912;3,041018475
1752310800;9,203048812;2,875952754
1752314400;7,963786169;2,488683178
1752318000;6,82610243;2,133157009
1752321600;6,663576182;2,082367557
1752325200;5,789997597;1,809374249
1752328800;6,379155247;1,993486015
1752332400;6,744839306;2,107762283
1752336000;8,126312417;2,53947263
1752339600;8,207575541;2,564867357
1752343200;7,699681015;2,406150317
1752346800;7,00894446;2,190295144
1752350400;5,343050414;1,669703254
1752354000;5,160208385;1,61256512
1752357600;6,112780386;1,910243871
1752361200;5,86579936;1,8330623
1752364800;6,647905941;2,077470607
1752368400;8,253282608;2,579150815
1752372000;9,61167825;3,003649453
1752375600;13,29581188;4,154941213
1752379200;14,16024547;4,425076709
1752382800;12,61661406;3,942691894
1752386400;11,31996368;3,53748865
1752390000;11,21705492;3,505329663
1752393600;9,488187737;2,965058668
1752397200;9,220624959;2,8814453
1752400800;7,965138078;2,489105649
1752404400;8,417936625;2,630605195
1752408000;7,88281107;2,463378459
1752411600;7,553503036;2,360469699
1752415200;7,203613249;2,25112914
1752418800;7,162449745;2,238265545
1752422400;7,635830044;2,386196889
1752426000;7,450594275;2,328310711
1752429600;7,88281107;2,463378459
1752433200;7,080122736;2,212538355
1752436800;5,762890599;1,800903312
1752440400;6,009871625;1,878084883
1752444000;8,53571947;2,667412334
1752447600;9,937106248;3,105345703
1752451200;11,89904774;3,718452419
1752454800;15,49169384;4,841154325
1752458400;18,44734596;5,764795613
1752462000;14,06482731;4,395258534
1752465600;15,72101168;4,91281615
1752469200;11,95000726;3,734377269
1752472800;11,05821567;3,455692397
1752476400;10,85437759;3,391992997
1752480000;9,656828893;3,017759029
1752483600;9,478470575;2,962022055
1752487200;9,019834902;2,818698407
1752490800;8,663118268;2,707224459
1752494400;8,280921874;2,587788086
1752498000;8,153523076;2,547975961
1752501600;8,866956345;2,770923858
1752505200;9,121753941;2,850548107
1752508800;9,300112258;2,906285081
1752512400;10,39574192;3,24866935
1752516000;11,21109423;3,503466947
1752519600;9,452990816;2,95405963
1752523200;8,026124278;2,508163837
1752526800;7,261731489;2,26929109
1752530400;10,73796134;3,355612919
1752534000;10,63303012;3,322821913
1752537600;11,78727352;3,683522975
1752541200;14,69037056;4,5907408
1752544800;18,99255051;5,935172034
1752548400;23,99427191;7,498209972
1752552000;25,18349238;7,869841369
1752555600;20,00688562;6,252151756
1752559200;18,32798612;5,727495663
1752562800;17,17374272;5,3667946
1752566400;15,5298203;4,853068844
1752570000;15,25000372;4,765626163
1752573600;13,32626472;4,164457725
1752577200;13,04644814;4,077015044
1752580800;11,89220474;3,716313981
1752584400;11,40252572;3,563289288
1752588000;11,89220474;3,716313981
1752591600;12,41686083;3,880269009
1752595200;13,6060813;4,251900406
1752598800;14,48050812;4,525158788
1752602400;13,74598959;4,295621747
1752606000;12,4518379;3,891199344
1752609600;9,968465735;3,115145542
1752613200;9,233947208;2,885608503
1752616800;11,35223484;3,547573388
1752620400;12,15762987;3,799259334
1752624000;13,19313778;4,122855556
1752627600;15,80108362;4,937838631
1752631200;19,59794595;6,124358109
1752634800;24,46866833;7,646458853
1752638400;25,15900693;7,862189666
1752642000;23,16469541;7,238967316
1752645600;21,36214461;6,675670191
1752649200;19,29112879;6,028477747
1752652800;17,71869086;5,537090894
1752656400;16,2996615;5,093644219
1752660000;15,41756218;4,817988181
1752663600;14,42040641;4,506377003
1752667200;14,11358926;4,410496644
1752670800;13,76841995;4,302631234
1752674400;13,76841995;4,302631234
1752678000;14,07523711;4,398511597
1752681600;15,14909716;4,734092863
1752685200;14,95733644;4,674167638
1752688800;14,76557572;4,614242413
1752692400;12,92467277;4,038960241
1752696000;10,24002264;3,200007075
1752699600;10,31672693;3,223977166
1752703200;9,785588625;3,057996445
1752706800;9,918725885;3,099601839
1752710400;11,0503926;3,453247688
1752714000;13,84627506;4,326960956
1752717600;17,67397129;5,523116028
1752721200;22,9994617;7,187331781
1752724800;24,06455978;7,520174931
1752728400;20,03715766;6,261611769
1752732000;18,30637328;5,72074165
1752735600;17,2412752;5,3878985
1752739200;15,41063787;4,815824334
1752742800;15,27750061;4,774218941
1752746400;13,21387307;4,129335334
1752750000;12,34848088;3,858900275
1752753600;11,41652006;3,567662519
1752757200;10,71754945;3,349234203
1752760800;11,08367691;3,463649034
1752764400;11,54965732;3,609267913
1752768000;12,6147554;3,942111063
1752771600;13,14730444;4,108532638
1752775200;12,58147109;3,931709716
1752778800;11,41652006;3,567662519
1752782400;8,986765063;2,808364082
1752786000;8,154657187;2,548330371
1752789600;8,824903084;2,757782214
1752793200;8,944969793;2,79530306
1752796800;9,965536816;3,114230255
1752800400;12,4869377;3,902168031
1752804000;15,93885557;4,980892366
1752807600;20,74152392;6,481726225
1752811200;21,70205758;6,781892994
1752814800;18,07003965;5,646887391
1752818400;16,50917244;5,159116388
1752822000;15,54863877;4,858949616
1752825600;13,89772152;4,343037975
1752829200;13,77765482;4,305517131
1752832800;11,91662083;3,723944009
1752836400;11,13618723;3,480058509
1752840000;10,29572026;3,217412581
1752843600;9,665370045;3,020428139
1752847200;9,995553493;3,123610467
1752850800;10,41578697;3,254933428
1752854400;11,37632064;3,5551002
1752858000;11,85658748;3,705183588
1752861600;11,34630397;3,545719991
1752865200;10,29572026;3,217412581
1752868800;8,104502832;2,532657135
1752872400;7,354085903;2,298151845
1752876000;7,866576962;2,458305301
1752879600;7,839819898;2,449943718
1752883200;8,615774768;2,692429615
1752886800;10,7028258;3,344633063
1752890400;13,72637409;4,289491903
1752894000;17,33857779;5,418305559
1752897600;19,53265708;6,103955338
1752901200;16,72316531;5,225989159
1752904800;15,11774144;4,7242942
1752908400;13,9404306;4,356384563
1752912000;12,14770728;3,796158525
1752915600;12,01392196;3,754350613
1752919200;10,83661112;3,386440975
1752922800;9,605786155;3,001808173
1752926400;9,177673123;2,868022851
1752930000;8,374961188;2,617175371
1752933600;8,910102478;2,784407024
1752937200;9,686057348;3,026892921
1752940800;10,75633993;3,361356228
1752944400;10,78309699;3,369717809
1752948000;10,59579754;3,311186731
1752951600;9,284701381;2,901469182
1752955200;7,170893285;2,240904152
1752958800;6,769537318;2,115480412
1752962400;6,069992906;1,896872783
1752966000;5,824740667;1,820231458
1752969600;6,601372756;2,062928986
1752973200;8,195512307;2,561097596
1752976800;9,54439962;2,982624881
1752980400;13,20274551;4,125857972
1752984000;14,06112835;4,394102609
1752987600;12,52830186;3,915094331
1752991200;11,2407276;3,512727375
1752994800;11,13853917;3,480793491
1752998400;9,4217735;2,944304219
1753002000;9,156083575;2,861276117
1753005600;7,909384695;2,471682717
1753009200;8,3590138;2,612191813
1753012800;7,827633949;2,446135609
1753016400;7,500630964;2,343947176
1753020000;7,153190293;2,235371967
1753023600;7,11231492;2,222598413
1753027200;7,582381711;2,369494285
1753030800;7,398442532;2,312013291
1753034400;7,827633949;2,446135609
1753038000;7,030564174;2,197051304
1753041600;5,722552234;1,788297573
1753045200;5,967804473;1,864938898
1753048800;6,336699692;1,980218654
1753052400;7,183946447;2,244983265
1753056000;9,107902621;2,846219569
1753059600;11,40252925;3,563290391
1753063200;12,56749354;3,927341731
1753066800;9,566827947;2,989633733
1753070400;11,56138802;3,612933756
1753074000;8,190051969;2,55939124
1753077600;7,342805214;2,294626629
1753081200;7,395758136;2,311174418
1753084800;6,548511381;2,046409807
1753088400;6,619115277;2,068473524
1753092000;6,036633133;1,886447854
1753095600;5,613009755;1,754065548
1753099200;5,701264625;1,781645195
1753102800;5,295292222;1,654778819
1753106400;5,648311703;1,765097407
1753110000;6,089586055;1,902995642
1753113600;6,619115277;2,068473524
1753117200;6,84857794;2,140180606
1753120800;7,554616903;2,360817782
1753124400;6,566162355;2,051925736
1753128000;5,542405859;1,732001831
1753131600;5,171735403;1,616167313
1753135200;5,822678256;1,819586955
1753138800;5,879209113;1,837252848
1753142400;6,029958064;1,884361895
1753146000;7,914319959;2,473224987
1753149600;12,38025765;3,868830516
1753153200;13,96312164;4,363475513
1753156800;14,17040145;4,428250453
1753160400;10,137867;3,168083438
1753164000;9,51602757;2,973758616
1753167600;9,384122238;2,932538199
1753171200;8,686908336;2,714658855
1753174800;8,310035957;2,596886237
1753178400;6,82139006;2,131684394
1753182000;6,538735776;2,04335493
1753185600;6,29376873;1,966802728
1753189200;5,766147399;1,801921062
1753192800;6,011114445;1,878473264
1753196400;6,124176159;1,91380505
1753200000;7,17941882;2,243568381
1753203600;7,782414627;2,432004571
1753207200;7,028669869;2,196459334
1753210800;6,764859203;2,114018501
1753214400;5,238526068;1,637039396
1753218000;4,748591976;1,483934993
1753221600;5,494660957;1,717081549
1753225200;5,644175541;1,763804857
1753228800;5,812379448;1,816368578
1753232400;7,756069038;2,423771574
1753236000;12,05461332;3,767066663
1753239600;13,97961359;4,368629247
1753243200;14,05437088;4,3919909
1753246800;10,74636071;3,358237722
1753250400;10,03616644;3,136302013
1753254000;9,905341181;3,095419119
1753257600;9,176457584;2,867642995
1753261200;8,690535187;2,715792246
1753264800;7,101942733;2,219357104
1753268400;6,485195075;2,026623461
1753272000;6,20485523;1,939017259
1753275600;5,51335028;1,722921963
1753279200;5,775000802;1,804687751
1753282800;5,924515385;1,851411058
1753286400;6,933738827;2,166793383
1753290000;7,288835963;2,277761238
1753293600;6,597331013;2,061665942
1753297200;6,373059137;1,99158098
1753300800;4,896602621;1,530188319
1753304400;4,410680224;1,37833757
1753308000;5,432474154;1,697648173
1753311600;5,58029658;1,743842681
1753315200;5,746596809;1,795811503
1753318800;7,668288346;2,396340108
1753322400;11,91818309;3,724432216
1753326000;13,82139683;4,319186509
1753329600;13,89530804;4,342283763
1753333200;10,62473686;3,320230269
1753336800;9,922580342;3,100806357
1753340400;9,793235719;3,060386162
1753344000;9,072601393;2,835187935
1753347600;8,592178508;2,685055784
1753351200;7,021565233;2,194239135
1753354800;6,411797725;2,003686789
1753358400;6,134630677;1,917072087
1753362000;5,450951957;1,703422487
1753365600;5,709641202;1,784262876
1753369200;5,857463628;1,830457384
1753372800;6,855265003;2,142270313
1753376400;7,206343265;2,25198227
1753380000;6,522664545;2,03833267
1753383600;6,300930906;1,969040908
1753387200;4,84118445;1,512870141
1753390800;4,360761565;1,362737989
1753394400;5,486523326;1,714538539
1753398000;5,635816477;1,761192649
1753401600;5,803771273;1,813678523
1753405200;7,744582245;2,420181952
1753408800;12,03676036;3,761487613
1753412400;13,95890969;4,362159278
1753416000;14,03355626;4,385486331
1753419600;10,73044528;3,35326415
1753423200;10,02130281;3,131657128
1753426800;9,890671301;3,090834782
1753430400;9,162867187;2,863395996
1753434000;8,677664444;2,711770139
1753437600;7,091424707;2,216070221
1753441200;6,475590456;2,023622018
1753444800;6,195665796;1,936145561
1753448400;5,50518497;1,720370303
1753452000;5,766447985;1,802014995
1753455600;5,915741137;1,848669105
1753459200;6,923469911;2,163584347
1753462800;7,278041146;2,274387858
1753466400;6,58756032;2,0586126
1753470000;6,363620592;1,988631435
1753473600;4,889350719;1,5279221
1753477200;4,404147976;1,376296243
1753480800;5,460357353;1,706361673
1753484400;5,570667602;1,740833626
1753488000;5,607437685;1,752324277
1753491600;7,243706387;2,263658246
1753495200;11,3619557;3,550611156
1753498800;12,75921886;3,987255894
1753502400;13,78878119;4,308994122
1753506000;10,92071471;3,412723347
1753509600;10,166928;3,177165
1753513200;9,688916919;3,027786537
1753516800;8,806434922;2,752010913
1753520400;8,328423841;2,60263245
1753524000;7,206936304;2,252167595
1753527600;6,177373975;1,930429367
1753531200;6,030293642;1,884466763
1753534800;5,239736854;1,637417767
1753538400;5,77290306;1,804032206
1753542000;6,103833808;1,907448065
1753545600;7,354016637;2,298130199
1753549200;7,427556803;2,321111501
1753552800;6,967930763;2,177478363
1753556400;6,342839349;1,982137297
1753560000;4,835265939;1,511020606
1753563600;4,669800564;1,459312676
1753567200;5,777471187;1,805459746
1753570800;5,086301321;1,589469163
1753574400;5,600248145;1,750077545
1753578000;6,805364834;2,126676511
1753581600;8,010481524;2,503275476
1753585200;11,92711076;3,727222113
1753588800;13,00817132;4,065053538
1753592400;11,00555094;3,439234669
1753596000;9,357376647;2,924180202
1753599600;9,977657296;3,118017905
1753603200;7,407923179;2,314975993
1753606800;7,602868526;2,375896414
1753610400;6,840809443;2,137752951
1753614000;7,62059083;2,381434634
1753617600;7,071199398;2,209749812
1753621200;6,645864096;2,07683253
1753624800;5,95469423;1,860841947
1753628400;5,688859666;1,777768646
1753632000;6,486363358;2,026988549
1753635600;6,380029532;1,993759229
1753639200;6,769920226;2,115600071
1753642800;6,025583447;1,882994827
1753646400;4,696410628;1,467628321
1753650000;5,458469711;1,705771785
1753653600;6,738614213;2,105816942
1753657200;7,639598843;2,387374638
1753660800;9,685584774;3,026745242
1753664400;12,12575148;3,789297338
1753668000;13,36460535;4,176439172
1753671600;10,17361811;3,179255659
1753675200;12,2946861;3,842089406
1753678800;8,709518091;2,721724403
1753682400;7,808533461;2,440166707
1753686000;7,864845;2,457764063
1753689600;6,96386037;2,176206366
1753693200;7,038942423;2,199669507
1753696800;6,41951549;2,006098591
1753700400;5,969023174;1,865319742
1753704000;6,06287574;1,894648669
1753707600;5,631153938;1,759735606
1753711200;6,006564201;1,877051313
1753714800;6,475827029;2,023695947
1753718400;7,038942423;2,199669507
1753722000;7,282959093;2,275924717
1753725600;8,033779618;2,510556131
1753729200;6,982630883;2,182072151
1753732800;5,893941122;1,841856601
1753736400;5,499760346;1,718675108
1753740000;6,731920418;2,103725131
1753743600;6,66613618;2,083167556
1753747200;7,389762804;2,309300876
1753750800;9,209793406;2,878060439
1753754400;11,90694719;3,720920997
1753758000;15,04266256;4,70083205
1753761600;15,78821727;4,933817897
1753765200;12,5428615;3,919644219
1753768800;11,49031368;3,590723025
1753772400;10,76668705;3,364589703
1753776000;9,736067315;3,042521036
1753779600;9,560642679;2,987700837
1753783200;8,354598304;2,61081197
1753786800;8,179173668;2,555991771
1753790400;7,455547043;2,329858451
1753794000;7,148553929;2,233923103
1753797600;7,455547043;2,329858451
1753801200;7,784468236;2,432646324
1753804800;8,53002294;2,665632169
1753808400;9,078224929;2,83694529
1753812000;8,617735258;2,693042268
1753815600;7,806396315;2,439498848
1753819200;6,249502668;1,952969584
1753822800;5,789012998;1,809066562
1753826400;6,966908;2,17715875
1753830000;7,061695864;2,206779958
1753833600;7,867392708;2,458560221
1753837200;9,857937851;3,080605578
1753840800;12,58308894;3,932215294
1753844400;16,3746035;5,117063594
1753848000;17,13290641;5,354033253
1753851600;14,26557352;4,457991725
1753855200;13,03333129;4,072916028
1753858800;12,27502838;3,835946369
1753862400;10,97169525;3,428654766
1753866000;10,87690739;3,399033559
1753869600;9,407695497;2,939904843
1753873200;8,791574381;2,747366994
1753876800;8,128059334;2,540018542
1753880400;7,630423048;2,384507203
1753884000;7,891089674;2,465965523
1753887600;8,222847198;2,569639749
1753891200;8,981150109;2,806609409
1753894800;9,360301565;2,925094239
1753898400;8,957453143;2,799204107
1753902000;8,128059334;2,540018542
1753905600;6,398180817;1,999431505
1753909200;5,805756667;1,814298958
1753912800;7,292789507;2,278996721
1753916400;7,392011133;2,310003479
1753920000;8,235394953;2,573560923
1753923600;10,3190491;3,224702844
1753927200;13,17167084;4,116147138
1753930800;17,14053588;5,356417463
1753934400;17,93430889;5,604471528
1753938000;14,9328547;4,666517094
1753941600;13,64297357;4,263429241
1753945200;12,84920056;4,015375175
1753948800;11,4849032;3,58903225
1753952400;11,38568158;3,558025494
1753956000;9,847746375;3,077420742
1753959600;9,202805806;2,875876814
1753963200;8,508254425;2,658829508
1753966800;7,987340888;2,496044028
1753970400;8,26020036;2,581312613
1753974000;8,607476051;2,689836266
1753977600;9,401249058;2,937890331
1753981200;9,798135562;3,061917363
1753984800;9,376443652;2,930138641
1753988400;8,508254425;2,658829508
1753992000;6,697459751;2,092956172
1753995600;6,077324589;1,899163934
1753999200;8,007451295;2,50232853
1754002800;8,116396211;2,536373816
1754006400;9,042427994;2,825758748
1754010000;11,33027122;3,540709756
1754013600;14,46243754;4,519511731
1754017200;18,82023417;5,881323178
1754020800;19,69179349;6,153685466
1754024400;16,3962098;5,123815563
1754028000;14,97992589;4,681226841
1754031600;14,10836657;4,408864553
1754035200;12,61037398;3,940741869
1754038800;12,50142906;3,906696581
1754042400;10,81278287;3,378994647
1754046000;10,10464092;3,157700288
1754049600;9,342026511;2,919383285
1754053200;8,770065705;2,740645533
1754056800;9,069664222;2,834270069
1754060400;9,450971427;2,953428571
1754064000;10,32253075;3,225790859
1754067600;10,75831041;3,361972003
1754071200;10,29529452;3,217279538
1754074800;9,342026511;2,919383285
1754078400;7,353781802;2,298056813
1754082000;6,67287608;2,085273775
1754085600;8,886437203;2,777011626
1754089200;8,856211226;2,767566008
1754092800;9,732764556;3,041488924
1754096400;12,09039075;3,778247109
1754100000;15,50592614;4,845601919
1754103600;19,58643302;6,120760319
1754107200;22,06496312;6,895300975
1754110800;18,89123555;5,903511109
1754114400;17,07767694;5,336774044
1754118000;15,74773396;4,921166863
1754121600;13,7225935;4,288310469
1754125200;13,57146362;4,241082381
1754128800;12,24152064;3,8254752
1754132400;10,8511257;3,390976781
1754136000;10,36751007;3,239846897
1754139600;9,460730764;2,956478364
1754143200;10,0652503;3,145390719
1754146800;10,94180363;3,419313634
1754150400;12,15084271;3,797138347
1754154000;12,18106868;3,806583963
1754157600;11,96948685;3,740464641
1754161200;10,48841398;3,277629369
1754164800;8,100561804;2,531425564
1754168400;7,647172151;2,389741297
1754172000;9,043189365;2,825996677
1754175600;8,677807977;2,711814993
1754179200;9,83484904;3,073390325
1754182800;12,20982807;3,815571272
1754186400;14,2194257;4,443570531
1754190000;19,66969808;6,14678065
1754193600;20,94853294;6,546416544
1754197200;18,66489926;5,832781019
1754200800;16,74664697;5,233327178
1754204400;16,59440473;5,185751478
1754208000;14,03673501;4,386479691
1754211600;13,64090517;4,262782866
1754215200;11,78354978;3,682359306
1754218800;12,45341566;3,891692394
1754222400;11,66175598;3,644298744
1754226000;11,1745808;3,4920565
1754229600;10,65695716;3,330299113
1754233200;10,59606027;3,311268834
1754236800;11,29637459;3,530117059
1754240400;11,02233855;3,444480797
1754244000;11,66175598;3,644298744
1754247600;10,47426647;3,273208272
1754251200;8,525565731;2,664239291
1754254800;8,89094712;2,778420975
1754258400;9,309836536;2,909323918
1754262000;10,83831716;3,386974113
1754265600;12,97819004;4,055684388
1754269200;16,89665855;5,280205797
1754272800;20,12036314;6,287613481
1754276400;15,34038737;4,793871053
1754280000;17,14677356;5,358366738
1754283600;13,03377115;4,073053484
1754287200;12,06110166;3,769094269
1754290800;11,83877721;3,699617878
1754294400;10,53262104;3,291444075
1754298000;10,33808714;3,230652231
1754301600;9,837857116;3,074330349
1754305200;9,448789321;2,952746663
1754308800;9,031930968;2,822478428
1754312400;8,892978184;2,779055683
1754316000;9,671113775;3,022223055
1754319600;9,949019343;3,109068545
1754323200;10,14355324;3,169860388
1754326800;11,33854718;3,543295994
1754330400;12,227845;3,821201563
1754334000;10,31029658;3,221967681
1754337600;8,7540254;2,735632938
1754341200;7,920308695;2,475096467
1754344800;8,466409501;2,645752969
1754348400;8,383675857;2,619898705
1754352000;9,293745934;2,904295604
1754355600;11,58271007;3,619596897
1754359200;14,97478944;4,6796217
1754362800;18,91842644;5,912008263
1754366400;19,8560744;6,20502325
1754370000;15,77454799;4,929546247
1754373600;14,4508097;4,515878031
1754377200;13,54073963;4,231481134
1754380800;12,24457921;3,826431003
1754384400;12,02395616;3,7574863
1754388000;10,5071727;3,283491469
1754391600;10,28654965;3,214546766
1754395200;9,376479577;2,930149868
1754398800;8,990389242;2,809496638
1754402400;9,376479577;2,930149868
1754406000;9,790147794;3,059421186
1754409600;10,72779575;3,352436172
1754413200;11,41724278;3,567888369
1754416800;10,83810728;3,386908525
1754420400;9,817725675;3,068039273
1754424000;7,859696116;2,456155036
1754427600;7,280560613;2,275175192
1754431200;8,249807603;2,578064876
1754434800;8,362049884;2,613140589
1754438400;9,316109267;2,911284146
1754442000;11,67319715;3,647874109
1754445600;14,90016271;4,656300847
1754449200;19,38985393;6,059329353
1754452800;20,28779217;6,339935053
1754456400;16,89246319;5,278894747
1754460000;15,43331354;4,822910481
1754463600;14,5353753;4,542304781
1754467200;12,99204395;4,060013734
1754470800;12,87980167;4,024938022
1754474400;11,14004632;3,481264475
1754478000;10,4104715;3,253272344
1754481600;9,624775537;3,007742355
1754485200;9,035503566;2,823594864
1754488800;9,344169837;2,920053074
1754492400;9,737017818;3,042818068
1754496000;10,63495606;3,323423769
1754499600;11,08392518;3,463726619
1754503200;10,60689549;3,314654841
1754506800;9,624775537;3,007742355
1754510400;7,576353922;2,367610601
1754514000;6,87483967;2,148387397
1754517600;8,779372488;2,743553903
1754521200;8,898819733;2,780881167
1754524800;9,914121313;3,09816291
1754528400;12,42251345;3,882035453
1754532000;15,85662174;4,955194294
1754535600;20,63451153;6,448284853
1754539200;21,59008949;6,746902966
1754542800;17,97681033;5,617753228
1754546400;16,42399615;5,132498797
1754550000;15,46841819;4,833880684
1754553600;13,82601858;4,320630806
1754557200;13,70657133;4,283303541
1754560800;11,85513904;3,70473095
1754564400;11,07873195;3,462103734
1754568000;10,24260124;3,200812888
1754571600;9,615503201;3,00484475
1754575200;9,943983124;3,107494726
1754578800;10,36204848;3,23814015
1754582400;11,31762644;3,536758263
1754586000;11,79541542;3,686067319
1754589600;11,28776463;3,527426447
1754593200;10,24260124;3,200812888
1754596800;8,06268902;2,519590319
1754600400;7,31614374;2,286294919
1754604000;8,388142215;2,621294442
1754607600;8,502266599;2,656958312
1754611200;9,472323862;2,960101207
1754614800;11,86893592;3,709042475
1754618400;15,15001196;4,734378738
1754622000;19,71498731;6,160933534
1754625600;20,62798239;6,446244497
1754629200;17,17571977;5,367412428
1754632800;15,69210278;4,903782119
1754636400;14,77910771;4,618471159
1754640000;13,20989743;4,128092947
1754643600;13,09577305;4,092429078
1754647200;11,3268451;3,539639094
1754650800;10,5850366;3,307823938
1754654400;9,786165917;3,058176849
1754658000;9,187012902;2,870941532
1754661600;9,500854958;2,969017174
1754665200;9,900290301;3,093840719
1754668800;10,81328537;3,379151678
1754672400;11,26978291;3,521807159
1754676000;10,78475428;3,370235713
1754679600;9,786165917;3,058176849
1754683200;7,703395912;2,407311223
1754686800;6,990118512;2,184412035
1754690400;7,909584097;2,47174503
1754694000;7,88268075;2,463337734
1754697600;8,662877821;2,707149319
1754701200;10,76133891;3,362918409
1754704800;13,80141715;4,312942859
1754708400;17,43336903;5,447927822
1754712000;19,63944351;6,137326097
1754715600;16,81459204;5,254560013
1754719200;15,20039121;4,750122253
1754722800;14,01664393;4,380201228
1754726400;12,21411966;3,816912394
1754730000;12,07960292;3,774875913
1754733600;10,89585564;3,404954888
1754737200;9,65830167;3,018219272
1754740800;9,227848114;2,883702536
1754744400;8,420747696;2,631483655
1754748000;8,958814641;2,799629575
1754751600;9,739011712;3,04344116
1754755200;10,8151456;3,379733
1754758800;10,84204895;3,388140297
1754762400;10,65372552;3,329289225
1754766000;9,335461503;2,91733172
1754769600;7,210097068;2,253155334
1754773200;6,806546859;2,127045893
1754776800;9,081675858;2,838023706
1754780400;8,71473946;2,723356081
1754784000;9,876704721;3,086470225
1754787600;12,26179131;3,831809784
1754791200;14,2799415;4,462481719
1754794800;19,75340944;6,17294045
1754798400;21,03768684;6,574277138
1754802000;18,74433435;5,857604484
1754805600;16,81791826;5,255599456
1754809200;16,66502809;5,207821278
1754812800;14,0964733;4,405147906
1754816400;13,69895887;4,280924647
1754820000;11,83369885;3,698030891
1754823600;12,50641558;3,908254869
1754827200;11,71138671;3,659808347
1754830800;11,22213818;3,506918181
1754834400;10,70231162;3,344472381
1754838000;10,64115555;3,325361109
1754841600;11,34445031;3,545140722
1754845200;11,06924802;3,459140006
1754848800;11,71138671;3,659808347
1754852400;10,51884342;3,287138569
1754856000;8,561849294;2,675577904
1754859600;8,928785692;2,790245529
1754863200;13,78832049;4,308850153
1754866800;14,57741113;4,555440978
1754870400;18,27367776;5,7105243
1754874000;24,21262304;7,5664447
1754877600;28,44879379;8,890248059
1754881200;21,3885092;6,683909125
1754884800;24,04649869;7,514530841
1754888400;20,807074;6,502210625
1754892000;18,31520885;5,723502766
1754895600;17,69224256;5,5288258
1754899200;16,77855867;5,243299584
1754902800;15,94793696;4,9837303
1754906400;14,78506655;4,620333297
1754910000;14,99272198;4,685225619
1754913600;14,61894221;4,568419441
1754917200;14,78506655;4,620333297
1754920800;14,86812873;4,646290228
1754924400;15,8233437;4,944794906
1754928000;16,86162085;5,269256516
1754931600;16,94468302;5,295213444
1754935200;17,06927628;5,334148838
1754938800;15,32497067;4,789053334
1754942400;12,91616769;4,036302403
1754946000;12,04401489;3,763754653
1754949600;17,58935851;5,496674534
1754953200;18,81652306;5,880163456
1754956800;20,8033609;6,501050281
1754960400;24,36798173;7,614994291
1754964000;29,9778768;9,3680865
1754967600;36,81493642;11,50466763
1754971200;37,92522816;11,8516338
1754974800;33,71780685;10,53681464
1754978400;31,43878698;9,824620931
1754982000;28,51696663;8,911552072
1754985600;26,17951034;8,181096981
1754989200;24,19267251;7,560210159
1754992800;22,79019874;7,121937106
1754996400;21,679907;6,774970938
1755000000;21,85521623;6,829755072
1755003600;20,74492449;6,482788903
1755007200;21,38772497;6,683664053
1755010800;21,97208904;6,866277825
1755014400;23,78361766;7,432380519
1755018000;23,90049047;7,468903272
1755021600;23,37456281;7,304550878
1755025200;20,51117886;6,409743394
1755028800;16,36219397;5,113185616
1755032400;15,71939349;4,912310466
1755036000;13,70813325;4,283791641
1755039600;14,68066973;4,587709291
1755043200;15,93107378;4,978460556
1755046800;19,08023953;5,962574853
1755050400;23,66505436;7,395329488
1755054000;29,54658451;9,233307659
1755057600;30,38018721;9,493808503
1755061200;27,97200164;8,741250513
1755064800;25,79537237;8,061053866
1755068400;23,29456428;7,279551338
1755072000;21,39580258;6,686188306
1755075600;19,68228592;6,15071435
1755079200;18,61712692;5,817852163
1755082800;17,41303413;5,441573166
1755086400;17,04254404;5,325795013
1755090000;16,62574269;5,195544591
1755093600;16,62574269;5,195544591
1755097200;16,99623278;5,311322744
1755100800;18,29294809;5,716546278
1755104400;18,06139178;5,644184931
1755108000;17,82983548;5,571823588
1755111600;15,60689495;4,877154672
1755115200;12,36510668;3,864095838
1755118800;12,45772921;3,893040378
1755122400;9,478365107;2,961989096
1755126000;9,607322456;3,002288268
1755129600;10,70345992;3,344831225
1755133200;13,41156423;4,191113822
1755136800;17,119088;5,349715
1755140400;22,27738194;6,961681856
1755144000;23,30904072;7,284075225
1755147600;19,40808093;6,065025291
1755151200;17,7316354;5,541136063
1755154800;16,69997662;5,218742694
1755158400;14,92681308;4,664629088
1755162000;14,79785573;4,624329916
1755165600;12,79901683;3,999692759
1755169200;11,96079406;3,737748144
1755172800;11,05809263;3,455653947
1755176400;10,38106655;3,244083297
1755180000;10,73569925;3,354906016
1755183600;11,18704997;3,495953116
1755187200;12,21870876;3,818346488
1755190800;12,73453815;3,979543172
1755194400;12,18646942;3,808271694
1755198000;11,05809263;3,455653947
1755201600;8,704621017;2,720194068
1755205200;7,898637589;2,468324247
1755208800;8,813559056;2,754237205
1755212400;8,933471424;2,79170982
1755216000;9,952726552;3,110227048
1755219600;12,47088628;3,897151963
1755223200;15,91836687;4,974489647
1755226800;20,71486159;6,473394247
1755230400;21,67416053;6,773175166
1755234000;18,0468114;5,639628563
1755237600;16,48795061;5,152484566
1755241200;15,52865167;4,852703647
1755244800;13,87985661;4,337455191
1755248400;13,75994424;4,299982575
1755252000;11,90130253;3,719157041
1755255600;11,12187214;3,475585044
1755259200;10,28248556;3,213276738
1755262800;9,652945632;3,01654551
1755266400;9,982704644;3,119595201
1755270000;10,40239793;3,250749353
1755273600;11,36169688;3,550530275
1755277200;11,84134635;3,700420734
1755280800;11,33171879;3,541162122
1755284400;10,28248556;3,213276738
1755288000;8,094084847;2,529401515
1755291600;7,344632546;2,295197671
1755295200;8,424466017;2,63264563
1755298800;8,39581137;2,623691053
1755302400;9,226796114;2,883373786
1755306000;11,46185853;3,581830791
1755309600;14,69983356;4,593697988
1755313200;18,56821081;5,802565878
1755316800;20,91789181;6,536841191
1755320400;17,90915395;5,596610609
1755324000;16,18987517;5,059335991
1755327600;14,92907073;4,665334603
1755331200;13,00920943;4,065377947
1755334800;12,8659362;4,020605063
1755338400;11,60513176;3,626603675
1755342000;10,28701803;3,214693134
1755345600;9,828543686;3,071419902
1755349200;8,968904297;2,802782593
1755352800;9,541997223;2,981874132
1755356400;10,37298197;3,241556866
1755360000;11,51916782;3,599739944
1755363600;11,54782247;3,608694522
1755367200;11,34723994;3,546012481
1755370800;9,943162271;3,10723821
1755374400;7,679445213;2,399826629
1755378000;7,249625518;2,265507974
1755381600;7,943089857;2,48221558
1755385200;7,622156934;2,381924042
1755388800;8,638444525;2,699513914
1755392400;10,72450853;3,351408916
1755396000;12,48963961;3,903012378
1755399600;17,27688905;5,399027828
1755403200;18,40015428;5,750048213
1755406800;16,39432351;5,123226097
1755410400;14,70942566;4,596695519
1755414000;14,57570361;4,554907378
1755417600;12,32917315;3,852866609
1755421200;11,98149581;3,744217441
1755424800;10,35008678;3,234402119
1755428400;10,93846381;3,418269941
1755432000;10,24310914;3,200971606
1755435600;9,815198578;3,067249556
1755439200;9,360543603;2,925169876
1755442800;9,307054782;2,908454619
1755446400;9,922176219;3,100680068
1755450000;9,681476526;3,025461414
1755453600;10,24310914;3,200971606
1755457200;9,200077141;2,875024107
1755460800;7,488434882;2,340135901
1755464400;7,809367806;2,440427439
1755468000;9,50806517;2,971270366
1755471600;11,0690908;3,459090875
1755475200;13,25452667;4,142039584
1755478800;17,25642873;5,392633978
1755482400;20,54877368;6,421491775
1755486000;15,66702082;4,895944006
1755489600;17,51186928;5,47245915
1755493200;13,31129124;4,159778513
1755496800;12,3179113;3,849347281
1755500400;12,09085302;3,778391569
1755504000;10,75688567;3,361526772
1755507600;10,55820968;3,299440525
1755511200;10,04732857;3,139790178
1755514800;9,649976591;3,015617685
1755518400;9,224242329;2,882575728
1755522000;9,082330909;2,838228409
1755525600;9,877034863;3,086573395
1755529200;10,1608577;3,175268031
1755532800;10,35953369;3,237354278
1755536400;11,57997191;3,618741222
1755540000;12,488205;3,902564063
1755543600;10,5298274;3,290571063
1755547200;8,940419488;2,79388109
1755550800;8,088950966;2,527797177
1755554400;9,003649799;2,813640562
1755558000;8,91566625;2,786145703
1755561600;9,883485284;3,088589151
1755565200;12,31769679;3,849280247
1755568800;15,92502228;4,976569463
1755572400;20,11890476;6,287157738
1755576000;21,11605165;6,598766141
1755579600;16,77552992;5,2423531
1755583200;15,36779314;4,802435356
1755586800;14,39997411;4,499991909
1755590400;13,02156518;4,069239119
1755594000;12,78694239;3,995919497
1755597600;11,17391066;3,491847081
1755601200;10,93928787;3,418527459
1755604800;9,971468833;3,11608401
1755608400;9,560878939;2,987774668
1755612000;9,971468833;3,11608401
1755615600;10,41138658;3,253558306
1755619200;11,40853346;3,565166706
1755622800;12,1417297;3,794290531
1755626400;11,52584486;3,601826519
1755630000;10,44071442;3,262723256
1755633600;8,35843711;2,612011597
1755637200;7,74255227;2,419547584
1755640800;7,410673138;2,315835356
1755644400;7,511498623;2,34734332
1755648000;8,368515244;2,615161014
1755651600;10,48585043;3,276828259
1755655200;13,38458312;4,182682225
1755658800;17,41760251;5,443000784
1755662400;18,22420639;5,695064497
1755666000;15,17423547;4,741948584
1755669600;13,86350417;4,332345053
1755673200;13,05690029;4,080281341
1755676800;11,67054987;3,647046834
1755680400;11,56972439;3,615538872
1755684000;10,00692937;3,127165428
1755687600;9,351563722;2,922363663
1755691200;8,645785327;2,701807915
1755694800;8,116451532;2,536391104
1755698400;8,393721615;2,623038005
1755702000;8,746610812;2,733315879
1755705600;9,553214691;2,985379591
1755709200;9,956516631;3,111411447
1755712800;9,52800832;2,9775026
1755716400;8,645785327;2,701807915
1755720000;6,805720229;2,126787572
1755723600;6,175560948;1,929862796
1755727200;7,335197643;2,292249263
1755730800;7,434996251;2,323436328
1755734400;8,283284414;2,588526379
1755738000;10,37905517;3,243454741
1755741600;13,24826513;4,140082853
1755745200;17,24020943;5,387565447
1755748800;18,03859829;5,637061966
1755752400;15,01969041;4,693653253
1755756000;13,72230852;4,288221413
1755759600;12,92391966;4,038724894
1755763200;11,55168881;3,609902753
1755766800;11,4518902;3,578715688
1755770400;9,905011784;3,095316183
1755774000;9,256320836;2,892600261
1755777600;8,557730584;2,674290808
1755781200;8,033787895;2,510558717
1755784800;8,308234065;2,596323145
1755788400;8,657529191;2,705477872
1755792000;9,45591805;2,954974391
1755795600;9,85511248;3,07972265
1755799200;9,430968399;2,947177625
1755802800;8,557730584;2,674290808
1755806400;6,736405999;2,105126875
1755810000;6,112664703;1,91020772
1755813600;7,962198626;2,488187071
1755817200;8,070527859;2,522039956
1755820800;8,99132634;2,809789481
1755824400;11,26624023;3,520700072
1755828000;14,38070568;4,493970525
1755831600;18,713875;5,848085938
1755835200;19,58050887;6,118909022
1755838800;16,30354957;5,094859241
1755842400;14,89526954;4,654771731
1755846000;14,02863568;4,38394865
1755849600;12,53910872;3,918471475
1755853200;12,43077949;3,884618591
1755856800;10,75167638;3,359898869
1755860400;10,04753636;3,139855113
1755864000;9,289231731;2,902884916
1755867600;8,720503257;2,725157268
1755871200;9,018408648;2,818252703
1755874800;9,397560964;2,936737801
1755878400;10,26419483;3,207560884
1755882000;10,69751176;3,342972425
1755885600;10,23711252;3,199097663
1755889200;9,289231731;2,902884916
1755892800;7,312223228;2,285069759
1755896400;6,635165522;2,073489226
1755900000;8,515017005;2,660942814
1755903600;8,486054362;2,651891988
1755907200;9,325971005;2,914365939
1755910800;11,58505715;3,620330359
1755914400;14,85783579;4,643073684
1755918000;18,76779258;5,864935181
1755921600;21,1427293;6,607102906
1755925200;18,1016518;5,656766188
1755928800;16,36389322;5,113716631
1755932400;15,08953694;4,715480294
1755936000;13,14903986;4,109074956
1755939600;13,00422665;4,063820828
1755943200;11,72987036;3,665584488
1755946800;10,39758879;3,249246497
1755950400;9,934186506;3,104433283
1755954000;9,065307219;2,832908506
1755957600;9,644560077;3,013925024
1755961200;10,48447672;3,276398975
1755964800;11,64298244;3,638432013
1755968400;11,67194508;3,647482838
1755972000;11,46920658;3,584127056
1755975600;10,05003708;3,140636588
1755979200;7,76198829;2,425621341
1755982800;7,327548647;2,289858952
1755986400;6,612930566;2,066540802
1755990000;6,345741452;1,983044204
1755993600;7,191840313;2,247450098
1755997200;8,928569552;2,790177985
1756000800;10,39810968;3,249409275
1756004400;14,38368063;4,494900197
1756008000;15,31884252;4,787138288
1756011600;13,64891056;4,26528455
1756015200;12,24616772;3,826927413
1756018800;12,13483892;3,792137163
1756022400;10,26451512;3,207660975
1756026000;9,975060248;3,117206328
1756029600;8,61684892;2,692765288
1756033200;9,106695628;2,845842384
1756036800;8,527785882;2,664933088
1756040400;8,17153373;2,553604291
1756044000;7,793015819;2,435317443
1756047600;7,7484843;2,421401344
1756051200;8,260596768;2,58143649
1756054800;8,060204933;2,518814042
1756058400;8,527785882;2,664933088
1756062000;7,659421262;2,393569144
1756065600;6,234412655;1,948253955
1756069200;6,501601769;2,031750553
1756072800;6,621083887;2,069088715
1756076400;7,506354156;2,345735674
1756080000;9,516655392;2,97395481
1756083600;11,91426237;3,723206991
1756087200;13,13150899;4,103596559
1756090800;9,996176788;3,123805246
1756094400;12,08025055;3,775078297
1756098000;8,557612601;2,674253938
1756101600;7,672342332;2,397606979
1756105200;7,727671724;2,414897414
1756108800;6,842401454;2,138250454
1756112400;6,916173977;2,161304368
1756116000;6,307550667;1,971109583
1756119600;5,864915532;1,832786104
1756123200;5,957131185;1,861603495
1756126800;5,532939182;1,729043494
1756130400;5,901801794;1,844313061
1756134000;6,362880059;1,988400018
1756137600;6,916173977;2,161304368
1756141200;7,155934675;2,236229586
1756144800;7,893659899;2,466768718
1756148400;6,860844585;2,144013933
1756152000;5,79114301;1,809732191
1756155600;5,403837267;1,688699146
1756159200;5,765839019;1,801824693
1756162800;5,821818038;1,819318137
1756166400;5,971095424;1,86596732
1756170000;7,837062744;2,449082108
1756173600;12,25940529;3,831064153
1756177200;13,82681784;4,320880575
1756180800;14,03207425;4,385023203
1756184400;10,03890418;3,137157556
1756188000;9,423134966;2,944729677
1756191600;9,292517253;2,903911642
1756195200;8,602109345;2,68815917
1756198800;8,228915881;2,571536213
1756202400;6,754801698;2,110875531
1756206000;6,4749066;2,023408313
1756209600;6,232330849;1,94760339
1756213200;5,709859999;1,78433125
1756216800;5,952435751;1,860136172
1756220400;6,06439379;1,895123059
1756224000;7,109335489;2,22166734
1756227600;7,706445031;2,408264072
1756231200;6,960058103;2,175018157
1756234800;6,698822678;2,093382087
1756238400;5,187389149;1,621059109
1756242000;4,702237646;1,469449264
1756245600;5,27141147;1,647316084
1756249200;5,414851238;1,692141012
1756252800;5,576220977;1,742569055
1756256400;7,44093796;2,325293113
1756260000;11,56483129;3,614009778
1756263600;13,4116183;4,191130719
1756267200;13,48333818;4,213543181
1756270800;10,30973332;3,221791663
1756274400;9,62839442;3,008873256
1756278000;9,502884623;2,969651445
1756281600;8,803615755;2,751129923
1756285200;8,337436509;2,605448909
1756288800;6,813388975;2,129184055
1756292400;6,221699932;1,944281229
1756296000;5,952750368;1,86023449
1756299600;5,289341441;1,6529192
1756303200;5,540361035;1,731362823
1756306800;5,683800803;1,776187751
1756310400;6,652019236;2,078756011
1756314000;6,992688685;2,185215214
1756317600;6,329279758;1,977899924
1756321200;6,114120107;1,910662533
1756324800;4,697652399;1,468016375
1756328400;4,231473153;1,32233536
1756332000;5,288057767;1,652518052
1756335600;5,431950495;1,69748453
1756339200;5,593829815;1,748071817
1756342800;7,464435283;2,332636026
1756346400;11,60135122;3,625422256
1756350000;13,4539701;4,204365656
1756353600;13,52591646;4,226848894
1756357200;10,34228985;3,231965578
1756360800;9,65879939;3,018374809
1756364400;9,532893253;2,979029142
1756368000;8,831416202;2,759817563
1756371600;8,363764835;2,613676511
1756375200;6,834904597;2,135907687
1756378800;6,241347092;1,950420966
1756382400;5,971548227;1,866108821
1756386000;5,306044358;1,658138862
1756389600;5,557856633;1,736830198
1756393200;5,701749361;1,781796675
1756396800;6,673025277;2,085320399
1756400400;7,014770507;2,192115783
1756404000;6,349266638;1,984145824
1756407600;6,133427546;1,916696108
1756411200;4,712486853;1,472652142
1756414800;4,244835486;1,326511089
1756418400;5,22713775;1,633480547
1756422000;5,369372791;1,677928997
1756425600;5,529387212;1,727933504
1756429200;7,378442743;2,305763357
1756432800;11,46770017;3,583656303
1756436400;13,29897632;4,1559301
1756440000;13,37009384;4,178154325
1756443600;10,22314356;3,194732363
1756447200;9,547527115;2,983602223
1756450800;9,423071454;2,944709829
1756454400;8,72967563;2,728023634
1756458000;8,267411748;2,583566171
1756461600;6,756164439;2,111301387
1756465200;6,169444896;1,92795153
1756468800;5,902754194;1,844610686
1756472400;5,24491713;1,639036603
1756476000;5,493828452;1,716821391
1756479600;5,636063492;1,761269841
1756483200;6,596150018;2,061296881
1756486800;6,93395824;2,16686195
1756490400;6,276121176;1,961287868
1756494000;6,062768615;1,894615192
1756497600;4,658197587;1,455686746
1756501200;4,195933704;1,311229283
1756504800;5,865794154;1,833060673
1756508400;5,984295046;1,870092202
1756512000;6,023795344;1,882436045
1756515600;7,781558575;2,431737055
1756519200;12,20559188;3,814247463
1756522800;13,70660318;4,283313494
1756526400;14,8126115;4,628941094
1756530000;11,73158831;3,666121347
1756533600;10,92183221;3,413072566
1756537200;10,40832835;3,252602609
1756540800;9,460321212;2,956350379
1756544400;8,946817347;2,795880421
1756548000;7,742058278;2,419393212
1756551600;6,636049952;2,07376561
1756555200;6,478048763;2,024390238
1756558800;5,62879237;1,758997616
1756562400;6,201546682;1,937983338
1756566000;6,557049358;2,049077924
1756569600;7,900059467;2,468768583
1756573200;7,979060062;2,493456269
1756576800;7,485306345;2,339158233
1756580400;6,81380129;2,129312903
1756584000;5,1942891;1,623215344
1756587600;5,016537762;1,567668051
1756591200;6,541787299;2,044308531
1756594800;6,277472661;1,961710207
1756598400;7,114469016;2,223271568
1756602000;8,832514165;2,760160677
1756605600;10,28624468;3,214451463
1756609200;14,22893803;4,446543134
1756612800;15,15403927;4,735637272
1756616400;13,50207278;4,219397744
1756620000;12,11442092;3,785756538
1756623600;12,00428983;3,751340572
1756627200;10,15408736;3,1731523
1756630800;9,867746499;3,083670781
1756634400;8,524147087;2,663795965
1756638000;9,008723924;2,815226226
1756641600;8,436042207;2,63626319
1756645200;8,08362269;2,526132091
1756648800;7,709176952;2,409117798
1756652400;7,665124512;2,39535141
1756656000;8,171727569;2,553664865
1756659600;7,97349159;2,491716122
1756663200;8,436042207;2,63626319
1756666800;7,577019633;2,367818635
1756670400;6,167341562;1,927294238
1756674000;6,4316562;2,009892563
1756677600;7,15683649;2,236511403
1756681200;8,331839496;2,603699843
1756684800;9,976843704;3,117763658
1756688400;12,98912414;4,059101294
1756692000;15,46731229;4,833535091
1756695600;11,79275744;3,6852367
1756699200;13,18139736;4,119186675
1756702800;10,01957109;3,131115966
1756706400;9,271841901;2,897450594
1756710000;9,100932372;2,844041366
1756713600;8,096838895;2,530262155
1756717200;7,947293058;2,483529081
1756720800;7,562746619;2,363358318
1756724400;7,263654945;2,26989217
1756728000;6,94319958;2,169749869
1756731600;6,836381125;2,136369102
1756735200;7,434564473;2,323301398
1756738800;7,648201383;2,390062932
1756742400;7,79774722;2,436796006
1756746000;8,716385934;2,723870604
1756749600;9,400024047;2,937507515
1756753200;7,925929367;2,476852927
1756756800;6,72956267;2,102988334
1756760400;6,088651939;1,902703731
1756764000;7,465694694;2,333029592
1756767600;7,392740023;2,310231257
1756771200;8,195241407;2,56101294
1756774800;10,21365398;3,191766869
1756778400;13,2047955;4,126498594
1756782000;16,6823015;5,213219219
1756785600;17,50912111;5,471600347
1756789200;13,91002399;4,346882497
1756792800;12,74274925;3,982109141
1756796400;11,94024787;3,731327459
1756800000;10,79729135;3,374153547
1756803600;10,60274556;3,313357988
1756807200;9,265243253;2,895388517
1756810800;9,070697462;2,834592957
1756814400;8,268196078;2,583811274
1756818000;7,927740946;2,477419046
1756821600;8,268196078;2,583811274
1756825200;8,632969435;2,697802948
1756828800;9,459789043;2,956184076
1756832400;10,06774464;3,1461702
1756836000;9,557061938;2,986581856
1756839600;8,657287659;2,705402393
1756843200;6,930693772;2,165841804
1756846800;6,420011073;2,00625346
1756850400;6,879605934;2,149876854
1756854000;6,973206014;2,179126879
1756857600;7,768806701;2,427752094
1756861200;9,734408396;3,042002624
1756864800;12,42541072;3,88294085
1756868400;16,16941395;5,052941859
1756872000;16,91821459;5,286942059
1756875600;14,08681215;4,402128797
1756879200;12,8700111;4,021878469
1756882800;12,12121045;3,787878266
1756886400;10,83420934;3,385690419
1756890000;10,74060926;3,356440394
1756893600;9,289808012;2,903065004
1756897200;8,681407488;2,71293984
1756900800;8,026206923;2,508189663
1756904400;7,534806499;2,354627031
1756908000;7,792206721;2,4350646
1756911600;8,119807003;2,537439688
1756915200;8,868607649;2,77143989
1756918800;9,243007972;2,888439991
1756922400;8,845207629;2,764127384
1756926000;8,026206923;2,508189663
1756929600;6,318005449;1,974376703
1756933200;5,733004945;1,791564045
1756936800;6,71268227;2,097713209
1756940400;6,80401128;2,126253525
1756944000;7,580307869;2,368846209
1756947600;9,498217089;2,96819284
1756951200;12,12392614;3,788726919
1756954800;15,77708656;4,93033955
1756958400;16,50771864;5,158662075
1756962000;13,74501608;4,295317525
1756965600;12,55773894;3,924293419
1756969200;11,82710686;3,695970894
1756972800;10,57133296;3,30354155
1756976400;10,48000395;3,275001234
1756980000;9,064404289;2,83262634
1756983600;8,470765721;2,647114288
1756987200;7,831462648;2,447332078
1756990800;7,351985343;2,29749542
1756994400;7,603140122;2,375981288
1756998000;7,922791658;2,475872393
1757001600;8,653423742;2,704194919
1757005200;9,018739784;2,818356183
1757008800;8,630591489;2,69705984
1757012400;7,831462648;2,447332078
1757016000;6,164708207;1,926471315
1757019600;5,593901891;1,748094341
1757023200;7,320492812;2,287654004
1757026800;7,420091354;2,318778548
1757030400;8,266678958;2,583337174
1757034000;10,35824833;3,236952603
1757037600;13,22170641;4,131783253
1757041200;17,20564807;5,376765022
1757044800;18,00243641;5,625761378
1757048400;14,98958052;4,684243913
1757052000;13,69479948;4,279624838
1757055600;12,89801115;4,030628484
1757059200;11,5285312;3,602666
1757062800;11,42893266;3,571541456
1757066400;9,88515526;3,089111019
1757070000;9,237764739;2,886801481
1757073600;8,540574948;2,668929671
1757077200;8,017682604;2,505525814
1757080800;8,291578593;2,59111831
1757084400;8,640173489;2,700054215
1757088000;9,436961823;2,94905057
1757091600;9,835355989;3,073548747
1757095200;9,412062187;2,941269433
1757098800;8,540574948;2,668929671
1757102400;6,722901562;2,100906738
1757106000;6,100410677;1,906378337
1757109600;7,669233869;2,396635584
1757113200;7,64314804;2,388483763
1757116800;8,399637095;2,624886592
1757120400;10,43433179;3,260728684
1757124000;13,38203053;4,181884541
1757127600;16,90361751;5,282380472
1757131200;19,04265553;5,950829853
1757134800;16,30364343;5,094888572
1757138400;14,73849366;4,605779269
1757142000;13,59071716;4,247099113
1757145600;11,84296659;3,700927059
1757149200;11,71253744;3,66016795
1757152800;10,56476094;3,301487794
1757156400;9,364812786;2,926503996
1757160000;8,947439514;2,796074848
1757163600;8,164864629;2,551520197
1757167200;8,686581219;2,714556631
1757170800;9,443070274;2,950959461
1757174400;10,48650345;3,277032328
1757178000;10,51258928;3,28518415
1757181600;10,32998848;3,2281214
1757185200;9,051782832;2,828682135
1757188800;6,991002303;2,18468822
1757192400;6,59971486;2,062410894
1757196000;6,839091604;2,137216126
1757199600;6,56276467;2,050863959
1757203200;7,43779996;2,324312488
1757206800;9,233925027;2,885601571
1757210400;10,75372316;3,360538488
1757214000;14,87559992;4,648624975
1757217600;15,84274419;4,950857559
1757221200;14,11570085;4,411156516
1757224800;12,66498445;3,957807641
1757228400;12,54984823;3,921827572
1757232000;10,61555969;3,317362403
1757235600;10,31620552;3,223814225
1757239200;8,911543605;2,784857377
1757242800;9,418142983;2,943169682
1757246400;8,819434627;2,756073321
1757250000;8,450998716;2,640937099
1757253600;8,05953556;2,518604863
1757257200;8,013481071;2,504212835
1757260800;8,543107694;2,669721154
1757264400;8,335862494;2,604957029
1757268000;8,819434627;2,756073321
1757271600;7,921372093;2,475428779
1757275200;6,447628448;2,01488389
1757278800;6,723955382;2,101236057
1757282400;7,365013797;2,301566812
1757286000;8,574195167;2,67943599
1757289600;10,26704908;3,208452838
1757293200;13,36695041;4,177172003
1757296800;15,91722385;4,974132453
1757300400;12,13578393;3,792432478
1757304000;13,56481646;4,239005144
1757307600;10,31101932;3,222193538
1757311200;9,541540263;2,981731332
1757314800;9,365659336;2,926768543
1757318400;8,332358893;2,603862154
1757322000;8,178463082;2,555769713
1757325600;7,782730998;2,432103437
1757329200;7,474939376;2,335918555
1757332800;7,145162639;2,232863325
1757336400;7,03523706;2,198511581
1757340000;7,650820303;2,390881345
1757343600;7,870671461;2,459584832
1757347200;8,024567272;2,507677273
1757350800;8,969927252;2,803102266
1757354400;9,673450958;3,022953424
1757358000;8,156477967;2,548899365
1757361600;6,925311481;2,164159838
1757365200;6,265758007;1,958049377
1757368800;6,346916789;1,983411497
1757372400;6,40853734;2,002667919
1757376000;6,57285881;2,054018378
1757379600;8,626877189;2,695899122
1757383200;13,49490075;4,217156484
1757386800;15,22027618;4,756336306
1757390400;15,4462182;4,826943188
1757394000;11,05061887;3,453318397
1757397600;10,37279281;3,241497753
1757401200;10,22901152;3,1965661
1757404800;9,469024724;2,959070226
1757408400;9,058221048;2,830694078
1757412000;7,435546529;2,32360829
1757415600;7,127443773;2,227326179
1757419200;6,860421383;2,143881682
1757422800;6,285296237;1,964155074
1757426400;6,552318627;2,047599571
1757430000;6,675559729;2,086112415
1757433600;7,825810021;2,445565632
1757437200;8,483095902;2,650967469
1757440800;7,661488551;2,394215172
1757444400;7,373925978;2,304351868
1757448000;5,710171092;1,784428466
1757451600;5,176126313;1,617539473
1757455200;6,343330543;1,982290795
1757458800;6,42963436;2,009260738
1757462400;7,163216804;2,238505251
1757466000;8,975596959;2,80487405
1757469600;11,45683169;3,580259903
1757473200;14,90898437;4,659057616
1757476800;15,59941491;4,874817159
1757480400;12,98872445;4,058976391
1757484000;11,86677483;3,708367134
1757487600;11,17634429;3,492607591
1757491200;9,989666807;3,121770877
1757494800;9,903362991;3,094800935
1757498400;8,565653828;2,676766821
1757502000;8,004679018;2,501462193
1757505600;7,4005523;2,312672594
1757509200;6,947457261;2,171080394
1757512800;7,184792758;2,245247737
1757516400;7,486856117;2,339642537
1757520000;8,177286652;2,555402079
1757523600;8,52250192;2,66328185
1757527200;8,155710698;2,548659593
1757530800;7,4005523;2,312672594
1757534400;5,825507641;1,820471138
1757538000;5,286108786;1,651908996
1757541600;5,85496091;1,829675284
1757545200;6,014279574;1,879462367
1757548800;6,193513071;1,935472835
1757552400;8,264655706;2,582704908
1757556000;12,8450673;4,014083531
1757559600;14,8962951;4,655092219
1757563200;14,97595444;4,679985763
1757566800;11,45102899;3,578446559
1757570400;10,69426534;3,341957919
1757574000;10,5548615;3,298394219
1757577600;9,778183016;3,055682193
1757581200;9,260397357;2,893874174
1757584800;7,56763655;2,364886422
1757588400;6,91044706;2,159514706
1757592000;6,611724565;2,066163927
1757595600;5,874875743;1,83589867
1757599200;6,153683405;1,923026064
1757602800;6,313002069;1,972813147
1757606400;7,388403053;2,308875954
1757610000;7,76678488;2,427120275
1757613600;7,029936058;2,196855018
1757617200;6,790958062;2,122174394
1757620800;5,217686253;1,630526954
1757624400;4,699900594;1,468718936
1757628000;6,05208481;1,891276503
1757631600;6,216767389;1,942739809
1757635200;6,402035292;2,000636029
1757638800;8,54290883;2,669659009
1757642400;13,277533;4,149229063
1757646000;15,39782122;4,811819131
1757649600;15,48016251;4,837550784
1757653200;11,83656043;3,698925134
1757656800;11,05431817;3,454474428
1757660400;10,91022092;3,409444038
1757664000;10,10739334;3,158560419
1757667600;9,572174954;2,991304673
1757671200;7,822422543;2,444507045
1757674800;7,143106901;2,232220907
1757678400;6,834327064;2,135727208
1757682000;6,072670132;1,897709416
1757685600;6,360864647;1,987770202
1757689200;6,525547227;2,039233508
1757692800;7,637154641;2,386610825
1757696400;8,028275768;2,508836178
1757700000;7,266618836;2,270818386
1757703600;7,019594966;2,193623427
1757707200;5,39335449;1,685423278
1757710800;4,858136106;1,518167533
1757714400;5,518271496;1,724459843
1757718000;5,629751729;1,759297415
1757721600;5,666911806;1,770909939
1757725200;7,320535251;2,287667266
1757728800;11,48246392;3,588269975
1757732400;12,89454686;4,029545894
1757736000;13,93502903;4,354696572
1757739600;11,03654299;3,448919684
1757743200;10,27476141;3,210862941
1757746800;9,791680399;3,059900125
1757750400;8,899838541;2,781199544
1757754000;8,416757535;2,63023673
1757757600;7,283375174;2,276054742
1757761200;6,242893006;1,950904064
1757764800;6,094252696;1,904453968
1757768400;5,295311032;1,654784698
1757772000;5,834132154;1,823166298
1757775600;6,168572851;1,927679016
1757779200;7,432015483;2,322504838
1757782800;7,506335638;2,345729887
1757786400;7,04183467;2,200573334
1757790000;6,410113354;2,003160423
1757793600;4,88655018;1,527046931
1757797200;4,719329832;1,474790573
1757800800;5,304657983;1,65770562
1757804400;4,67005166;1,459391144
1757808000;5,141938413;1,606855754
1757811600;6,24843149;1,952634841
1757815200;7,354924566;2,298413927
1757818800;10,95102706;3,422195956
1757822400;11,94361644;3,732380138
1757826000;10,1048853;3,157776656
1757829600;8,591593298;2,684872906
1757833200;9,161111793;2,862847435
1757836800;6,801678028;2,125524384
1757840400;6,980669555;2,181459236
1757844000;6,280975404;1,962804814
1757847600;6,996941512;2,186544223
1757851200;6,492510845;2,028909639
1757854800;6,101983877;1,906869962
1757858400;5,467377553;1,708555485
1757862000;5,223298198;1,632280687
1757865600;5,955536264;1,861105083
1757869200;5,857904522;1,830595163
1757872800;6,215887576;1,942464868
1757876400;5,532465381;1,728895432
1757880000;4,312068606;1,347521439
1757883600;5,011762757;1,566175862
1757887200;5,978470172;1,868271929
1757890800;6,777819944;2,118068733
1757894400;8,593010052;2,685315641
1757898000;10,75791568;3,36184865
1757901600;11,85702162;3,705319256
1757905200;9,025991178;2,820622243
1757908800;10,90779377;3,408685553
1757912400;7,727047798;2,414702437
1757916000;6,927698026;2,164905633
1757919600;6,977657387;2,180517933
1757923200;6,178307615;1,93072113
1757926800;6,244920096;1,95153753
1757930400;5,695367127;1,779802227
1757934000;5,295692241;1,654903825
1757937600;5,378957842;1,680924326
1757941200;4,995936077;1,561230024
1757944800;5,328998482;1,665312026
1757948400;5,745326488;1,795414528
1757952000;6,244920096;1,95153753
1757955600;6,461410659;2,019190831
1757959200;7,127535469;2,227354834
1757962800;6,194960735;1,93592523
1757966400;5,22907976;1,634087425
1757970000;4,879364235;1,524801323
1757973600;5,919361149;1,849800359
1757977200;5,976830674;1,867759586
1757980800;6,130082743;1,915650857
1757984400;8,0457336;2,51429175
1757988000;12,58582613;3,933070666
1757991600;14,19497285;4,435929016
1757995200;14,40569445;4,501779516
1757998800;10,30620161;3,220688003
1758002400;9,674036829;3,023136509
1758006000;9,539941269;2,981231647
1758009600;8,831150452;2,759734516
1758013200;8,44802028;2,640006338
1758016800;6,934656103;2,167080032
1758020400;6,647308474;2,077283898
1758024000;6,398273863;1,999460582
1758027600;5,861891623;1,831841132
1758031200;6,110926234;1,909664448
1758034800;6,225865286;1,945582902
1758038400;7,298629766;2,280821802
1758042000;7,91163804;2,472386888
1758045600;7,145377697;2,23293053
1758049200;6,877186577;2,149120805
1758052800;5,325509383;1,664221682
1758056400;4,82744016;1,50857505
1758060000;6,273731517;1,960541099
1758063600;6,359088409;1,987215128
1758067200;7,084621986;2,213944371
1758070800;8,877116705;2,77409897
1758074400;11,33112733;3,540977291
1758078000;14,74540299;4,607938434
1758081600;15,42825812;4,821330663
1758085200;12,84621215;4,014441297
1758088800;11,73657257;3,667678928
1758092400;11,05371744;3,4542867
1758096000;9,880060179;3,087518806
1758099600;9,794703287;3,060844777
1758103200;8,471671471;2,647397335
1758106800;7,916851677;2,474016149
1758110400;7,319353437;2,287297949
1758114000;6,871229757;2,147259299
1758117600;7,105961208;2,220612878
1758121200;7,404710328;2,313971978
1758124800;8,087565459;2,527364206
1758128400;8,428993025;2,63406032
1758132000;8,066226237;2,520695699
1758135600;7,319353437;2,287297949
1758139200;5,761590169;1,800496928
1758142800;5,228109598;1,633784249
1758146400;7,066833326;2,208385414
1758150000;7,162980718;2,238431474
1758153600;7,980233551;2,493822985
1758157200;9,999328787;3,124790246
1758160800;12,76356631;3,988614472
1758164400;16,609462;5,190456875
1758168000;17,37864114;5,430825356
1758171600;14,47018252;4,521932038
1758175200;13,22026643;4,131333259
1758178800;12,45108729;3,890964778
1758182400;11,12906065;3,477831453
1758186000;11,03291325;3,447785391
1758189600;9,542628674;2,982071461
1758193200;8,917670625;2,78677207
1758196800;8,24463888;2,57644965
1758200400;7,739865071;2,418707835
1758204000;8,0042704;2,5013345
1758207600;8,340786272;2,60649571
1758211200;9,10996541;2,846864191
1758214800;9,494554978;2,967048431
1758218400;9,085928562;2,839352676
1758222000;8,24463888;2,57644965
1758225600;6,489948973;2,028109054
1758229200;5,889027771;1,840321178
1758232800;8,884133735;2,776291792
1758236400;9,005006303;2,81406447
1758240000;10,03242313;3,135132228
1758243600;12,57074705;3,928358453
1758247200;16,04583338;5,014322931
1758250800;20,88073609;6,525230028
1758254400;21,84771663;6,827411447
1758258000;18,19132146;5,684787956
1758261600;16,61997808;5,19374315
1758265200;15,65299753;4,891561728
1758268800;13,99099973;4,372187416
1758272400;13,87012716;4,334414738
1758276000;11,99660236;3,748938238
1758279600;11,21093067;3,503415834
1758283200;10,36482269;3,239007091
1758286800;9,730241709;3,040700534
1758290400;10,06264127;3,144575397
1758294000;10,48569526;3,276779769
1758297600;11,4526758;3,578961188
1758301200;11,93616607;3,730051897
1758304800;11,42245766;3,569518019
1758308400;10,36482269;3,239007091
1758312000;8,158898328;2,549655728
1758315600;7,403444779;2,313576493
1758319200;10,95603526;3,423761019
1758322800;11,10019362;3,468810506
1758326400;11,92910418;3,727845056
1758330000;14,01940038;4,381062619
1758333600;17,11880509;5,349626591
1758337200;22,45266437;7,016457616
1758340800;23,56989164;7,365591138
1758344400;22,05622888;6,892571525
1758348000;20,2542494;6,329452938
1758351600;18,27207196;5,710022488
1758355200;16,50613207;5,158166272
1758358800;16,07365699;5,023017809
1758362400;14,74019218;4,606310056
1758366000;13,65900449;4,268438903
1758369600;13,22652941;4,133290441
1758373200;12,93821269;4,043191466
1758376800;13,08237105;4,088240953
1758380400;13,37068777;4,178339928
1758384000;14,668113;4,583785313
1758387600;14,23563792;4,44863685
1758391200;14,19959833;4,437374478
1758394800;12,36157926;3,862993519
1758398400;9,730689211;3,040840378
1758402000;9,83880798;3,074627494
1758405600;11,10634253;3,470732041
1758409200;11,43087851;3,572149534
1758412800;12,22418869;3,820058966
1758416400;14,784417;4,620130313
1758420000;17,09222843;5,341321384
1758423600;21,38331532;6,682286038
1758427200;23,00599523;7,189373509
1758430800;21,74391086;6,794972144
1758434400;19,54427808;6,1075869
1758438000;18,64278924;5,825871638
1758441600;16,83981156;5,262441113
1758445200;15,90226316;4,969457238
1758448800;13,52233262;4,225728944
1758452400;13,81080905;4,315877828
1758456000;13,26991575;4,146848672
1758459600;12,62084378;3,944013681
1758463200;12,65690333;3,955282291
1758466800;13,63051128;4,259534775
1758470400;14,09928548;4,406026713
1758474000;13,63051128;4,259534775
1758477600;14,35170236;4,484906988
1758481200;12,72902244;3,977819513
1758484800;10,8178661;3,380583156
1758488400;11,71935494;3,662298419
1758492000;11,30226184;3,531956825
1758495600;11,94907803;3,734086884
1758499200;14,97890124;4,680906638
1758502800;19,84704414;6,202201294
1758506400;23,31942579;7,287320559
1758510000;17,53212304;5,47878845
1758513600;19,71087231;6,159647597
1758517200;17,05552163;5,329850509
1758520800;15,01294419;4,691545059
1758524400;14,50229983;4,531968697
1758528000;13,75335477;4,297923366
1758531600;13,07249562;4,085154881
1758535200;12,11929282;3,787279006
1758538800;12,2895076;3,840471125
1758542400;11,98312099;3,744725309
1758546000;12,11929282;3,787279006
1758549600;12,18737873;3,808555853
1758553200;12,97036675;4,053239609
1758556800;13,82144069;4,319200216
1758560400;13,8895266;4,340477063
1758564000;13,99165547;4,372392334
1758567600;12,56185126;3,925578519
1758571200;10,58735974;3,308549919
1758574800;9,872457632;3,08514301
1758578400;10,221963;3,194363438
1758582000;10,12207411;3,163148159
1758585600;11,22085189;3,506516216
1758589200;13,9844445;4,370138906
1758592800;18,07988896;5,6499653
1758596400;22,84125935;7,137893547
1758600000;23,97333342;7,491666694
1758603600;19,04548155;5,951712984
1758607200;17,44725932;5,452268538
1758610800;16,34848154;5,108900481
1758614400;14,78355561;4,619861128
1758618000;14,51718524;4,536620388
1758621600;12,68588894;3,964340294
1758625200;12,41951857;3,881099553
1758628800;11,32074078;3,537731494
1758632400;10,85459263;3,392060197
1758636000;11,32074078;3,537731494
1758639600;11,82018523;3,693807884
1758643200;12,95225931;4,047581034
1758646800;13,78466672;4,30770835
1758650400;13,08544449;4,089201403
1758654000;11,85348153;3,704212978
1758657600;9,48944448;2,9654514
1758661200;8,790222255;2,746944455
1758664800;8,739699759;2,731156175
1758668400;8,858607238;2,768314762
1758672000;9,869320816;3,084162755
1758675600;12,36637789;3,864493091
1758679200;15,78496793;4,932802478
1758682800;20,54126712;6,419145975
1758686400;21,49252696;6,716414675
1758690000;17,8955757;5,592367406
1758693600;16,34977846;5,109305769
1758697200;15,39851862;4,812037069
1758700800;13,76354078;4,301106494
1758704400;13,6446333;4,263947906
1758708000;11,80156736;3,6879898
1758711600;11,02866874;3,446458981
1758715200;10,19631639;3,186348872
1758718800;9,572052117;2,991266287
1758722400;9,899047686;3,093452402
1758726000;10,31522386;3,223507456
1758729600;11,2664837;3,520776156
1758733200;11,74211362;3,669410506
1758736800;11,23675683;3,511486509
1758740400;10,19631639;3,186348872
1758744000;8,02625488;2,50820465
1758747600;7,283083132;2,275963479
1758751200;8,100542219;2,531419443
1758754800;8,210753678;2,565860524
1758758400;9,147551078;2,858609712
1758762000;11,46199171;3,581872409
1758765600;14,63057115;4,572053484
1758769200;19,0390295;5,949696719
1758772800;19,92072117;6,225225366
1758776400;16,58682454;5,183382669
1758780000;15,15407558;4,735648619
1758783600;14,27238391;4,460119972
1758787200;12,75697635;3,986555109
1758790800;12,64676489;3,952114028
1758794400;10,93848728;3,418277275
1758798000;10,2221128;3,19441025
1758801600;9,450632589;2,953322684
1758805200;8,872022431;2,77250701
1758808800;9,175103942;2,867219982
1758812400;9,560844048;2,987763765
1758816000;10,44253572;3,263292413
1758819600;10,88338155;3,401056734
1758823200;10,41498285;3,254682141
1758826800;9,450632589;2,953322684
1758830400;7,439273467;2,324772958
1758834000;6,75045185;2,109516203
1758837600;7,883139511;2,463481097
1758841200;7,99039311;2,496997847
1758844800;8,902048699;2,781890218
1758848400;11,15437427;3,485741959
1758852000;14,23791524;4,449348513
1758855600;18,52805919;5,790018497
1758859200;19,38608798;6,058152494
1758862800;16,14166662;5,044270819
1758866400;14,74736983;4,608553072
1758870000;13,88934104;4,340419075
1758873600;12,41460406;3,879563769
1758877200;12,30735046;3,846047019
1758880800;10,64491968;3,3265374
1758884400;9,947771287;3,108678527
1758888000;9,196996096;2,87406128
1758891600;8,633914702;2,698098344
1758895200;8,928862099;2,790269406
1758898800;9,304249695;2,90757803
1758902400;10,16227849;3,175712028
1758906000;10,59129288;3,309779025
1758909600;10,13546509;3,167332841
1758913200;9,196996096;2,87406128
1758916800;7,239617918;2,262380599
1758920400;6,569282926;2,052900914
1758924000;9,129823645;2,853069889
1758927600;9,098769823;2,84336557
1758931200;9,999330659;3,124790831
1758934800;12,42152877;3,881727741
1758938400;15,93061065;4,978315828
1758942000;20,1228766;6,288398938
1758945600;22,66929;7,084153125
1758949200;19,4086387;6,065199594
1758952800;17,54540939;5,482940434
1758956400;16,17904122;5,055950381
1758960000;14,09843515;4,405760984
1758963600;13,94316604;4,357239388
1758967200;12,57679788;3,930249338
1758970800;11,14832207;3,483850647
1758974400;10,65146092;3,328581538
1758978000;9,719846261;3,037451957
1758981600;10,3409227;3,231538344
1758985200;11,24148354;3,512963606
1758988800;12,48363641;3,901136378
1758992400;12,51469023;3,910840697
1758996000;12,29731348;3,842910463
1758999600;10,77567621;3,367398816
1759003200;8,322424275;2,600757586
1759006800;7,856616946;2,455192796
1759010400;9,134909322;2,854659163
1759014000;8,765822076;2,739319399
1759017600;9,934598353;3,104561985
1759021200;12,33366545;3,854270453
1759024800;14,3636453;4,488639156
1759028400;19,86919671;6,209123972
1759032000;21,16100206;6,612813144
1759035600;18,85420678;5,891939619
1759039200;16,91649874;5,286405856
1759042800;16,76271239;5,238347622
1759046400;14,17910167;4,430969272
1759050000;13,77925716;4,306017863
1759053600;11,90306366;3,719707394
1759057200;12,57972361;3,931163628
1759060800;11,78003458;3,681260806
1759064400;11,28791825;3,527474453
1759068000;10,76504466;3,364076456
1759071600;10,70353011;3,344853159
1759075200;11,41094733;3,565921041
1759078800;11,1341319;3,479416219
1759082400;11,78003458;3,681260806
1759086000;10,58050103;3,306406572
1759089600;8,612035724;2,691261164
1759093200;8,981122969;2,806600928
1759096800;9,300744023;2,906482507
1759100400;10,82773185;3,383666203
1759104000;12,9655148;4,051723375
1759107600;16,88015632;5,27504885
1759111200;20,10071246;6,281472644
1759114800;15,32540508;4,789189088
1759118400;17,13002705;5,353133453
1759122000;13,02104163;4,069075509
1759125600;12,04932211;3,765413159
1759129200;11,82721479;3,696004622
1759132800;10,52233428;3,288229463
1759136400;10,32799038;3,227496994
1759140000;9,828248908;3,071327784
1759143600;9,439561098;2,949862843
1759147200;9,023109873;2,819721835
1759150800;8,884292798;2,776341499
1759154400;9,661668418;3,019271381
1759158000;9,939302568;3,106032053
1759161600;10,13364647;3,166764522
1759165200;11,32747332;3,539835413
1759168800;12,2159026;3,817469563
1759172400;10,30022696;3,218820925
1759176000;8,745475723;2,732961163
1759179600;7,912573273;2,472679148
1759183200;8,803602679;2,751125837
1759186800;8,717573989;2,724241872
1759190400;9,663889586;3,019965496
1759194000;12,0440167;3,763755219
1759197600;15,57119301;4,865997816
1759201200;19,67189394;6,147466856
1759204800;20,64688576;6,4521518
1759208400;16,40280369;5,125876153
1759212000;15,02634464;4,6957327
1759215600;14,08002904;4,400009075
1759219200;12,73224622;3,978826944
1759222800;12,50283638;3,907136369
1759226400;10,92564372;3,414263663
1759230000;10,69623387;3,342573084
1759233600;9,749918277;3,046849462
1759237200;9,348451054;2,921390954
1759240800;9,749918277;3,046849462
1759244400;10,18006173;3,181269291
1759248000;11,15505356;3,485954238
1759251600;11,87195931;3,709987284
1759255200;11,26975848;3,521799525
1759258800;10,20873796;3,190230613
1759262400;8,172725614;2,553976754
1759266000;7,57052478;2,365788994
1759269600;9,521993052;2,975622829
1759273200;9,651543978;3,016107493
1759276800;10,75272685;3,360227141
1759280400;13,47329629;4,210405091
1759284000;17,19788541;5,374339191
1759287600;22,37992245;6,993725766
1759291200;23,41632985;7,317603078
1759294800;19,49741435;6,092941984
1759298400;17,81325231;5,566641347
1759302000;16,7768449;5,242764031
1759305600;14,99551967;4,686099897
1759309200;14,86596874;4,645615231
1759312800;12,85792939;4,018102934
1759316400;12,01584838;3,754952619
1759320000;11,10899189;3,471559966
1759323600;10,42884953;3,259015478
1759327200;10,78511458;3,370348306
1759330800;11,23854282;3,512044631
1759334400;12,27495023;3,835921947
1759338000;12,79315393;3,997860603
1759341600;12,2425625;3,825800781
1759345200;11,10899189;3,471559966
1759348800;8,744687497;2,732714843
1759352400;7,93499421;2,479685691
1759356000;13,5134329;4,222947781
1759359600;14,47215618;4,522548806
1759363200;15,70480039;4,907750122
1759366800;18,80923768;5,877886775
1759370400;23,32893314;7,290291606
1759374000;29,12692631;9,102164472
1759377600;29,94868912;9,35896535
1759381200;27,57470767;8,617096147
1759384800;25,42899366;7,946560519
1759388400;22,96370523;7,176157884
1759392000;21,09191216;6,59122255
1759395600;19,40273304;6,063354075
1759399200;18,35270279;5,735219622
1759402800;17,16571206;5,364285019
1759406400;16,80048414;5,250151294
1759410000;16,38960274;5,121750856
1759413600;16,38960274;5,121750856
1759417200;16,75483065;5,235884578
1759420800;18,03312836;5,635352613
1759424400;17,80486091;5,564019034
1759428000;17,57659346;5,492685456
1759431600;15,38522597;4,807883116
1759435200;12,1894817;3,809213031
1759438800;12,28078868;3,837746463
1759442400;16,22344106;5,069825331
1759446000;17,151891;5,359965938
1759449600;21,50094598;6,719045619
1759453200;28,48875343;8,902735447
1759456800;33,47306364;10,46033239
1759460400;25,16587996;7,864337488
1759464000;28,29329028;8,841653213
1759467600;24,48175895;7,650549672
1759471200;21,54981177;6,734316178
1759474800;20,81682498;6,505257806
1759478400;19,74177768;6,169305525
1759482000;18,76446195;5,863894359
1759485600;17,39621993;5,436318728
1759489200;17,64054886;5,512671519
1759492800;17,20075679;5,375236497
1759496400;17,39621993;5,436318728
1759500000;17,49395151;5,466859847
1759503600;18,61786459;5,818082684
1759507200;19,83950925;6,199846641
1759510800;19,93724082;6,230387756
1759514400;20,08383818;6,276199431
1759518000;18,03147516;5,634835988
1759521600;15,19725955;4,749143609
1759525200;14,17107804;4,428461888
1759528800;18,46064654;5,768952044
1759532400;18,70354978;5,844859306
1759536000;20,10024343;6,281326072
1759539600;23,62234047;7,381981397
1759543200;28,84476021;9,013987566
1759546800;37,83218023;11,82255632
1759550400;39,71468037;12,41083762
1759554000;37,16419631;11,61381135
1759557600;34,12790577;10,66497055
1759561200;30,78798616;9,621245675
1759564800;27,81242142;8,691381694
1759568400;27,08371169;8,463659903
1759572000;24,83685669;7,761517716
1759575600;23,01508236;7,192213238
1759579200;22,28637263;6,964491447
1759582800;21,80056614;6,812676919
1759586400;22,04346938;6,888584181
1759590000;22,52927587;7,040398709
1759593600;24,71540507;7,723564084
1759597200;23,98669533;7,495842291
1759600800;23,92596952;7,476865475
1759604400;20,82895316;6,509047863
1759608000;16,39596896;5,1237403
1759611600;16,5781464;5,18067075
1759615200;20,27335654;6,335423919
1759618800;20,86575982;6,520549944
1759622400;22,31385672;6,973080225
1759626000;26,98726034;8,433518856
1759629600;31,19990585;9,749970578
1759633200;39,03279361;12,197748
1759636800;41,99480999;13,12337812
1759640400;39,69101947;12,40344358
1759644000;35,67584171;11,14870053
1759647600;34,03027706;10,63446158
1759651200;30,73914775;9,605983672
1759654800;29,02776051;9,071175159
1759658400;24,68346982;7,713584319
1759662000;25,21005051;7,878140784
1759665600;24,22271172;7,569597413
1759669200;23,03790516;7,199345363
1759672800;23,10372775;7,219914922
1759676400;24,88093758;7,775292994
1759680000;25,7366312;8,04269725
1759683600;24,88093758;7,775292994
1759687200;26,1973893;8,186684156
1759690800;23,23537292;7,261054038
1759694400;19,74677586;6,170867456
1759698000;21,39234051;6,685106409
1759701600;34,4492363;10,76538634
1759705200;31,44176329;9,825551028
1759708800;36,36308277;11,36346337
1759712400;44,01846861;13,75577144
1759716000;53,86110756;16,83159611
1759719600;45,75004398;14,29688874
1759723200;45,29436625;14,15448945
1759726800;42,37802879;13,243134
1759730400;41,0109956;12,81593613
1759734000;38,27692923;11,96154038
1759737600;37,36557377;11,6767418
1759741200;35,36059176;11,05018493
1759744800;33,62901639;10,50906762
1759748400;34,81377849;10,87930578
1759752000;33,4467453;10,45210791
1759755600;35,90740504;11,22106408
1759759200;37,8212515;11,81914109
1759762800;38,09465814;11,90458067
1759766400;38,18579368;11,93306053
1759770000;39,91736905;12,47417783
1759773600;38,18579368;11,93306053
1759777200;35,90740504;11,22106408
1759780800;30,62154338;9,569232306
1759784400;29,2545102;9,142034438
1759788000;36,16130739;11,30040856
1759791600;37,44860312;11,70268848
1759795200;41,07643655;12,83638642
1759798800;47,16183456;14,7380733
1759802400;54,41750141;17,00546919
1759806000;62,84343711;19,6385741
1759809600;66,58829742;20,80884294
1759813200;64,94992104;20,29685033
1759816800;60,73695319;18,98029787
1759820400;56,99209287;17,81002902
1759824000;52,31101748;16,34719296
1759827600;50,6726411;15,83520034
1759831200;47,98102275;14,99406961
1759834800;47,16183456;14,7380733
1759838400;46,69372702;14,59178969
1759842000;48,09804963;15,03064051
1759845600;48,3321034;15,10378231
1759849200;49,50237225;15,46949133
1759852800;49,26831848;15,39634953
1759856400;48,80021094;15,25006592
1759860000;45,64048505;14,26265158
1759863600;39,43806016;12,3243938
1759867200;34,522931;10,78841594
1759870800;33,23563527;10,38613602
1759874400;33,53582008;10,47994378
1759878000;34,86397137;10,89499105
1759881600;38,18434959;11,93260925
1759885200;43,93967185;13,73114745
1759888800;51,24450394;16,01390748
1759892400;60,09884588;18,78088934
1759896000;63,64058265;19,88768208
1759899600;64,3046583;20,09520572
1759903200;58,77069459;18,36584206
1759906800;54,56488217;17,05152568
1759910400;50,91246612;15,91014566
1759914000;48,47752209;15,14922565
1759917600;46,7066537;14,59582928
1759921200;46,04257806;14,38830564
1759924800;45,26782314;14,14619473
1759928400;45,15714386;14,11160746
1759932000;45,93189878;14,35371837
1759935600;44,93578532;14,04243291
1759939200;45,04646459;14,07702018
1759942800;44,71442677;13,97325837
1759946400;41,94744491;13,10857653
1759950000;35,52804701;11,10251469
1759953600;31,65427241;9,891960128
1759957200;31,43291387;9,822785584
1759960800;34,25289546;10,70402983
1759964400;35,60944578;11,12795181
1759968000;39,00082157;12,18775674
1759971600;44,87920627;14,02475196
1759975200;52,340233;16,35632281
1759978800;61,38390177;19,1824693
1759982400;65,00136928;20,3129279
1759986000;65,67964444;20,52488889
1759989600;60,02735146;18,75854733
1759993200;55,73160879;17,41612775
1759996800;52,00109542;16,25034232
1760000400;49,51408651;15,47315203
1760004000;47,70535276;14,90792274
1760007600;47,0270776;14,69596175
1760011200;46,23575658;14,44867393
1760014800;46,12271072;14,4133471
1760018400;46,91403174;14,66063492
1760022000;45,89661901;14,34269344
1760025600;46,00966487;14,37802027
1760029200;45,67052729;14,27203978
1760032800;42,8443808;13,388869
1760036400;36,28772094;11,33991279
1760040000;32,33111585;10,1034737
1760043600;32,10502413;10,03282004
1760047200;36,49253069;11,40391584
1760050800;37,93777943;11,85555607
1760054400;41,55090128;12,98465665
1760058000;47,81364582;14,94176432
1760061600;55,76251389;17,42578559
1760065200;65,39750549;20,43672047
1760068800;69,25150213;21,64109442
1760072400;69,9741265;21,86691453
1760076000;63,95225675;19,98508023
1760079600;59,37563574;18,55488617
1760083200;55,4012017;17,31287553
1760086800;52,75157901;16,48486844
1760090400;50,82458069;15,88268147
1760094000;50,10195632;15,65686135
1760097600;49,25889456;15,39340455
1760101200;49,13845716;15,35576786
1760104800;49,98151893;15,61922467
1760108400;48,89758237;15,28049449
1760112000;49,01801977;15,31813118
1760115600;48,65670758;15,20522112
1760119200;45,64577271;14,26430397
1760122800;38,6604038;12,08137619
1760126400;34,44509497;10,76409218
1760130000;34,20422018;10,68881881
1760133600;36,64968558;11,45302674
1760137200;37,88368173;11,83865054
1760140800;40,72187287;12,72558527
1760144400;46,39825515;14,49945473
1760148000;54,04903126;16,89032227
1760151600;67,12939043;20,97793451
1760155200;71,81857579;22,44330493
1760158800;72,68237309;22,71324159
1760162400;66,63579197;20,82368499
1760166000;61,94660661;19,35831457
1760169600;57,75101971;18,04719366
1760173200;54,66602934;17,08313417
1760176800;52,44483627;16,38901133
1760180400;51,70443858;16,15763706
1760184000;50,71724167;15,84913802
1760187600;50,10024359;15,65632612
1760191200;50,71724167;15,84913802
1760194800;50,96404089;15,92626278
1760198400;50,84064128;15,8877004
1760202000;50,10024359;15,65632612
1760205600;47,38545207;14,80795377
1760209200;40,35167403;12,60989813
1760212800;35,90928789;11,22165247
1760216400;34,55189213;10,79746629
1760220000;36,10378461;11,28243269
1760223600;36,10378461;11,28243269
1760227200;40,82323358;12,75726049
1760230800;47,43046213;14,82201942
1760234400;56,0434565;17,51358016
1760238000;67,13416158;20,97942549
1760241600;69,25791361;21,643098
1760245200;67,48812025;21,09003758
1760248800;62,29672638;19,46772699
1760252400;57,69526364;18,02976989
1760256000;55,21755293;17,25548529
1760259600;52,03192488;16,25997653
1760263200;44,95275143;14,04773482
1760266800;44,00886163;13,75276926
1760270400;44,8347652;14,01086413
1760274000;46,01462744;14,37957108
1760277600;47,43046213;14,82201942
1760281200;49,2002555;15,37507984
1760284800;47,31247591;14,78514872
1760288400;48,13837948;15,04324359
1760292000;46,25059989;14,45331247
1760295600;42,47504072;13,27345023
1760299200;35,98579839;11,245562
1760302800;35,51385349;11,09807922
1760306400;42,68234158;13,33823174
1760310000;38,95610541;12,17378294
1760313600;45,05358277;14,07924462
1760317200;54,53854757;17,04329612
1760320800;66,73350231;20,85421947
1760324400;56,68395627;17,71373633
1760328000;56,11937503;17,5373047
1760331600;52,50605511;16,40814222
1760335200;50,8123114;15,87884731
1760338800;47,42482397;14,82025749
1760342400;46,2956615;14,46739422
1760346000;43,81150405;13,69109502
1760349600;41,66609535;13,0206548
1760353200;43,13400657;13,47937705
1760356800;41,44026285;12,95008214
1760360400;44,48900154;13,90281298
1760364000;46,86024274;14,64382586
1760367600;47,19899148;14,74968484
1760371200;47,31190773;14,78497117
1760374800;49,45731643;15,45541138
1760378400;47,31190773;14,78497117
1760382000;44,48900154;13,90281298
1760385600;37,93985918;11,85620599
1760389200;36,24611547;11,32691108
1760392800;34,87612173;10,89878804
1760396400;36,11766652;11,28677079
1760400000;39,61656546;12,38017671
1760403600;45,48568627;14,21427696
1760407200;52,48348416;16,4010888
1760410800;60,60995912;18,94061223
1760414400;64,22172578;20,06928931
1760418000;62,64157787;19,57549308
1760421600;58,57834038;18,30573137
1760425200;54,96657373;17,17705429
1760428800;50,45186542;15,76620794
1760432400;48,87171751;15,27241172
1760436000;46,27576022;14,46117507
1760439600;45,48568627;14,21427696
1760443200;45,03421544;14,07319233
1760446800;46,38862793;14,49644623
1760450400;46,61436335;14,56698855
1760454000;47,74304043;14,91970013
1760457600;47,51730501;14,84915782
1760461200;47,06583418;14,70807318
1760464800;44,01840607;13,7557519
1760468400;38,03641755;11,88638048
1760472000;33,29597382;10,40499182
1760475600;32,05442903;10,01700907
1760479200;33,14797475;10,35874211
1760482800;34,46076583;10,76898932
1760486400;37,74274352;11,79460735
1760490000;43,43150487;13,57234527
1760493600;50,6518558;15,82870494
1760497200;59,40379633;18,56368635
1760500800;62,90457254;19,65767892
1760504400;63,56096808;19,86280253
1760508000;58,09100525;18,15343914
1760511600;53,9338335;16,85432297
1760515200;50,32365803;15,72614313
1760518800;47,91687439;14,97402325
1760522400;46,16648628;14,42702696
1760526000;45,51009074;14,22190336
1760529600;44,74429595;13,98259248
1760533200;44,63489669;13,94840522
1760536800;45,40069149;14,18771609
1760540400;44,41609818;13,88003068
1760544000;44,52549743;13,91421795
1760547600;44,19729966;13,81165614
1760551200;41,46231825;12,95697445
1760554800;35,11716137;10,97411293
1760558400;31,28818739;9,777558559
1760562000;31,06938887;9,709184022
1760565600;21,36316726;6,675989769
1760569200;22,87879737;7,149624178
1760572800;24,82746466;7,758582706
1760576400;29,7352193;9,292256031
1760580000;36,88033267;11,52510396
1760583600;46,04628619;14,38946443
1760587200;47,34539771;14,79543678
1760590800;43,59240887;13,62262777
1760594400;40,20028434;12,56258886
1760598000;36,30294977;11,3446718
1760601600;33,34386241;10,419957
1760605200;30,67346651;9,585458284
1760608800;29,01349067;9,066715834
1760612400;27,13699625;8,480311328
1760616000;26,55961335;8,299879172
1760619600;25,91005759;8,096892997
1760623200;25,91005759;8,096892997
1760626800;26,48744049;8,277325153
1760630400;28,50828064;8,9088377
1760634000;28,14741632;8,7960676
1760637600;27,78655201;8,683297503
1760641200;24,32225462;7,600704569
1760644800;19,27015425;6,021923203
1760648400;19,41449998;6,067031244
1760652000;17,53743711;5,480449097
1760655600;18,78164718;5,869264744
1760659200;20,38134583;6,369170572
1760662800;24,41021652;7,628192663
1760666400;30,27577826;9,461180706
1760670000;37,80028675;11,81258961
1760673600;38,86675252;12,14586016
1760677200;35,78585141;11,18307857
1760680800;33,00119078;10,31287212
1760684400;29,80179347;9,313060459
1760688000;27,37262144;8,5539442
1760691600;25,1804418;7,868888063
1760695200;23,81773554;7,443042356
1760698800;22,27728498;6,961651556
1760702400;21,80330019;6,813531309
1760706000;21,27006731;6,646896034
1760709600;21,27006731;6,646896034
1760713200;21,7440521;6,795016281
1760716800;23,40299885;7,313437141
1760720400;23,10675836;7,220861988
1760724000;22,81051787;7,128286834
1760727600;19,96660915;6,239565359
1760731200;15,81924226;4,943513206
1760734800;15,93773846;4,980543269
1760738400;15,46168773;4,831777416
1760742000;15,66513099;4,895353434
1760745600;16,83492973;5,260915541
1760749200;19,784857;6,182767813
1760752800;24,15888708;7,549652213
1760756400;31,68628769;9,901964903
1760760000;33,26297295;10,39467905
1760763600;31,12681872;9,72713085
1760767200;28,58377798;8,932430619
1760770800;25,78643316;8,058260363
1760774400;23,29425323;7,279454134
1760778000;22,68392345;7,088726078
1760781600;20,8020733;6,500647906
1760785200;19,27624885;6,023827766
1760788800;18,66591907;5,833099709
1760792400;18,25903255;5,705947672
1760796000;18,46247581;5,769523691
1760799600;18,86936233;5,896675728
1760803200;20,70035167;6,468859897
1760806800;20,09002189;6,278131841
1760810400;20,03916107;6,262237834
1760814000;17,44525951;5,451643597
1760817600;13,73242002;4,291381256
1760821200;13,88500247;4,339063272
1760824800;15,58718121;4,870994128
1760828400;16,04265079;5,013328372
1760832000;17,15602087;5,361256522
1760835600;20,74916979;6,484115559
1760839200;23,98806458;7,496270181
1760842800;30,0103846;9,378245188
1760846400;32,2877325;10,08991641
1760850000;30,51646191;9,536394347
1760853600;27,4293903;8,571684469
1760857200;26,16419703;8,176311572
1760860800;23,63381047;7,385565772
1760864400;22,31800945;6,974377953
1760868000;18,9778992;5,9305935
1760871600;19,38276105;6,057112828
1760875200;18,62364508;5,819889088
1760878800;17,71270592;5,5352206
1760882400;17,76331365;5,551035516
1760886000;19,12972239;5,978038247
1760889600;19,7876229;6,183632156
1760893200;19,12972239;5,978038247
1760896800;20,14187701;6,294336566
1760900400;17,86452911;5,582665347
1760904000;15,18231936;4,7444748
1760907600;16,44751264;5,1398477
1760911200;30,18321816;9,432255675
1760914800;27,54817531;8,608804784
1760918400;31,86006362;9,956269881
1760922000;38,56744543;12,0523267
1760925600;47,19122205;14,74725689
1760929200;40,08459132;12,52643479
1760932800;39,6853424;12,4016695
1760936400;37,13014933;11,60317167
1760940000;35,93240258;11,22887581
1760943600;33,53690907;10,48028408
1760947200;32,73841124;10,23075351
1760950800;30,981716;9,68178625
1760954400;29,46457011;9,207678159
1760958000;30,5026173;9,532067906
1760961600;29,30487055;9,157772047
1760965200;31,4608147;9,831504594
1760968800;33,13766015;10,3555188
1760972400;33,3772095;10,43037797
1760976000;33,45705929;10,45533103
1760979600;34,97420517;10,92943912
1760983200;33,45705929;10,45533103
1760986800;31,4608147;9,831504594
1760990400;26,82952726;8,384227269
1760994000;25,6317805;8,009931406
1760997600;35,45440248;11,07950078
1761001200;36,71653331;11,47391666
1761004800;40,27344747;12,58545233
1761008400;46,23988414;14,44996379
1761012000;53,35371247;16,67303515
1761015600;61,61493246;19,25466639
1761019200;65,28658579;20,40205806
1761022800;63,68023746;19,90007421
1761026400;59,54962746;18,60925858
1761030000;55,87797413;17,46186692
1761033600;51,28840747;16,02762733
1761037200;49,68205914;15,52564348
1761040800;47,0430583;14,70095572
1761044400;46,23988414;14,44996379
1761048000;45,78092747;14,30653983
1761051600;47,15779747;14,73681171
1761055200;47,3872758;14,80852369
1761058800;48,53466747;15,16708358
1761062400;48,30518914;15,09537161
1761066000;47,84623247;14,95194765
1761069600;44,74827497;13,98383593
1761073200;38,66709914;12,08346848
1761076800;33,84805415;10,57751692
1761080400;32,58592331;10,18310103
1761084000;38,75170899;12,10990906
1761087600;40,28643014;12,58950942
1761091200;44,12323301;13,78851032
1761094800;50,77369132;15,86677854
1761098400;59,21465763;18,50458051
1761102000;69,44613195;21,70191623
1761105600;73,53872168;22,98085053
1761109200;74,30608226;23,22065071
1761112800;67,9114108;21,22231588
1761116400;63,0514605;19,70358141
1761120000;58,83097734;18,38468042
1761123600;56,01732191;17,5054131
1761127200;53,97102704;16,86594595
1761130800;53,20366647;16,62614577
1761134400;52,30841247;16,3463789
1761138000;52,18051904;16,3064122
1761141600;53,07577304;16,58617908
1761145200;51,92473218;16,22647881
1761148800;52,05262561;16,2664455
1761152400;51,66894532;16,14654541
1761156000;48,47160959;15,147378
1761159600;41,05379071;12,8293096
1761163200;36,5775207;11,43047522
1761166800;36,32173384;11,35054183
1761170400;40,68037786;12,71261808
1761174000;42,29148193;13,2160881
1761177600;46,31924211;14,47476316
1761181200;53,3006931;16,65646659
1761184800;62,1617655;19,42555172
1761188400;72,90245933;22,78201854
1761192000;77,19873686;24,12460527
1761195600;78,00428889;24,37634028
1761199200;71,29135525;22,27854852
1761202800;66,18952569;20,68422678
1761206400;61,75898949;19,29968422
1761210000;58,80529868;18,37665584
1761213600;56,65715992;17,70536248
1761217200;55,85160788;17,45362746
1761220800;54,91179717;17,15993662
1761224400;54,7775385;17,11798078
1761228000;55,71734921;17,41167163
1761231600;54,50902116;17,03406911
1761235200;54,64327983;17,07602495
1761238800;54,24050381;16,95015744
1761242400;50,88403699;15,90126156
1761246000;43,09703397;13,46782312
1761249600;38,39798042;11,99936888
1761253200;38,12946307;11,91545721
1761256800;40,65881194;12,70587873
1761260400;42,26906192;13,20908185
1761264000;46,29468687;14,46708965
1761267600;53,27243677;16,64763649
1761271200;62,12881165;19,41525364
1761274800;72,86381151;22,7699411
1761278400;77,15781145;24,11181608
1761282000;77,96293644;24,36341764
1761285600;71,25356153;22,26673798
1761289200;66,1544366;20,67326144
1761292800;61,72624916;19,28945286
1761296400;58,7741242;18,36691381
1761300000;56,62712423;17,69597632
1761303600;55,82199924;17,44437476
1761307200;54,88268675;17,15083961
1761310800;54,74849925;17,10890602
1761314400;55,68781174;17,40244117
1761318000;54,48012426;17,02503883
1761321600;54,61431175;17,06697242
1761325200;54,21174926;16,94117164
1761328800;50,85706181;15,89283182
1761332400;43,07418691;13,46068341
1761336000;38,37762448;11,99300765
1761339600;38,10924948;11,90914046
1761343200;37,03542314;11,57356973
1761346800;38,28240709;11,96325222
1761350400;41,15047016;12,85952193
1761354000;46,8865963;14,65206134
1761357600;54,61789676;17,06809274
1761361200;67,83592657;21,19872705
1761364800;72,57446556;22,67952049
1761368400;73,44735432;22,95229823
1761372000;67,33713299;21,04285406
1761375600;62,598594;19,56206063
1761379200;58,35884859;18,23714018
1761382800;55,24138873;17,26293398
1761386400;52,99681763;16,56150551
1761390000;52,24862726;16,32769602
1761393600;51,25104011;16,01595003
1761397200;50,62754814;15,82110879
1761400800;51,25104011;16,01595003
1761404400;51,5004369;16,09388653
1761408000;51,3757385;16,05491828
1761411600;50,62754814;15,82110879
1761415200;47,88418346;14,96380733
1761418800;40,77637498;12,74261718
1761422400;36,28723278;11,33976024
1761426000;34,91555044;10,91110951
1761429600;32,72345301;10,22607907
1761433200;32,72345301;10,22607907
1761436800;37,00102856;11,56282143
1761444000;42,98963434;13,43426073
1761447600;50,79620973;15,87381554
1761451200;60,84851229;19,01516009
1761454800;62,77342129;19,61669415
1761458400;61,16933046;19,11541577
1761462000;56,46399735;17,64499917
1761465600;52,29336118;16,34167537
1761469200;50,04763401;15,63988563
1761472800;47,16027051;14,73758453
1761476400;40,74390718;12,73247099
1761480000;39,88839207;12,46512252
1761483600;40,63696779;12,69905243
1761487200;41,70636168;13,03323803
1761490800;42,98963434;13,43426073
1761494400;44,59372518;13,93553912
1761498000;42,88269495;13,40084217
1761501600;43,63127068;13,63477209
1761505200;41,92024045;13,10007514
1761508800;38,49818001;12,03068125
1761512400;32,61651362;10,19266051
1761516000;32,18875606;10,05898627
1761519600;41,74124676;13,04413961
1761523200;38,09716966;11,90536552
1761526800;44,06020492;13,76881404
1761530400;53,33603753;16,66751173
1761534000;65,26210803;20,39440876
1761537600;55,43414253;17,32316954
1761541200;54,88200963;17,15062801
1761544800;51,34835911;16,04636222
1761548400;49,69196043;15,52873763
1761552000;46,37916307;14,49348846
1761555600;45,27489728;14,1484054
1761559200;42,84551255;13,38922267
1761562800;40,74740755;12,73356486
1761566400;42,18295308;13,18217284
1761570000;40,5265544;12,66454825
1761573600;43,50807202;13,59627251
1761577200;45,82703018;14,32094693
1761580800;46,15830991;14,42447185
1761584400;46,26873649;14,45898015
1761588000;48,36684149;15,11463797
1761591600;46,26873649;14,45898015
1761595200;43,50807202;13,59627251
1761598800;37,10333046;11,59479077
1761602400;35,44693177;11,07716618
1761606000;31,89790214;9,968094419
1761609600;33,03342617;10,32294568
1761613200;36,23353933;11,32298104
1761616800;41,60147108;13,00045971
1761620400;48,0016974;15,00053044
1761624000;55,43421829;17,32319322
1761627600;58,73756091;18,35548778
1761631200;57,29234851;17,90385891
1761634800;53,57608807;16,74252752
1761638400;50,27274545;15,71023295
1761642000;46,14356718;14,41986474
1761645600;44,69835478;13,96823587
1761649200;42,32407728;13,22627415
1761652800;41,60147108;13,00045971
1761656400;41,18855325;12,87142289
1761660000;42,42730674;13,25853336
1761663600;42,63376565;13,32305177
1761667200;43,66606022;13,64564382
1761670800;43,4596013;13,58112541
1761674400;43,04668348;13,45208859
1761678000;40,25948814;12,58109004
1761681600;34,78832693;10,87135217
1761685200;30,45268975;9,516465547
1761688800;29,31716572;9,161614288
1761692400;27,31178447;8,534932647
1761696000;28,3934393;8,872949781
1761699600;31,09757638;9,717992619
1761703200;35,78474731;11,18273353
1761706800;41,73384887;13,04182777
1761710400;48,94488108;15,29527534
1761714000;51,82929396;16,19665436
1761717600;52,37012137;16,36566293
1761721200;47,86322625;14,9572582
1761724800;44,43798595;13,88687061
1761728400;41,46343517;12,95732349
1761732000;39,48040131;12,33762541
1761735600;38,03819487;11,8869359
1761739200;37,49736746;11,71792733
1761742800;36,86640214;11,52075067
1761746400;36,77626424;11,49258258
1761750000;37,40722955;11,68975923
1761753600;36,59598843;11,43624638
1761757200;36,68612633;11,46441448
1761760800;36,41571262;11,37991019
1761764400;34,16226506;10,67570783
1761768000;28,93426671;9,041958347
1761771600;25,77944013;8,056075041
1761775200;25,59916432;7,99973885
1761778800;30,9140374;9,660636688
1761782400;32,13835571;10,04323616
1761786000;35,1991515;10,99973484
1761789600;40,50453085;12,65766589
1761793200;47,23828157;14,76196299
1761796800;55,40040366;17,31262614
1761800400;58,66525249;18,3328914
1761804000;59,27741165;18,52419114
1761807600;54,17608535;16,93002667
1761811200;50,29907736;15,71846168
1761814800;46,932202;14,66631313
1761818400;44,68761842;13,96488076
1761822000;43,055194;13,45474813
1761825600;42,44303485;13,26344839
1761829200;41,72884917;13,04026537
1761832800;41,62682264;13,00838208
1761836400;42,34100832;13,2315651
1761840000;41,42276959;12,9446155
1761843600;41,52479611;12,97649878
1761847200;41,21871653;12,88084892
1761850800;38,66805338;12,08376668
1761854400;32,75051487;10,2345359
1761858000;29,17958646;9,118620769
1761861600;28,97553341;9,054854191
1761865200;26,24536587;8,201676834
1761868800;27,2847863;8,526495719
1761872400;29,88333737;9,338542928
1761876000;34,38749257;10,74609143
1761879600;40,10430494;12,53259529
1761883200;47,03377447;14,69805452
1761886800;49,80556229;15,56423822
1761890400;50,3252725;15,72664766
1761894000;45,99435404;14,37323564
1761897600;42,70285601;13,3446425
1761901200;39,84444983;12,45139057
1761904800;37,93884571;11,85588928
1761908400;36,5529518;11,42279744
1761912000;36,03324158;11,26038799
1761915600;35,426913;11,07091031
1761919200;35,34029463;11,04384207
1761922800;35,94662322;11,23331976
1761926400;35,16705789;10,98970559
1761930000;35,25367626;11,01677383
1761933600;34,99382115;10,93556911
1761937200;32,82836192;10,2588631
1761940800;27,80449651;8,688905159
1761944400;24,77285359;7,741516747
1761948000;24,59961685;7,687380266
1761951600;22,19853061;6,937040816
1761955200;22,49061654;7,028317669
1761958800;24,17011063;7,553159572
1761962400;28,40535661;8,876673941
1761966000;34,68520408;10,83912628
1761969600;45,49238346;14,21636983
1761973200;47,75604941;14,92376544
1761976800;44,68914715;13,96535848
1761980400;41,03807304;12,82439783
1761984000;37,02189151;11,5693411
1761987600;33,44383888;10,45119965
1761991200;32,56758109;10,17736909
1761994800;29,86578625;9,333058203
1761998400;27,67514178;8,648481806
1762002000;26,798884;8,37465125
1762005600;26,21471214;8,192097544
1762009200;26,50679807;8,283374397
1762012800;27,09096992;8,4659281
1762016400;29,71974329;9,287419778
1762020000;28,8434855;9,013589219
1762023600;28,77046402;8,990770006
1762027200;25,04636842;7,826990131
1762030800;19,71580021;6,161187566
1762034400;19,93486466;6,229645206
1762038000;21,57333202;6,741666256
1762041600;22,20372159;6,938662997
1762045200;23,74467388;7,420210588
1762048800;28,71774717;8,974295991
1762052400;33,20051746;10,37516171
1762056000;41,53566847;12,9798964
1762059600;44,68761633;13,9648801
1762063200;42,23610133;13,19878167
1762066800;37,96346089;11,86358153
1762070400;36,21237875;11,31636836
1762074000;32,71021446;10,22194202
1762077600;30,88908903;9,652840322
1762081200;26,26623217;8,208197553
1762084800;26,82657845;8,383305766
1762088400;25,77592917;8,054977866
1762092000;24,51515002;7,660984381
1762095600;24,58519331;7,682872909
1762099200;26,47636203;8,273863134
1762102800;27,38692474;8,558413981
1762106400;26,47636203;8,273863134
1762110000;27,87722774;8,711633669
1762113600;24,72527988;7,726649963
1762117200;21,01298573;6,566558041
1762120800;22,76406788;7,113771213
1762124400;37,54247812;11,73202441
1762128000;34,26496019;10,70780006
1762131600;39,62817135;12,38380355
1762135200;47,97094426;14,99092008
1762138800;58,69736658;18,34292706
1762142400;49,85800004;15,58062501
1762146000;49,36140642;15,42543951
1762149600;46,18320721;14,43225225
1762153200;44,69342633;13,96669573
1762156800;41,71386458;13,03558268
1762160400;40,72067733;12,72521167
1762164000;38,53566537;12,04239543
1762167600;36,64860959;11,4526905
1762171200;37,93975302;11,85617282
1762174800;36,44997214;11,39061629
1762178400;39,13157772;12,22861804
1762182000;41,21727095;12,88039717
1762185600;41,51522713;12,97350848
1762189200;41,61454585;13,00454558
1762192800;43,50160163;13,59425051
1762196400;41,61454585;13,00454558
1762200000;39,13157772;12,22861804
1762203600;33,37109166;10,42846614
1762207200;31,88131078;9,962909619
1762210800;41,72472119;13,03897537
1762214400;43,21006725;13,50314602
1762218000;47,39604251;14,81126328
1762221600;54,41767844;17,00552451
1762225200;62,78962897;19,62175905
1762228800;72,5118941;22,65996691
1762232400;76,83290083;24,01028151
1762236000;74,94246038;23,41951887
1762239600;70,08132782;21,90041494
1762243200;65,76032109;20,55010034
1762246800;60,35906269;18,86220709
1762250400;58,46862224;18,27144445
1762254000;55,36289866;17,30090583
1762257600;54,41767844;17,00552451
1762261200;53,8775526;16,83673519
1762264800;55,49793012;17,34310316
1762268400;55,76799304;17,42749783
1762272000;57,11830764;17,84947114
1762275600;56,84824472;17,76507648
1762279200;56,30811888;17,59628715
1762282800;52,66226946;16,45695921
1762286400;45,50560207;14,22050065
1762290000;39,83428074;12,44821273
1762293600;38,34893468;11,98404209
1762297200;44,30658672;13,84580835
1762300800;46,06130303;14,3941572
1762304400;50,44809379;15,76502931
1762308000;58,05186445;18,14120764
1762311600;67,70280413;21,15712629
1762315200;79,40091284;24,81278526
1762318800;84,08015632;26,27504885
1762322400;84,95751447;26,54922327
1762326000;77,64619653;24,26443642
1762329600;72,0895949;22,52799841
1762333200;67,26412506;21,02003908
1762336800;64,04714516;20,01473286
1762340400;61,70752342;19,28360107
1762344000;60,83016527;19,00942665
1762347600;59,80658076;18,68955649
1762351200;59,6603544;18,64386075
1762354800;60,68393891;18,96373091
1762358400;59,36790168;18,55246928
1762362000;59,51412804;18,59816501
1762365600;59,07544896;18,4610778
1762369200;55,41978999;17,31868437
1762372800;46,93866118;14,66833162
1762376400;41,82073862;13,06898082
1762380000;41,5282859;12,97758934
1762383600;48,89000871;15,27812772
1762387200;50,27805312;15,7118916
1762390800;53,82527773;16,82039929
1762394400;58,76054675;18,36267086
1762398000;70,94449213;22,17015379
1762401600;81,4319388;25,44748088
1762405200;85,28761772;26,65238054
1762408800;83,43689183;26,0740287
1762412400;79,73544007;24,91732502
1762416000;75,57130684;23,61603339
1762419600;71,09871929;22,21834978
1762423200;67,859949;21,20623406
1762426800;66,00922312;20,62788223
1762430400;64,92963302;20,29051032
1762434000;65,39231449;20,43509828
1762437600;66,00922312;20,62788223
1762441200;65,23808733;20,38690229
1762444800;63,69581576;19,90494243
1762448400;62,30777135;19,47117855
1762452000;61,53663557;19,23019862
1762455600;57,52672949;17,97710297
1762459200;50,43228028;15,76008759
1762462800;45,95969273;14,36240398
1762466400;46,26814704;14,45879595
1762470000;51,91450021;16,22328132
1762473600;53,38841347;16,68387921
1762477200;57,15508067;17,86096271
1762480800;62,39566114;19,49864411
1762484400;75,33334416;23,54167005
1762488000;86,46957764;27,02174301
1762491600;90,56378113;28,3011816
1762495200;88,59856345;27,68705108
1762498800;84,6681281;26,45879003
1762502400;80,24638834;25,07699636
1762506000;75,49711229;23,59284759
1762509600;72,05798137;22,51811918
1762513200;70,09276369;21,90398865
1762516800;68,94638672;21,54574585
1762520400;69,43769113;21,69927848
1762524000;70,09276369;21,90398865
1762527600;69,27392299;21,64810093
1762531200;67,6362416;21,1363255
1762534800;66,16232834;20,67572761
1762538400;65,34348765;20,41983989
1762542000;61,08551602;19,08922376
1762545600;53,55218161;16,73505675
1762549200;48,80290556;15,25090799
1762552800;49,13044184;15,35326308
1762556400;56,51231434;17,66009823
1762560000;58,50473568;18,2827299
1762563600;61,04054466;19,07517021
1762567200;66,47442104;20,77325658
1762570800;80,78362883;25,24488401
1762574400;96,90412876;30,28254024
1762578000;101,7946175;31,81081797
1762581600;99,07767931;30,96177478
1762585200;94,36831978;29,49009993
1762588800;89,84008947;28,07502796
1762592400;84,5873423;26,43354447
1762596000;80,05911198;25,01847249
1762599600;77,52330301;24,22603219
1762603200;76,07426931;23,77320916
1762606800;76,43652773;23,88641492
1762610400;77,16104458;24,11282643
1762614000;76,43652773;23,88641492
1762617600;75,34975246;23,54679764
1762621200;74,26297718;23,20718037
1762624800;72,45168505;22,64115158
1762628400;68,28571316;21,33928536
1762632000;60,13489859;18,79215581
1762635600;53,79537615;16,81105505
1762639200;53,61424694;16,75445217
1762642800;63,19703781;19,74907432
1762646400;66,23535693;20,69854904
1762650000;70,48900371;22,02781366
1762653600;76,97075118;24,05335974
1762657200;93,98533828;29,37041821
1762660800;112,8229169;35,25716153
1762664400;112,0126984;35,00396825
1762668000;108,7718247;33,99119522
1762671600;101,884968;31,8390525
1762675200;97,63132123;30,50978788
1762678800;94,5930021;29,56031316
1762682400;87,0984816;27,2182755
1762686000;81,83206178;25,57251931
1762689600;80,41417952;25,1294311
1762693200;81,02184334;25,31932604
1762696800;83,65505325;26,14220414
1762700400;85,68059934;26,77518729
1762704000;85,27549012;26,64859066
1762707600;82,64228021;25,82571257
1762711200;80,21162491;25,06613278
1762714800;80,0090703;25,00283447
1762718400;70,69155832;22,09111198
1762722000;64,00725624;20,00226758
1762725600;64,81747468;20,25546084
1762729200;75,01980357;23,44368862
1762732800;74,80422942;23,37632169
1762736400;81,27145387;25,39732933
1762740000;88,60097491;27,68780466
1762743600;112,5297054;35,16553294
1762747200;105,2001843;32,87505759
1762750800;106,0624809;33,14452528
1762754400;103,9067394;32,47085606
1762758000;98,51738572;30,78668304
1762761600;94,8526252;29,64144538
1762765200;95,2837735;29,77617922
1762768800;90,10999394;28,15937311
1762772400;88,60097491;27,68780466
1762776000;86,87638172;27,14886929
1762779600;89,0321232;27,8225385
1762783200;89,67884565;28,02463927
1762786800;93,12803202;29,10251001
1762790400;91,61901298;28,63094156
1762794000;90,54114224;28,29410695
1762797600;89,24769735;27,88990542
1762801200;87,73867831;27,41833697
1762804800;79,33128653;24,79102704
1762808400;72,0017655;22,50055172
1762812000;71,78619135;22,4331848
1762815600;75,09203047;23,46625952
1762819200;76,7449997;23,98281241
1762822800;81,46776891;25,45867778
1762826400;86,42667658;27,00833643
1762830000;106,4984457;33,28076428
1762833600;122,5558611;38,29870659
1762837200;128,9315995;40,29112484
1762840800;127,0424918;39,70077869
1762844400;122,5558611;38,29870659
1762848000;115,2355688;36,01111525
1762851600;109,3321073;34,16628353
1762855200;105,7900304;33,0593845
1762858800;102,7202304;32,100072
1762862400;99,41429192;31,06696623
1762866000;97,99746115;30,62420661
1762869600;97,76132269;30,55041334
1762873200;100,5949842;31,43593256
1762876800;100,1227073;31,28834603
1762880400;98,46973807;30,77179315
1762884000;92,80241502;29,00075469
1762887600;88,31578427;27,59868258
1762891200;80,75935353;25,23729798
1762894800;73,20292279;22,87591337
1762898400;71,78609202;22,43315376
1762902000;76,31702201;23,84906938
1762905600;78,00225594;24,37570498
1762909200;83,05795771;25,95561178
1762912800;86,90992097;27,1593503
1762916400;108,3364666;33,85514581
1762920000;125,6703012;39,27196913
1762923600;131,6889938;41,15281056
1762927200;133,6149754;41,75467981
1762930800;124,7073104;38,9710345
1762934400;117,4848793;36,71402478
1762938000;113,1514206;35,35981894
1762941600;108,0957189;33,77991216
1762945200;104,0030079;32,50093997
1762948800;102,5585217;32,04953803
1762952400;102,7992694;32,12477169
1762956000;101,1140355;31,59813609
1762959600;102,317774;31,97430438
1762963200;99,91029696;31,2219678
1762966800;98,94730614;30,92103317
1762970400;94,61384748;29,56682734
1762974000;87,63216408;27,38505128
1762977600;79,44674216;24,82710693
1762981200;73,66879727;23,02149915
1762984800;73,18730187;22,87103183
1762988400;78,00202083;24,37563151
1762992000;79,72446293;24,91389467
1762995600;84,89178923;26,52868413
1762999200;88,82879975;27,75899992
1763002800;110,7284207;34,60263147
1763006400;128,4449681;40,13905253
1763010000;134,596547;42,06142094
1763013600;136,5650522;42,67657881
1763017200;127,4607154;39,83147356
1763020800;120,0788207;37,52463147
1763024400;115,6496839;36,14052622
1763028000;110,4823576;34,52573675
1763031600;106,2992839;33,21852622
1763035200;104,822905;32,75715781
1763038800;105,0689681;32,83405253
1763042400;103,346526;32,29578938
1763046000;104,5768418;32,68026306
1763049600;102,1162102;31,91131569
1763053200;101,1319576;31,60373675
1763056800;96,70282078;30,21963149
1763060400;89,56698922;27,98968413
1763064000;81,20084188;25,37526309
1763067600;75,2953261;23,52978941
1763071200;74,80319979;23,37599993
1763074800;78,49813829;24,53066822
1763078400;80,23153567;25,0723549
1763082000;85,4317278;26,69741494
1763085600;89,39377894;27,93555592
1763089200;111,4326884;34,82271513
1763092800;129,2619186;40,39434956
1763096400;135,4526235;42,32894484
1763100000;137,4336491;42,94801534
1763103600;128,2714058;40,08481431
1763107200;120,8425599;37,76329997
1763110800;116,3852524;36,37039138
1763114400;111,1850602;34,74533131
1763118000;106,9753809;33,42980653
1763121600;105,4896117;32,96550366
1763125200;105,7372399;33,04288747
1763128800;104,0038425;32,50120078
1763132400;105,2419835;32,88811984
1763136000;102,7657016;32,11428175
1763139600;101,7751888;31,8047465
1763143200;97,31788123;30,41183788
1763146800;90,13666353;28,16770735
1763150400;81,71730485;25,53665777
1763154000;75,77422813;23,67944629
1763157600;75,27897174;23,52467867
1763161200;73,98142963;23,11919676
1763164800;76,3834241;23,86982003
1763168400;80,22661525;25,07081727
1763172000;83,82960695;26,19675217
1763175600;104,4867594;32,65211231
1763179200;126,344909;39,48278406
1763182800;131,6292969;41,13415528
1763186400;133,7910919;41,80971622
1763190000;125,6243107;39,25759709
1763193600;118,6585267;37,08078959
1763197200;114,0947373;35,65460541
1763200800;109,0505489;34,07829653
1763204400;104,4867594;32,65211231
1763208000;103,5259616;32,351863
1763211600;103,2857622;32,27680069
1763215200;101,8445655;31,82642672
1763218800;101,604366;31,75136438
1763222400;101,3641666;31,67630206
1763226000;99,20237155;31,00074111
1763229600;94,39838262;29,49949457
1763233200;87,6727981;27,39774941
1763236800;79,9864158;24,99575494
1763240400;73,98142963;23,11919676
1763244000;72,54023295;22,6688228
1763247600;57,58970416;17,99678255
1763251200;60,35843993;18,86201248
1763254800;64,23467002;20,07333438
1763258400;70,14130634;21,91915823
1763262000;85,64622669;26,76444584
1763265600;102,8123885;32,12887141
1763269200;102,074059;31,89814344
1763272800;99,12074081;30,9752315
1763276400;92,84493971;29,01404366
1763280000;88,96870962;27,80272176
1763283600;86,19997385;26,93749183
1763287200;79,3704256;24,803258
1763290800;74,57128359;23,30352612
1763294400;73,27920689;22,89975215
1763298000;73,83295405;23,07279814
1763301600;76,23252505;23,82266408
1763305200;78,0783489;24,39948403
1763308800;77,70918413;24,28412004
1763312400;75,30961313;23,5342541
1763316000;73,0946245;22,84207016
1763319600;72,91004212;22,78438816
1763323200;64,4192524;20,13101638
1763326800;58,3280337;18,22751053
1763330400;59,06636324;18,45823851
1763334000;48,24610393;15,07690748
1763337600;44,03414247;13,76066952
1763341200;50,92644304;15,91451345
1763344800;61,64779946;19,26493733
1763348400;75,43240059;23,57262518
1763352000;64,07286818;20,02277131
1763355600;63,4346922;19,82334131
1763359200;59,35036594;18,54698936
1763362800;57,43583801;17,94869938
1763366400;53,60678214;16,75211942
1763370000;52,33043019;16,35325943
1763373600;49,52245588;15,47576746
1763377200;47,09738717;14,71793349
1763380800;48,75664471;15,23645147
1763384400;46,84211678;14,63816149
1763388000;50,28826706;15,71508346
1763391600;52,96860616;16,55268943
1763395200;53,35151175;16,67234742
1763398800;53,47914695;16,71223342
1763402400;55,90421566;17,47006739
1763406000;53,47914695;16,71223342
1763409600;50,28826706;15,71508346
1763413200;42,88542571;13,40169553
1763416800;40,97089778;12,80340556
1763420400;38,08648797;11,90202749
1763424000;39,44231764;12,32572426
1763427600;43,26329216;13,5197788
1763431200;49,67266878;15,52270899
1763434800;57,31461782;17,91081807
1763438400;66,18913929;20,68410603
1763442000;70,13337105;21,91667845
1763445600;68,40776965;21,37742802
1763449200;63,97050892;19,99078404
1763452800;60,02627716;18,75821161
1763456400;55,09598745;17,21749608
1763460000;53,37038605;16,67824564
1763463600;50,53546947;15,79233421
1763467200;49,67266878;15,52270899
1763470800;49,1796398;15,36863744
1763474400;50,65872672;15,8308521
1763478000;50,9052412;15,90788788
1763481600;52,13781363;16,29306676
1763485200;51,89129914;16,21603098
1763488800;51,39827017;16,06195943
1763492400;48,07032462;15,02197644
1763496000;41,53769076;12,98052836
1763499600;36,36088657;11,36277705
1763503200;35,0050569;10,93908028
1763506800;38,06488428;11,89527634
1763510400;39,57240445;12,36637639
1763514000;43,34120487;13,54412652
1763517600;49,87379227;15,58556008
1763521200;58,1651532;18,17661038
1763524800;68,21528766;21,31727739
1763528400;72,23534145;22,5735442
1763532000;72,98910153;22,80909423
1763535600;66,70776749;20,84617734
1763539200;61,93395362;19,35436051
1763542800;57,78827316;18,05883536
1763546400;55,02448618;17,19515193
1763550000;53,01445929;16,56701853
1763553600;52,2606992;16,3314685
1763557200;51,38131244;16,05666014
1763560800;51,25568576;16,0174018
1763564400;52,13507252;16,29221016
1763568000;51,0044324;15,93888513
1763571600;51,13005908;15,97814346
1763575200;50,75317904;15,86036845
1763578800;47,61251202;14,87891001
1763582400;40,32616453;12,60192642
1763586000;35,9292307;11,22788459
1763589600;35,67797734;11,14936792
1763593200;45,71397222;14,28561632
1763596800;47,52442657;14,8513833
1763600400;52,05056243;16,26580076
1763604000;59,8958646;18,71745769
1763607600;69,8533635;21,82917609
1763611200;81,92305913;25,60095598
1763614800;86,75093739;27,10966793
1763618400;87,65616456;27,39255143
1763622000;80,11260479;25,035189
1763625600;74,37949936;23,24359355
1763629200;69,40074991;21,68773435
1763632800;66,08158361;20,65049488
1763636400;63,66764448;19,8961389
1763640000;62,76241731;19,61325541
1763643600;61,70631894;19,28322467
1763647200;61,55544775;19,23607742
1763650800;62,61154612;19,56610816
1763654400;61,25370536;19,14178293
1763658000;61,40457655;19,18893017
1763661600;60,95196297;19,04748843
1763665200;57,18018308;17,86880721
1763668800;48,42965374;15,13426679
1763672400;43,1491619;13,48411309
1763676000;42,84741951;13,3898186
1763679600;47,03991111;14,69997222
1763683200;48,90287788;15,28214934
1763686800;53,56029483;16,73759213
1763690400;61,63315086;19,26035964
1763694000;71,87946813;22,46233379
1763697600;84,29924664;26,34351458
1763701200;89,26715804;27,89598689
1763704800;90,19864143;28,18707545
1763708400;82,43627986;25,76133746
1763712000;76,53688507;23,91777658
1763715600;71,41372643;22,31678951
1763719200;67,99828734;21,24946479
1763722800;65,51433164;20,47322864
1763726400;64,58284825;20,18214008
1763730000;63,49611763;19,84253676
1763733600;63,3408704;19,794022
1763737200;64,42760102;20,13362532
1763740800;63,03037594;19,69699248
1763744400;63,18562317;19,74550724
1763748000;62,71988148;19,59996296
1763751600;58,83870069;18,38709397
1763755200;49,83436127;15,5732379
1763758800;44,40070817;13,8752213
1763762400;44,09021371;13,77819178
1763766000;35,00289257;10,93840393
1763769600;36,18144114;11,30670036
1763773200;38,89210285;12,15378214
1763776800;44,31342628;13,84794571
1763780400;51,62042742;16,13138357
1763784000;64,11304227;20,03532571
1763787600;68,59152685;21,43485214
1763791200;69,41651085;21,69265964
1763794800;63,64162285;19,88800714
1763798400;59,16313828;18,48848071
1763802000;55,15607313;17,23627285
1763805600;52,20970171;16,31553178
1763809200;50,08831428;15,65259821
1763812800;49,38118513;15,43162035
1763816400;48,43834628;15,13698321
1763820000;47,84907199;14,952835
1763823600;48,43834628;15,13698321
1763827200;48,67405599;15,2106425
1763830800;48,55620113;15,17381285
1763834400;47,84907199;14,952835
1763838000;45,25626514;14,14258286
1763841600;38,53853828;12,04329321
1763845200;34,29576342;10,71742607
1763848800;32,99935999;10,3123
1763852400;26,65246963;8,328896759
1763856000;26,65246963;8,328896759
1763859600;30,13645259;9,417641434
1763863200;35,01402873;10,94188398
1763866800;41,37229762;12,92884301
1763870400;49,55965758;15,48739299
1763874000;51,12744991;15,9773281
1763877600;49,8209563;15,56904884
1763881200;45,98857504;14,3714297
1763884800;42,59169166;13,30990364
1763888400;40,76260061;12,73831269
1763892000;38,41091211;12,00341003
1763895600;33,18493767;10,37029302
1763899200;32,48814108;10,15254409
1763902800;33,0978381;10,34307441
1763906400;33,96883384;10,61526058
1763910000;35,01402873;10,94188398
1763913600;36,32052234;11,35016323
1763917200;34,92692915;10,91466536
1763920800;35,53662617;11,10519568
1763924400;34,14303299;10,66969781
1763928000;31,35584662;9,798702069
1763931600;26,56537005;8,301678141
1763935200;26,21697176;8,192803675
1763938800;23,41988135;7,318712922
1763942400;24,76017576;7,737554925
1763946000;31,03839697;9,699499053
1763949600;41,12587598;12,85183624
1763953200;48,32114073;15,10035648
1763956800;36,32903282;11,35282276
1763960400;40,84370874;12,76365898
1763964000;35,34144746;11,04420233
1763967600;31,10893878;9,721543369
1763971200;30,05081161;9,390878628
1763974800;28,49889176;8,905903675
1763978400;27,08805554;8,465017356
1763982000;25,11288482;7,847776506
1763985600;25,46559388;7,957998088
1763989200;24,83071757;7,759599241
1763992800;25,11288482;7,847776506
1763996400;25,25396844;7,891865138
1764000000;26,8764301;8,398884406
1764003600;28,63997538;8,949992306
1764007200;28,78105901;8,994080941
1764010800;28,99268444;9,060213888
1764014400;26,02992837;8,134352616
1764018000;21,93850331;6,855782284
1764021600;20,45712527;6,392851647
1764025200;32,88456708;10,27642721
1764028800;34,0552151;10,64225472
1764032400;37,35431406;11,67322314
1764036000;42,88828651;13,40258953
1764039600;49,48648444;15,46452639
1764043200;57,14890783;17,8590337
1764046800;60,55442934;18,92325917
1764050400;59,06451368;18,45766053
1764054000;55,23330198;17,26040687
1764057600;51,82778047;16,1961814
1764061200;47,57087859;14,86589956
1764064800;46,08096293;14,40030092
1764068400;43,63324434;13,63538886
1764072000;42,88828651;13,40258953
1764075600;42,46259632;13,26956135
1764079200;43,73966689;13,6686459
1764082800;43,95251198;13,73515999
1764086400;45,01673746;14,06773046
1764090000;44,80389236;14,00121636
1764093600;44,37820217;13,86818818
1764097200;41,5047934;12,97024794
1764100800;35,8643984;11,2076245
1764104400;31,39465142;9,810828569
1764108000;30,2240034;9,445001063
1764111600;54,91524646;17,16101452
1764115200;56,4743544;17,64823575
1764118800;60,45874137;18,89335668
1764122400;66,00223628;20,62569884
1764126000;79,68773934;24,90241854
1764129600;91,46766602;28,58364563
1764133200;95,79852142;29,93703794
1764136800;93,71971083;29,28740963
1764140400;89,56208965;27,98815302
1764144000;84,88476582;26,52648932
1764147600;79,86097356;24,95655424
1764151200;76,22305502;23,81970469
1764154800;74,14424443;23,17007638
1764158400;72,93160492;22,79112654
1764162000;73,45130757;22,95353362
1764165600;74,14424443;23,17007638
1764169200;73,27807335;22,89939792
1764172800;71,54573119;22,358041
1764176400;69,98662325;21,87081977
1764180000;69,12045217;21,6001413
1764183600;64,61636255;20,1926133
1764187200;56,64758862;17,70237144
1764190800;51,62379635;16,13243636
1764194400;51,97026479;16,24070775
1764198000;62,79945032;19,62482823
1764201600;64,58240001;20,182
1764205200;69,138827;21,60588344
1764208800;75,47820369;23,58693865
1764212400;91,12853989;28,47766872
1764216000;104,5997154;32,68741106
1764219600;109,5523534;34,23511044
1764223200;107,1750871;33,49221472
1764226800;102,4205546;32,00642331
1764230400;97,07170554;30,33490798
1764234000;91,32664541;28,53957669
1764237600;87,16642946;27,23950921
1764241200;84,7891632;26,4966135
1764244800;83,40242455;26,06325767
1764248400;83,99674112;26,2489816
1764252000;84,7891632;26,4966135
1764255600;83,7986356;26,18707363
1764259200;81,81758038;25,56799387
1764262800;80,03463069;25,01082209
1764266400;79,04410308;24,70128221
1764270000;73,89335952;23,09167485
1764273600;64,78050553;20,24390798
1764277200;59,03544541;18,44857669
1764280800;59,43165645;18,57239264
1764284400;67,72906548;21,16533296
1764288000;69,65197271;21,76624147
1764291600;74,56606894;23,30189654
1764295200;81,4030724;25,43846013
1764298800;98,28192468;30,71310146
1764302400;112,810557;35,25329906
1764306000;118,151966;36,92248938
1764309600;115,5880897;36,12127803
1764313200;110,4603371;34,51885534
1764316800;104,6916154;32,71612981
1764320400;98,49558104;30,77986908
1764324000;94,00879752;29,37774923
1764327600;91,44492122;28,57653788
1764331200;89,94932672;28,1091646
1764334800;90,59029579;28,30946743
1764338400;91,44492122;28,57653788
1764342000;90,37663943;28,24269982
1764345600;88,24007585;27,5750237
1764349200;86,31716863;26,9741152
1764352800;85,24888684;26,64027714
1764356400;79,69382153;24,90431923
1764360000;69,86562906;21,83300908
1764363600;63,66959468;19,89674834
1764367200;64,0969074;20,03028356
1764370800;74,16900435;23,17781386
1764374400;76,5770889;23,93034028
1764378000;80,4300242;25,13438256
1764381600;84,04215103;26,2631722
1764385200;104,7516782;32,73489944
1764388800;126,6652477;39,58288991
1764392400;131,9630337;41,23844803
1764396000;134,1303098;41,91572181
1764399600;125,9428223;39,35713197
1764403200;118,9593771;37,17480534
1764406800;114,3840164;35,74500513
1764410400;109,3270389;34,16469966
1764414000;104,7516782;32,73489944
1764417600;103,7884444;32,43388888
1764421200;103,5476359;32,35863622
1764424800;102,1027852;31,90712038
1764428400;101,8619768;31,83186775
1764432000;101,6211683;31,75661509
1764435600;99,45389219;31,07934131
1764439200;94,63772308;29,57428846
1764442800;87,89508632;27,46721448
1764446400;80,18921574;25,05912992
1764450000;74,16900435;23,17781386
1764453600;72,72415361;22,726298
1764457200;76,24756329;23,82736353
1764460800;76,24756329;23,82736353
1764464400;79,98977499;24,99680468
1764468000;85,60309253;26,75096642
1764471600;107,1208098;33,47525306
1764475200;125,59798;39,24936875
1764478800;128,638527;40,19953969
1764482400;121,8557683;38,07992759
1764486000;117,4118919;36,69121622
1764489600;112,5002391;35,15632472
1764493200;109,4596921;34,20615378
1764496800;104,5480392;32,67126225
1764500400;100,3380511;31,35564097
1764504000;98,93472169;30,91710053
1764507600;95,19251;29,74765938
1764511200;96,59583938;30,18619981
1764514800;97,29750408;30,40547003
1764518400;96,36195115;30,11310973
1764522000;94,95862177;29,6745693
1764525600;93,08751592;29,08984873
1764529200;89,11141599;27,8473175
1764532800;81,86088083;25,58152526
1764536400;75,07812214;23,46191317
1764540000;75,07812214;23,46191317
1764543600;82,50471931;25,78272478
1764547200;82,26763678;25,70863649
1764550800;89,38011258;27,93128518
1764554400;97,44091849;30,45028703
1764558000;123,757079;38,67408719
1764561600;115,6962731;36,15508534
1764565200;116,6446032;36,4514385
1764568800;114,2737779;35,71055559
1764572400;108,3467147;33,85834834
1764576000;104,3163118;32,59884744
1764579600;104,7904768;32,747024
1764583200;99,10049618;30,96890506
1764586800;97,44091849;30,45028703
1764590400;95,54425828;29,85758071
1764594000;97,91508355;30,59846361
1764597600;98,62633113;30,82072848
1764601200;102,4196516;32,00614113
1764604800;100,7600739;31,48752309
1764608400;99,57466123;31,11708163
1764612000;98,15216607;30,6725519
1764615600;96,49258839;30,15393387
1764619200;87,24636984;27,26449058
1764622800;79,18556393;24,74548873
1764626400;78,94848141;24,67140044
1764630000;72,51833474;22,66197961
1764633600;74,61020978;23,31569056
1764637200;81,11826546;25,34945796
1764640800;88,55604338;27,67376356
1764644400;107,3829187;33,55716209
1764648000;122,7233357;38,35104241
1764651600;126,4422247;39,51319522
1764655200;123,653058;38,64158063
1764658800;118,5395856;37,0436205
1764662400;113,1936827;35,37302584
1764666000;106,6856271;33,33925847
1764669600;100,8748631;31,52339472
1764673200;99,24784915;31,01495286
1764676800;97,62083523;30,50651101
1764680400;98,08569635;30,65178011
1764684000;98,31812691;30,72441466
1764687600;100,1775714;31,30549106
1764691200;99,24784915;31,01495286
1764694800;97,15597411;30,36124191
1764698400;92,73979346;28,98118546
1764702000;88,32361282;27,60112901
1764705600;77,3993765;24,18730516
1764709200;70,19402914;21,93563411
1764712800;69,72916802;21,79036501
1764716400;67,59264692;21,12270216
1764720000;69,51168106;21,72240033
1764723600;74,41587942;23,25496232
1764727200;81,23911191;25,38722247
1764730800;98,08396714;30,65123973
1764734400;112,5833362;35,18229256
1764738000;117,9139866;36,84812081
1764741600;115,3552744;36,04852325
1764745200;110,23785;34,44932813
1764748800;104,4807476;32,65023363
1764752400;98,29719316;30,71787286
1764756000;93,81944683;29,31857713
1764759600;91,26073464;28,51897958
1764763200;89,76815254;28,05254767
1764766800;90,40783058;28,25244706
1764770400;91,26073464;28,51897958
1764774000;90,19460457;28,18581393
1764777600;88,06234441;27,51948263
1764781200;86,14331027;26,91978446
1764784800;85,07718019;26,58661881
1764788400;79,53330379;24,85415743
1764792000;69,72490708;21,78903346
1764795600;63,54135263;19,8566727
1764799200;63,96780466;19,98993896
1764802800;73,09802331;22,84313228
1764806400;75,17336151;23,49167547
1764810000;80,47700358;25,14906362
1764813600;87,85598386;27,45499496
1764817200;106,0728414;33,14776294
1764820800;121,7531745;38,04786703
1764824400;127,5180028;39,84937588
1764828000;124,7508852;38,98465163
1764831600;119,21665;37,25520313
1764835200;112,9906354;35,30957356
1764838800;106,3034345;33,21982328
1764842400;101,4609787;31,70655584
1764846000;98,69386113;30,8418316
1764849600;97,0797092;30,33740913
1764853200;97,7714886;30,55359019
1764856800;98,69386113;30,8418316
1764860400;97,54089546;30,48152983
1764864000;95,23496413;29,76092629
1764867600;93,15962593;29,1123831
1764871200;92,00666026;28,75208133
1764874800;86,01123879;26,87851212
1764878400;75,40395465;23,56373583
1764882000;68,71675378;21,47398556
1764885600;69,17794004;21,61810626
1764889200;75,3898797;23,55933741
1764892800;77,05464045;24,07957514
1764896400;82,04892271;25,64028835
1764900000;85,85409014;26,82940317
1764903600;107,020334;33,44385438
1764907200;124,1435874;38,79487106
1764910800;130,0891615;40,65286297
1764914400;131,9917452;41,24742038
1764918000;123,1922955;38,49759234
1764921600;116,0576066;36,26800206
1764925200;111,7767933;34,93024791
1764928800;106,782511;33,36953469
1764932400;102,7395206;32,10610019
1764936000;101,3125828;31,66018213
1764939600;101,5504058;31,73450181
1764943200;99,88564503;31,21426407
1764946800;101,0747599;31,58586247
1764950400;98,69653021;30,84266569
1764954000;97,74523835;30,54538698
1764957600;93,464425;29,20763281
1764961200;86,56755903;27,0523622
1764964800;78,48157824;24,5254932
1764968400;72,7738271;22,74182097
1764972000;72,29818117;22,59318162
1764975600;74,63780157;23,32431299
1764979200;77,06110681;24,08159588
1764982800;80,9383952;25,2932485
1764986400;84,57335307;26,42917283
1764990000;105,4137782;32,94180569
1764993600;127,4658559;39,83307997
1764997200;132,7971275;41,49910234
1765000800;134,9781022;42,18065694
1765004400;126,7388643;39,60589509
1765008000;119,7112791;37,40977472
1765011600;115,1069992;35,97093725
1765015200;110,0180582;34,38064319
1765018800;105,4137782;32,94180569
1765022400;104,4444561;32,63889253
1765026000;104,2021256;32,56316425
1765029600;102,7481424;32,1087945
1765033200;102,5058119;32,03306622
1765036800;102,2634814;31,95733794
1765040400;100,0825066;31,27578331
1765044000;95,23589615;29,76121755
1765047600;88,45064147;27,64082546
1765051200;80,69606468;25,21752021
1765054800;74,63780157;23,32431299
1765058400;73,18381842;22,86994326
1765062000;75,40747431;23,56483572
1765065600;75,40747431;23,56483572
1765069200;79,10845464;24,72139208
1765072800;84,65992514;26,45622661
1765076400;105,9405621;33,10642566
1765080000;124,2141525;38,81692266
1765083600;127,221199;39,75662469
1765087200;120,5131721;37,66036628
1765090800;116,118258;36,28695563
1765094400;111,2607213;34,76897541
1765098000;108,2536748;33,82927338
1765101600;103,3961381;32,31129316
1765105200;99,23253521;31,01016725
1765108800;97,84466758;30,57645862
1765112400;94,14368725;29,41990227
1765116000;95,53155487;29,8536109
1765119600;96,22548869;30,07046522
1765123200;95,3002436;29,78132613
1765126800;93,91237598;29,34761749
1765130400;92,06188581;28,76933932
1765134000;88,1295942;27,54049819
1765137600;80,95894481;25,29967025
1765141200;74,25091795;23,20341186
1765144800;74,25091795;23,20341186
1765148400;74,77946084;23,36858151
1765152000;74,56457733;23,30143042
1765155600;81,01108258;25,31596331
1765159200;88,31712185;27,59910058
1765162800;112,1691913;35,05287228
1765166400;104,863152;32,769735
1765170000;105,722686;33,03833938
1765173600;103,5738509;32,36682841
1765177200;98,20176323;30,68805101
1765180800;94,54874359;29,54648237
1765184400;94,97851061;29,68078457
1765188000;89,82130641;28,06915825
1765191600;88,31712185;27,59910058
1765195200;86,59805379;27,06189181
1765198800;88,74688887;27,73340277
1765202400;89,39153939;27,93485606
1765206000;92,82967552;29,0092736
1765209600;91,32549097;28,53921593
1765213200;90,25107343;28,20346045
1765216800;88,96177238;27,80055387
1765220400;87,45758782;27,33049619
1765224000;79,077131;24,71160344
1765227600;71,77109172;22,42846616
1765231200;71,55620822;22,36131507
1765234800;64,81665589;20,25520497
1765238400;66,68636712;20,83948973
1765242000;72,50324649;22,65726453
1765245600;79,15110863;24,73472145
1765249200;95,97850968;29,99328428
1765252800;109,6897254;34,27803919
1765256400;113,0136564;35,31676763
1765260000;110,5207081;34,53772128
1765263600;105,9503029;33,10946966
1765267200;101,172152;31,6162975
1765270800;95,35527261;29,79852269
1765274400;90,16163031;28,17550947
1765278000;88,70741046;27,72106577
1765281600;87,25319062;27,26662207
1765285200;87,668682;27,39646313
1765288800;87,8764277;27,46138366
1765292400;89,53839323;27,98074788
1765296000;88,70741046;27,72106577
1765299600;86,83769924;27,13678101
1765303200;82,89053109;25,90329097
1765306800;78,94336294;24,66980092
1765310400;69,17931542;21,61853607
1765314000;62,73919897;19,60599968
1765317600;62,32370759;19,47615862
1765321200;58,68338496;18,3385578
1765324800;60,34947475;18,85921086
1765328400;64,60725978;20,18976868
1765332000;70,5311346;22,04097956
1765335600;85,15570057;26,61115643
1765339200;97,74393457;30,54497955
1765342800;102,3719618;31,99123806
1765346400;100,1505087;31,29703397
1765350000;95,7076026;29,90862581
1765353600;90,70933321;28,34666663
1765357200;85,34082166;26,66900677
1765360800;81,4532788;25,45414963
1765364400;79,23182575;24,75994555
1765368000;77,93597813;24,35499317
1765371600;78,49134139;24,52854418
1765375200;79,23182575;24,75994555
1765378800;78,30622031;24,47069385
1765382400;76,45500942;23,89219044
1765386000;74,78891963;23,37153738
1765389600;73,86331419;23,08228568
1765393200;69,0501659;21,57817684
1765396800;60,53459584;18,9170612
1765400400;55,16608428;17,23940134
1765404000;55,53632646;17,35510202
1765407600;53,89167473;16,84114835
1765411200;55,42172228;17,31928821
1765414800;59,33184379;18,54120118
1765418400;64,77201285;20,24125402
1765422000;78,20243021;24,43825944
1765425600;89,76278945;28,0508717
1765429200;94,01292153;29,37903798
1765432800;91,97285813;28,74151817
1765436400;87,89273134;27,46647854
1765440000;83,3025887;26,03205897
1765443600;78,37243549;24,49138609
1765447200;74,80232455;23,37572642
1765450800;72,76226115;22,73820661
1765454400;71,57222417;22,36632005
1765458000;72,08224002;22,52570001
1765461600;72,76226115;22,73820661
1765465200;71,91223473;22,47257335
1765468800;70,2121819;21,94130684
1765472400;68,68213436;21,46316699
1765476000;67,83210794;21,19753373
1765479600;63,41197058;19,81624081
1765483200;55,59172756;17,37241486
1765486800;50,66157435;15,83174198
1765490400;51,00158492;15,93799529
1765494000;50,07042036;15,64700636
1765497600;51,49197803;16,09124313
1765501200;55,12484765;17,22651489
1765504800;60,17927494;18,80602342
1765508400;72,65739232;22,7054351
1765512000;83,39805031;26,06189072
1765515600;87,34682163;27,29588176
1765519200;85,4514114;26,70356606
1765522800;81,66059093;25,51893467
1765526400;77,3959179;24,18622434
1765530000;72,81534317;22,75479474
1765533600;69,49837526;21,71824227
1765537200;67,60296503;21,12592657
1765540800;66,49730906;20,78040908
1765544400;66,97116161;20,928488
1765548000;67,60296503;21,12592657
1765551600;66,81321076;20,87912836
1765555200;65,23370223;20,38553195
1765558800;63,81214456;19,94129518
1765562400;63,02239029;19,69449697
1765566000;58,91566812;18,41114629
1765569600;51,64992889;16,14060278
1765573200;47,06935415;14,70917317
1765576800;47,38525586;14,80789246
1765580400;47,86347163;14,95733488
1765584000;49,55096583;15,48467682
1765587600;51,69868571;16,15583928
1765591200;56,30094259;17,59404456
1765594800;68,42021907;21,38131846
1765598400;82,07358117;25,64799412
1765602000;86,21561236;26,94237886
1765605600;83,91448392;26,22327623
1765609200;79,92586128;24,97683165
1765612800;76,09064721;23,77832725
1765616400;71,64179889;22,38806215
1765620000;67,80658481;21,18955775
1765623600;65,65886493;20,51839529
1765627200;64,43159643;20,13487388
1765630800;64,73841355;20,23075423
1765634400;65,35204781;20,42251494
1765638000;64,73841355;20,23075423
1765641600;63,81796218;19,94311318
1765645200;62,8975108;19,65547213
1765648800;61,36342517;19,17607037
1765652400;57,83502822;18,07344632
1765656000;50,93164289;15,9161384
1765659600;45,56234319;14,23823225
1765663200;45,40893463;14,19029207
1765666800;47,74994094;14,92185654
1765670400;50,04561118;15,63925349
1765674000;53,25954951;16,64360922
1765677600;58,15697935;18,17405605
1765681200;71,01273268;22,19147896
1765684800;85,24588815;26,63934005
1765688400;84,63370942;26,44803419
1765692000;82,1849945;25,68281078
1765695600;76,98147529;24,05671103
1765699200;73,76753696;23,0523553
1765702800;71,47186672;22,33495835
1765706400;65,80921347;20,56537921
1765710000;61,83005173;19,32189117
1765713600;60,75873895;18,98710592
1765717200;61,217873;19,13058531
1765720800;63,20745387;19,75232933
1765724400;64,73790069;20,23059397
1765728000;64,43181133;20,13494104
1765731600;62,44223046;19,51319702
1765735200;60,60569427;18,93927946
1765738800;60,45264958;18,89145299
1765742400;53,41259419;16,69143568
1765746000;48,36211967;15,1131624
1765749600;48,9742984;15,30446825
1765753200;52,38529049;16,37040328
1765756800;47,81197147;14,94124108
1765760400;55,2955844;17,27987013
1765764000;66,93676006;20,91773752
1765767600;81,90398592;25,5949956
1765771200;69,56988313;21,74058848
1765774800;68,87695601;21,52404875
1765778400;64,44222242;20,13819451
1765782000;62,36344105;19,48857533
1765785600;58,20587832;18,18933698
1765789200;56,82002407;17,75625752
1765792800;53,77114473;16,80348273
1765796400;51,13802166;15,98063177
1765800000;52,93963218;16,54363506
1765803600;50,86085081;15,89401588
1765807200;54,60265728;17,0633304
1765810800;57,51295119;17,97279725
1765814400;57,92870747;18,10272108
1765818000;58,06729289;18,14602903
1765821600;60,70041596;18,96887999
1765825200;58,06729289;18,14602903
1765828800;54,60265728;17,0633304
1765832400;46,56470265;14,55146958
1765836000;44,48592129;13,9018504
1765839600;48,72038424;15,22512008
1765843200;50,12577994;15,66430623
1765846800;54,49812212;17,03066316
1765850400;59,4950846;18,59221394
1765854000;72,1436459;22,54488934
1765857600;82,44988103;25,76558782
1765861200;84,94836227;26,54636321
1765864800;83,07450134;25,96078167
1765868400;79,63908963;24,88721551
1765872000;76,04752284;23,76485089
1765875600;71,67518067;22,39849396
1765879200;67,77130372;21,17853241
1765882800;66,67821818;20,83694318
1765886400;65,58513263;20,49535395
1765890000;65,89744279;20,59295087
1765893600;66,05359787;20,64174933
1765897200;67,30283849;21,03213703
1765900800;66,67821818;20,83694318
1765904400;65,27282248;20,39775703
1765908000;62,305876;19,47058625
1765911600;59,33892953;18,54341548
1765915200;51,99964087;16,24988777
1765918800;47,15883347;14,73713546
1765922400;46,84652331;14,63953853
1765926000;60,35811313;18,86191035
1765929600;62,07175041;19,397422
1765933200;66,45104568;20,76595178
1765936800;72,54397824;22,6699932
1765940400;87,58590548;27,37059546
1765944000;100,5333872;31,4166835
1765947600;105,2934907;32,90421584
1765951200;103,008641;32,19020031
1765954800;98,4389416;30,76216925
1765958400;93,29802975;29,1556343
1765962000;87,77630962;27,43009676
1765965600;83,77782264;26,18056958
1765969200;81,49297293;25,46655404
1765972800;80,16014393;25,05004498
1765976400;80,73135636;25,22854886
1765980000;81,49297293;25,46655404
1765983600;80,54095222;25,16904757
1765987200;78,63691079;24,57403462
1765990800;76,92327351;24,03852297
1765994400;75,9712528;23,7410165
1765998000;71,0207451;22,19398284
1766001600;62,26215455;19,4569233
1766005200;56,74043442;17,73138576
1766008800;57,12124271;17,85038835
1766012400;65,38300696;20,43218968
1766016000;67,23930684;21,01228339
1766019600;71,98318432;22,4947451
1766023200;78,58336167;24,55730052
1766026800;94,87754953;29,64923423
1766030400;108,9029264;34,0321645
1766034000;114,059315;35,64353594
1766037600;111,5842485;34,87007766
1766041200;106,6341154;33,32316106
1766044800;101,0652158;31,58287994
1766048400;95,08380507;29,71368908
1766052000;90,75243868;28,36013709
1766055600;88,27737217;27,5866788
1766059200;86,83358337;27,1354948
1766062800;87,45235;27,32885938
1766066400;88,27737217;27,5866788
1766070000;87,24609446;27,26440452
1766073600;85,18353903;26,61985595
1766077200;83,32723915;26,03976223
1766080800;82,29596144;25,71748795
1766084400;76,93331733;24,04166167
1766088000;67,44556238;21,07673824
1766091600;61,46415165;19,20754739
1766095200;61,87666274;19,33645711
1766098800;64,6593943;20,20606072
1766102400;66,49514998;20,77973437
1766106000;71,18652559;22,24578925
1766109600;77,71365687;24,28551777
1766113200;93,82751224;29,32109758
1766116800;107,6976662;33,65552069
1766120400;112,7969875;35,24905859
1766124000;110,3493133;34,48416041
1766127600;105,4539648;32,954364
1766131200;99,94669782;31,23334307
1766134800;94,03148509;29,38483909
1766138400;89,74805518;28,04626724
1766142000;87,30038095;27,28136905
1766145600;85,87257098;26,83517843
1766149200;86,48448954;27,02640298
1766152800;87,30038095;27,28136905
1766156400;86,28051669;26,96266147
1766160000;84,24078816;26,3252463
1766163600;82,40503249;25,75157265
1766167200;81,38516822;25,43286507
1766170800;76,08187405;23,77558564
1766174400;66,69912283;20,84347588
1766178000;60,7839101;18,99497191
1766181600;61,19185581;19,12245494
1766185200;63,78851946;19,93391233
1766188800;66,03747367;20,63671052
1766192400;68,89977903;21,53118095
1766196000;75,03329051;23,44790328
1766199600;91,18487076;28,49527211
1766203200;109,3809548;34,18154838
1766206800;114,9011152;35,9065985
1766210400;111,8343594;34,94823731
1766214000;106,5186495;33,28707797
1766217600;101,4073899;31,68980934
1766221200;95,4783288;29,83697775
1766224800;90,36706923;28,23970913
1766228400;87,50476387;27,34523871
1766232000;85,86916081;26,83411275
1766235600;86,27806157;26,96189424
1766239200;87,0958631;27,21745722
1766242800;86,27806157;26,96189424
1766246400;85,05135927;26,57854977
1766250000;83,82465698;26,19520531
1766253600;81,78015315;25,55629786
1766257200;77,07779434;24,08681073
1766260800;67,87752711;21,21172722
1766264400;60,72176371;18,97555116
1766268000;60,51731333;18,91166042
1766271600;63,1949975;19,74843672
1766275200;66,23321853;20,69788079
1766278800;70,48672798;22,02710249
1766282400;76,96826618;24,05258318
1766286000;93,98230397;29,36946999
1766289600;112,8192744;35,25602325
1766293200;112,0090821;35,00283816
1766296800;108,768313;33,99009781
1766300400;101,8816787;31,83802459
1766304000;97,62816921;30,50880288
1766307600;94,58994818;29,55935881
1766311200;87,09566963;27,21739676
1766314800;81,82941983;25,5716937
1766318400;80,41158335;25,1286198
1766322000;81,01922756;25,31850861
1766325600;83,65235245;26,14136014
1766329200;85,67783314;26,77432286
1766332800;85,27273701;26,64773032
1766336400;82,63961211;25,82487878
1766340000;80,20903528;25,06532353
1766343600;80,00648721;25,00202725
1766347200;70,68927605;22,09039877
1766350800;64,00518977;20,0016218
1766354400;64,81538205;20,25480689
1766358000;68,74407708;21,48252409
1766361600;67,73313477;21,16660462
1766365200;77,03380402;24,07306376
1766368800;93,41106944;29,1909592
1766372400;111,0014656;34,687958
1766376000;98,46578099;30,77055656
1766379600;97,25265022;30,39145319
1766383200;95,83733098;29,94916593
1766386800;91,18699636;28,49593636
1766390400;86,94103865;27,16907458
1766394000;85,72790788;26,78997121
1766397600;81,27976172;25,39992554
1766401200;79,05568864;24,7049027
1766404800;81,07757326;25,33674164
1766408400;82,89726941;25,90539669
1766412000;81,68413864;25,52629333
1766415600;87,14322712;27,23225848
1766419200;88,15416943;27,54817795
1766422800;86,33447327;26,9795229
1766426400;86,33447327;26,9795229
1766430000;83,90821172;26,22131616
1766433600;73,59660016;22,99893755
1766437200;70,56377323;22,05117913
1766440800;66,52000399;20,78750125
1766444400;64,16823228;20,05257259
1766448000;66,01923898;20,63101218
1766451600;71,77792649;22,43060203
1766455200;78,35928365;24,48727614
1766458800;95,01834395;29,69323248
1766462400;108,5923931;33,93512284
1766466000;111,8830717;34,96345991
1766469600;109,4150627;34,19220709
1766473200;104,8903797;32,77824366
1766476800;100,1600292;31,30000913
1766480400;94,40134172;29,50041929
1766484000;89,25965644;27,89364264
1766487600;87,81998456;27,44374518
1766491200;86,38031269;26,99384772
1766494800;86,79164751;27,12238985
1766498400;86,99731492;27,18666091
1766502000;88,64265421;27,70082944
1766505600;87,81998456;27,44374518
1766509200;85,96897786;26,86530558
1766512800;82,06129705;25,64415533
1766516400;78,15361624;24,42300508
1766520000;68,48724791;21,40226497
1766523600;62,11155817;19,40986193
1766527200;61,70022335;19,2813198
1766530800;62,68686431;19,5896451
1766534400;64,46661755;20,14581798
1766538000;69,01487585;21,5671487
1766541600;75,34288738;23,54465231
1766545200;90,96516587;28,42661433
1766548800;104,4121904;32,6288095
1766552400;109,3559494;34,17373419
1766556000;106,9829451;33,43217034
1766559600;102,2369364;31,94904263
1766563200;96,89767669;30,28052397
1766566800;91,16291623;28,48841132
1766570400;87,01015866;27,19067458
1766574000;84,63715433;26,44911073
1766577600;83,25290181;26,01653182
1766581200;83,84615289;26,20192278
1766584800;84,63715433;26,44911073
1766588400;83,64840253;26,14012579
1766592000;81,67089892;25,52215591
1766595600;79,89114568;24,96598303
1766599200;78,90239387;24,65699808
1766602800;73,7608845;23,05027641
1766606400;64,66436791;20,20761497
1766610000;58,92960746;18,41550233
1766613600;59,32510818;18,53909631
1766617200;55,86178874;17,45680898
1766620800;55,04029185;17,2000912
1766624400;62,59806327;19,56189477
1766628000;75,90631294;23,72072279
1766631600;90,20035888;28,18761215
1766635200;80,0137974;25,00431169
1766638800;79,02800113;24,69625035
1766642400;77,87790548;24,33684546
1766646000;74,09901977;23,15594368
1766649600;70,64873282;22,07772901
1766653200;69,66293655;21,76966767
1766656800;66,04835022;20,64010944
1766660400;64,24105705;20,07533033
1766664000;65,88405084;20,58876589
1766667600;67,36274525;21,05085789
1766671200;66,37694897;20,74279655
1766674800;70,8130322;22,12907256
1766678400;71,63452909;22,38579034
1766682000;70,15583468;21,92369834
1766685600;70,15583468;21,92369834
1766689200;68,18424214;21,30757567
1766692800;59,80497383;18,68905432
1766696400;57,34048315;17,91890098
1766700000;54,05449558;16,89202987
1766703600;53,32209888;16,6631559
1766707200;48,66699501;15,20843594
1766710800;56,2844377;17,58888678
1766714400;68,13379301;21,29181032
1766718000;83,3686784;26,052712
1766721600;70,81400433;22,12937635
1766725200;70,10868556;21,90896424
1766728800;65,59464544;20,4983267
1766732400;63,47868914;19,83709036
1766736000;59,24677653;18,51461767
1766739600;57,83613899;18,07379343
1766743200;54,73273641;17,10398013
1766746800;52,05252509;16,26641409
1766750400;53,88635389;16,83948559
1766754000;51,77039759;16,17824925
1766757600;55,57911893;17,36847467
1766761200;58,54145776;18,29420555
1766764800;58,96464902;18,42645282
1766768400;59,10571277;18,47053524
1766772000;61,78592409;19,30810128
1766775600;59,10571277;18,47053524
1766779200;55,57911893;17,36847467
1766782800;47,39742122;14,81169413
1766786400;45,28146492;14,15045779
1766790000;42,30795272;13,22123523
1766793600;43,73246291;13,66639466
1766797200;47,00883636;14,69026136
1766800800;53,56158324;16,73799476
1766804400;62,39354644;19,49798326
1766808000;77,49335448;24,21667328
1766811600;82,90649321;25,90827913
1766815200;83,90365035;26,21989073
1766818800;76,9235504;24,0386095
1766822400;71,51041167;22,34700365
1766826000;66,66707702;20,83346157
1766829600;63,10580153;19,72056298
1766833200;60,54168319;18,919276
1766836800;59,68697707;18,65218033
1766840400;58,54736892;18,29605279
1766844000;57,83511382;18,07347307
1766847600;58,54736892;18,29605279
1766851200;58,83227096;18,38508468
1766854800;58,68981994;18,34056873
1766858400;57,83511382;18,07347307
1766862000;54,7011914;17,09412231
1766865600;46,5814833;14,55671353
1766869200;41,45324661;12,95413957
1766872800;39,88628539;12,46446418
1766876400;45,03236278;14,07261337
1766880000;47,19738022;14,74918132
1766883600;50,22840464;15,69637645
1766887200;54,84710851;17,13972141
1766890800;66,97120618;20,92850193
1766894400;80,39431432;25,12322323
1766898000;79,81697634;24,94280511
1766901600;77,5076244;24,22113263
1766905200;72,60025153;22,6875786
1766908800;69,56922711;21,74038347
1766912400;67,40420967;21,06381552
1766916000;62,06383332;19,39494791
1766919600;58,31113642;18,22223013
1766923200;57,30079495;17,90649842
1766926800;57,73379843;18,04181201
1766930400;59,61014688;18,6281709
1766934000;61,05349184;19,0792162
1766937600;60,76482285;18,98900714
1766941200;58,8884744;18,40264825
1766944800;57,15646045;17,86139389
1766948400;57,01212595;17,81628936
1766952000;50,37273913;15,74148098
1766955600;45,60970076;14,25303149
1766959200;46,18703875;14,43344961
1766962800;60,6824674;18,96327106
1766966400;59,79007818;18,68439943
1766970000;68,00005906;21,25001846
1766973600;82,45676453;25,76773892
1766977200;97,98433707;30,62010533
1766980800;86,91871066;27,16209708
1766984400;85,84784359;26,82745112
1766988000;84,59849867;26,43703083
1766991600;80,49350823;25,15422132
1766995200;76,74547348;23,98296046
1766998800;75,67460641;23,6483145
1767002400;71,74809381;22,42127932
1767006000;69,78483751;21,80776172
1767009600;71,56961597;22,36550499
1767013200;73,17591657;22,86747393
1767016800;72,1050495;22,53282797
1767020400;76,92395132;24,03873479
1767024000;77,81634055;24,31760642
1767027600;76,21003994;23,81563748
1767031200;76,21003994;23,81563748
1767034800;74,0683058;23,14634556
1767038400;64,96593569;20,3018549
1767042000;62,28876801;19,46524
1767045600;58,7192111;18,34975347
1767049200;67,9546445;21,23582641
1767052800;69,91487463;21,84839832
1767056400;76,01336837;23,75417762
1767060000;82,9830755;25,93221109
1767063600;100,6251467;31,44535834
1767067200;115,0001676;35,93755238
1767070800;118,4850212;37,02656913
1767074400;115,871381;36,20980656
1767078000;111,0797074;34,71240856
1767081600;106,0702304;33,146947
1767085200;99,97173663;31,2411677
1767088800;94,52665293;29,53957904
1767092400;93,0020295;29,06313422
1767096000;91,47740606;28,58668939
1767099600;91,91301276;28,72281649
1767103200;92,13081611;28,79088003
1767106800;93,87324289;29,3353884
1767110400;93,0020295;29,06313422
1767114000;91,04179937;28,4505623
1767117600;86,90353576;27,15735493
1767121200;82,76527215;25,86414755
1767124800;72,52851481;22,66516088
1767128400;65,77661103;20,55519095
1767132000;65,34100433;20,41906385
1767135600;71,7574341;22,42419816
1767139200;73,79471141;23,06084732
1767142800;79,00108675;24,68783961
1767146400;86,24473941;26,95148107
1767150000;104,1275069;32,53984591
1767153600;119,5202688;37,350084
1767157200;125,1793724;39,11855388
1767160800;122,4630027;38,26968834
1767164400;117,0302632;36,57195725
1767168000;110,9184313;34,66200978
1767171600;104,353871;32,61058469
1767175200;99,60022399;31,12507
1767178800;96,88385424;30,27620445
1767182400;95,29930522;29,78103288
1767186000;95,97839766;29,99324927
1767189600;96,88385424;30,27620445
1767193200;95,75203351;29,92251047
1767196800;93,48839206;29,21512252
1767200400;91,45111475;28,57847336
1767204000;90,31929402;28,22477938
1767207600;84,43382624;26,3855707
1767211200;74,02107555;23,13158611
1767214800;67,45651534;21,08016104
1767218400;67,90924363;21,22163863
1767222000;67,90924363;21,22163863