raw_kwh_usage,c_variable_and_fixed_per_kwh
19.70705243,14.802
19.41724283,14.966
22.0834911,14.91
26.77840653,14.75
31.82109347,14.749
28.22745451,14.749
27.87968299,14.744
27.47394956,14.741
26.14082543,14.749
24.92362513,14.749
24.57585362,14.746
23.3006914,14.747
22.66311029,14.74
23.24272948,14.745
23.76438675,14.74
23.41661524,14.649
24.98158705,14.749
25.27139664,14.749
24.74973938,14.757
24.74973938,14.851
24.05419635,14.898
21.09813848,14.85
20.2287097,14.757
19.06947132,15.755
20.48977934,15.451
21.07150809,15.005
22.55814823,14.906
24.62651713,15.095
29.73280283,15.452
34.12808672,16.025
35.74399994,17.757
34.96836159,21.463
33.41708491,24.633
31.67189866,26.903
29.79743936,27.473
28.44007227,27.384999999999998
27.66443394,26.747
27.21197824,26.345
27.40588783,26.14
27.66443394,26.971
27.3412513,27.761000000000003
26.69488602,28.609
26.11315727,30.037
25.78997463,30.044
24.1094249,28.665
21.13614462,27.75
19.26168531,26.728
19.39095837,26.092
22.46559023,22.997
23.10341456,24.706
24.73341007,23.503
27.0012299,23.251
32.59991013,23.129
37.41902725,22.5
39.1907615,22.738
38.34032906,23.106
36.63946419,22.593
34.72599122,23.006999999999998
32.6707795,22.826
31.18252272,22.514
30.33209028,21.798000000000002
29.83600469,21.744
30.0486128,22.53
30.33209028,22.631
29.97774343,23.279
29.26904973,25.301000000000002
28.63122541,26.416
28.27687856,26.256
26.43427494,26.241
23.17428393,26.08
21.11907221,25.53
21.26081094,24.572
22.82315518,23.607
23.56416671,23.793
24.74978516,23.779
25.86130245,23.77
32.23400163,23.902
38.97720656,24.345
40.60743194,24.961
41.27434231,25.816
38.75490309,26.746
36.60596966,27.589
35.19804775,27.825
33.64192353,27.784
32.23400163,27.579
31.937597,27.753
31.86349584,27.735
31.41888894,28.39
31.34478778,28.622
31.27068663,28.95
30.60377626,29.874000000000002
29.12175319,29.134999999999998
27.0469209,28.546
24.675684,27.699
22.82315518,27.033
22.37854825,26.579
22.71946636,25.698999999999998
22.71946636,26.134
23.8345322,24.783
25.50713095,24.111
31.9187595,24.137
37.42439703,23.688
38.33038803,23.105
36.30933122,23.142
34.98519053,23.003
33.52166663,23.155
32.61567563,23.665
31.15215173,23.045
29.89770267,23.631999999999998
29.47955298,22.916
28.36448715,22.589
28.78263683,21.55
28.99171168,19.814
28.71294522,19.741
28.29479553,21.38
27.73726262,21.255
26.55250517,19.878
24.39206511,18.435
22.37100829,18.43
22.37100829,18.218
25.85392255,17.564
25.77962967,17.502
28.0084161,16.676000000000002
30.53437405,15.885
38.78088381,15.67
36.25492588,15.75
36.55209741,16.231
35.80916859,17.132
33.95184656,17.922
32.68886759,18.887
32.83745334,18.386
31.05442422,18.219
30.53437405,18.033
29.940031,17.878
30.68295981,17.61
30.90583845,17.311
32.09452456,17.382
31.57447438,17.437
31.20300998,17.916
30.75725269,17.908
30.23720253,17.624
27.33978017,17.409
24.81382222,16.132
24.73952934,17.444
24.00104845,16.049
24.52937342,16.657
26.03887332,15.621
27.62384822,15.64
34.03922281,15.251
39.17152247,15.263
41.20934734,15.33
40.60554738,19.636
39.17152247,22.433
36.83179763,23.258
34.94492275,23.174
33.81279781,22.275
32.83162288,21.03
31.77497294,20.994
31.32212297,21.14
31.24664799,22.006
32.15234794,22.561
32.00139794,22.748
31.47307297,24.353
29.66167309,24.861
28.22764818,23.371
25.81244834,22.551000000000002
23.39724849,21.995
22.94439852,21.995
22.26178254,19.753999999999998
22.89382053,21.855
24.50902873,21.551000000000002
26.75627492,21.084
32.30416394,20.451
37.07956209,21.379
38.83522319,21.957
37.99250584,23.02
36.30707122,24.823
34.41095725,27.572
32.37439038,25.568
30.89963508,24.215
30.05691776,24.751
29.56533265,23.749
29.77601198,24.47
30.05691776,25.769
29.70578554,27.53
29.0035211,28.332
28.37148312,30.296
28.0203509,29.673
26.19446337,29.398
22.96404698,28.436
20.92748012,27.536
21.06793301,26.342
22.14585828,25.109
22.77460505,24.894
24.38140233,24.75
26.61694639,24.627
32.13594578,24.272
36.88647688,24.578
38.63299569,25.015
37.79466666,28.104
36.11800863,29.630000000000003
34.23176831,31.238
32.20580653,30.365000000000002
30.73873074,29.514
29.90040172,28.771
29.41137646,27.568
29.62095871,26.865000000000002
29.90040172,27.145
29.55109796,27.503
28.85249044,27.125
28.22374368,27.841
27.87443992,28.225
26.05806038,27.294
22.8444658,26.673000000000002
20.818504,25.249
20.9582255,24.86
19.50923823,23.569
20.06312827,23.229
21.47862505,22.773
23.44801188,21.879
28.3099356,21.655
32.49488259,21.739
34.03346606,23.14
33.294946,24.659
31.81790588,27.142
30.15623575,28.697
28.37147894,28.442
27.07906883,27.107
26.34054878,26.109
25.90974541,25.493000000000002
26.09437542,25.251
26.34054878,25.751
26.03283208,27.619
25.4173987,28.237000000000002
24.86350866,29.006
24.55579197,29.162
22.95566517,28.855
20.12467161,28.232
18.3399148,27.001
18.46300148,26.727
17.63678433,25.921
18.25859403,25.414
19.0499882,24.649
20.74583285,24.320999999999998
25.21155709,23.695
30.24256288,23.585
31.76882306,23.59
30.92090073,23.563
29.45116871,24.218
28.03796483,25.515
26.39864834,25.064
24.98544447,24.863
24.1940503,24.706
23.74182506,24.424
23.85488137,24.065
24.08099399,24.240000000000002
23.85488137,25.239
23.51571244,25.962
23.17654351,26.73
22.61126196,26.984
21.3111144,26.235
18.76734743,25.869
16.78886201,25.23
16.73233385,25.057
16.26703189,25.319
17.04910073,23.108
18.14399711,23.129
19.81241063,23.425
24.19199614,23.17
29.04082295,23.25
28.83227126,23.125
27.9980645,23.34
26.22537513,24.925
25.13047875,26.217
24.34840991,26.756999999999998
22.41930677,26.527
21.06372078,25.311
20.69875532,25.049
20.85516909,24.711
21.53296208,25.224
22.05434131,26.62
21.95006546,28.041999999999998
21.27227247,28.85
20.64661739,29.416
20.59447947,29.116
18.19613503,28.236
16.47558358,27.499
16.68413527,26.87
18.90526523,26.240000000000002
18.62724662,25.989
21.1850178,25.256999999999998
25.68891922,25.195999999999998
30.52644297,24.787
27.07901225,24.75
26.74538993,25.761
26.35616388,28.778
25.07727829,32.942
23.90960014,37.059
23.57597781,32.159
22.35269594,28.919
21.74105501,26.323
22.29709223,25.16
22.79752572,25.054000000000002
22.46390339,25.217
23.96520386,28.57
24.24322247,29.012
23.74278898,29.65
23.74278898,29.65
23.07554432,28.723
20.23975454,27.068
19.40569872,26.772
18.29362429,26.307
20.80589303,24.981
21.40606302,25.387999999999998
23.27325854,25.12
25.40719629,24.658
30.80872621,24.549
35.20997281,24.938
36.27694169,25.514
35.47671503,27.09
34.00963284,30.412
32.47586506,33.153
30.60866955,29.936
28.94153068,26.512
28.4747318,25.681
28.00793292,25.061
28.14130403,25.561
28.20798958,26.285
28.74147402,27.285
28.4747318,28.947
27.87456181,31.336000000000002
26.60753627,31.756999999999998
25.34051073,30.588
22.20628967,28.296
20.13903748,26.519
20.00566637,26.85
22.59783891,26.926000000000002
23.23941793,25.578
24.87900877,25.522
27.16017863,25.591
32.79181672,25.554000000000002
37.63930266,25.625
39.42146663,26.242
38.56602791,28.199
36.85515053,33.929
34.93041347,45.474000000000004
32.86310328,46.251999999999995
31.36608556,45.852999999999994
30.51064686,45.230000000000004
30.01164095,45.852
30.22550062,45.684
30.51064686,43.333
30.15421407,44.924
29.44134848,48.102
28.79976946,52.549
28.44333667,47.224000000000004
26.58988616,41.759
23.31070449,32.916
21.24339431,29.837
21.38596742,28.866
23.87081963,27.14
24.39793552,27.383
25.97928319,26.662
27.18411952,26.512
33.88602156,26.253
39.307785,26.325
41.19034175,27.076999999999998
41.79275991,28.619999999999997
39.00657594,32.054
36.74750781,34.715
35.39206697,32.25
33.81071928,29.94
32.53058069,28.814
32.07876706,27.863
32.15406934,27.808
31.62695344,28.592
32.00346481,31.054
31.25044209,32.67
30.94923302,33.906
29.59379216,33.182
27.41002633,32.747
24.84974914,30.71
23.04249466,28.91
22.89189012,28.279
26.19215195,27.125
26.77052754,26.637
28.50565433,26.589
29.82765569,26.320999999999998
37.18128825,26.222
43.13029438,26.298000000000002
45.1959215,26.966
45.85692219,28.830000000000002
42.79979403,32.251
40.3210415,35.563
38.83378997,32.284
37.09866319,30.55
35.69403672,28.823
35.19828622,27.394
35.28091131,27.153
34.70253572,28.049
35.11566113,29.948
34.28941028,31.771
33.95890994,32.629
32.47165841,32.742
30.07553095,32.172
27.26627806,30.541
25.28327602,29.25
25.11802584,28.747
26.63518442,27.434
27.49996313,27.279
28.88360908,26.855
30.18077715,26.848
37.61787409,26.634999999999998
45.48736041,26.396
47.38987356,26.727
48.16817441,26.725
45.22792678,28.089
42.7200685,29.313
41.07698894,29.16
39.26095366,27.871000000000002
37.61787409,26.906
37.27196259,26.637
37.18548475,26.251
36.6666175,26.682
36.58013963,28.082
36.49366175,29.721
35.71536091,31.209
33.9858035,31.506999999999998
31.56442309,31.535
28.7971312,30.362000000000002
26.63518442,29.092
26.11631719,28.39
26.25113512,27.686
26.25113512,27.723
27.53953439,27.17
29.47213329,27.055
36.88042909,26.874
43.2419005,26.768
44.28872491,26.75
41.95350122,26.907
40.42352709,27.083
38.73250303,27.11
37.68567863,27.266
35.99465459,27.269
34.54520541,26.906
34.06205569,25.975
32.77365644,25.501
33.25680616,26.431
33.498381,27.379
33.17628119,28.765
32.69313147,29.717
32.04893184,30.654
30.68000761,30.41
28.18373403,29.656
25.84851035,28.676
25.84851035,27.849
27.76682859,27.044
27.68703885,26.977
30.08073097,26.694
32.79358203,26.406
41.65024288,26.191
38.93739181,26.295
39.25655075,27.504
38.45865338,30.921
36.46390997,42.398
35.10748441,57.949
35.26706391,43.92
33.35211019,38.379
32.79358203,33.498
32.15526413,32.35
32.9531615,31.889
33.19253072,33.935
34.46916653,42.467
33.91063838,54.962
33.51168969,73.09
33.03295125,62.077999999999996
32.47442309,44.307
29.36262333,36.75
26.64977227,31.75
26.56998253,30.000999999999998
28.32382211,28.548
28.94730247,27.502
30.72867493,26.915
32.599116,26.417
40.16994897,26.136
46.22661531,26.104
48.63146816,26.984
47.91891916,28.97
46.22661531,33.756
43.465488,39.582
41.23877244,35.918
39.90274309,34.555
38.744851,30.9
37.49789028,29.494
36.96347853,29.033
36.87440991,29.755000000000003
37.94323338,32.093
37.76509616,35.963
37.14161578,44.864999999999995
35.00396884,39.943
33.311665,35.018
30.46146906,32.234
27.61127313,30.269
27.07686139,28.61
29.86210422,27.279
30.3131934,27.55
32.56863934,27.256
33.20016422,26.972
40.14693769,26.916
47.45458253,27.066
48.17632522,27.582
47.72523603,30.442
44.29695822,35.575
42.04151228,38.61
40.95889822,34.691
39.06432366,32.656
37.62083825,32.044
37.62083825,31.25
38.52301663,31.75
37.62083825,32.742
38.16214528,34.317
36.89909553,34.653999999999996
37.07953122,35.649
35.63604581,32.793
34.01212475,31.458000000000002
33.38059988,28.199
30.40341124,27.528
29.32079719,27.559
25.70547931,26.218
26.27310819,26.12
27.97599483,25.637999999999998
29.27343227,25.308
36.49042803,24.751
42.32889653,24.509
44.35614253,24.751
45.00486125,25.391
42.00453716,28.41
39.57184197,30.653
38.11222484,30.291999999999998
36.40933819,27.844
35.03081091,26.36
34.54427188,24.243000000000002
34.62536172,23.606
34.05773284,23.336
34.46318203,23.73
33.65228363,23.737000000000002
33.32792428,25.425
31.86830716,25.95
29.51670179,24.937
26.75964723,23.386
24.81349107,22.178
24.65131139,22.318
22.58830032,20.573
23.22960853,21.653
24.86850729,20.566
27.14871427,19.255
32.77797522,18.810000000000002
37.62341503,19.767
39.40482675,22.07
38.54974913,23.294
36.83959391,25.666
34.91566928,26.373
32.84923169,24.384
31.35284588,23.64
30.49776826,22.594
29.99897298,22.398
30.21274238,22.219
30.49776826,22.201
30.14148592,22.201
29.42892124,22.275
28.78761303,23.052
28.43133069,23.609
26.57866252,23.928
23.300865,23.249
21.23442743,22.829
21.37694037,23.947
16.68529996,23.379
17.27356374,20.654
18.0222631,21.246
19.62661886,21.105
23.85142238,21.467
28.61101115,22.427
30.05493133,22.439
29.25275345,22.682
27.86231179,22.439
26.52534865,23.649
24.97447141,23.481
23.63750828,23.381999999999998
22.88880892,23.565
22.46098071,23.005
22.56793777,22.948
22.78185187,23.65
22.56793777,25.857
22.24706661,28.047
21.92619546,29.335
21.3914102,29.85
20.16140412,29.503
17.75487047,28.509999999999998
15.88312208,28.211000000000002
15.82964355,27.976
12.36450394,26.953
12.36450394,27.371
13.98077897,26.329
16.243564,25.88
19.19326592,25.435
22.99151223,25.293
23.71883599,25.536
23.11273286,25.81
21.33483033,26.512
19.75896218,27.167
18.91041779,26.947
17.81943215,25.301000000000002
15.39501961,25.006999999999998
15.07176461,24.423000000000002
15.35461274,23.752
15.75868149,24.002
16.243564,25.913
16.84966713,27.342
16.20315713,28.027
16.48600525,26.644
15.83949524,23.782
14.54647523,22.643
12.32409707,21.576
12.16246956,19.675
12.9729959,17.139
11.84043277,18.764
13.69371789,18.276
16.57660587,17.387999999999998
20.28317613,16.157
17.22868768,15.76
17.0570872,16.902
15.95884416,18.16
15.44404274,20.448999999999998
14.41443989,21.926000000000002
14.07123894,21.046
13.31619685,19.307000000000002
12.66411504,18.761
13.11027628,18.316
12.59547485,18.587
13.52211742,20.145
14.24283941,23.429000000000002
14.3457997,24.996
14.38011979,26.606
15.0322016,26.617
14.38011979,24.755
13.52211742,24.157
11.53155191,23.258
11.01675048,22.976
13.66750838,21.678
14.15405399,22.442
15.52522797,21.903
17.82526174,20.483
20.5676097,21.678
23.75227185,22.442
25.16767724,22.509
24.54843738,24.572
22.95610631,27.295
21.54070091,29.5
19.77144416,28.28
19.1522043,26.803
18.13488167,26.384
17.82526174,26.225
17.64833607,26.489
18.17911309,26.883
18.26757593,28.741
18.70989011,29.45
18.62142728,29.71
18.4445016,28.244
17.2502533,27.64
14.9059881,24.226
13.04826852,23.476
12.56172291,22.73
15.57342855,21.193
16.01557636,23.522
17.14550966,23.089
18.71759078,22.566
22.59866603,22.314
25.9393384,22.651
27.16752677,23.448
26.57799636,24.064
25.39893552,28.892
24.07249208,29.003999999999998
22.64779357,27.794999999999998
21.61611533,25.255
21.02658492,23.675
20.68269217,23.25
20.83007478,23.303
21.02658492,23.517
20.78094724,25.025
20.28967189,28.016
19.84752408,29.707
19.60188641,29.759
18.3245705,29.380000000000003
16.0647039,27.945
14.64000538,26.715
14.73826046,25.948999999999998
15.80531998,24.683
16.25405147,23.991
17.4008097,23.993000000000002
18.99629941,24.083
22.93516464,24.045
26.32558028,23.993000000000002
27.57205663,25.615000000000002
26.97374798,28.733
25.7771307,30.014
24.43093625,30.78
22.9850237,29.901
21.93798357,28.259
21.33967493,27.075
20.99066155,26.339
21.14023872,26.08
21.33967493,27.691
21.09037966,30.072
20.59178913,30.837
20.14305764,32.786
19.89376238,32.408
18.59742698,30.878
16.30391052,29.77
14.85799797,28.166999999999998
14.95771607,27.396
18.52749779,26.77
19.05351508,26.75
20.39778148,26.458
22.26806517,26.139
26.88532803,26.062
30.85968086,26.348
32.32084,26.823999999999998
31.61948363,27.937
30.21677084,30.547
28.63871898,31.119999999999997
26.94377439,30.232
25.71640072,27.759999999999998
25.01504434,27.37
24.60591978,26.756
24.78125888,26.869
25.01504434,26.726
24.72281251,29.737000000000002
24.13834886,31.576
23.61233157,33.275999999999996
23.32009974,33.198
21.80049425,32.649
19.11196144,31.016
17.41701685,30.02
17.53390958,29.181
13.51143463,27.891
13.96636509,28.443
15.01270515,27.692
17.10538526,27.174
19.92595411,26.662
24.74821697,26.636
26.47695272,26.804000000000002
26.79540404,27.46
24.56624479,29.224
22.83750904,30.096
21.29074548,28.994
20.15341934,27.59
19.33454451,26.758
19.06158623,25.779
18.69764187,25.09
18.47017664,26.12
18.69764187,27.699
18.78862796,30.193
18.74313491,31.577
18.47017664,31.500999999999998
17.46932963,31.048
14.87622601,30.41
13.23847636,29.274
12.73805285,28.923
12.68959937,27.924
12.68959937,28.076
14.34837053,27.441
16.67065015,27.049
19.69790752,26.816
23.59601974,26.984
24.34246676,27.091
23.72042758,27.559
21.8957793,28.34
20.27847742,28.48
19.40762256,28.52
18.28795203,27.753999999999998
15.79979529,27.683
15.46804106,26.974
15.75832601,25.938
16.1730188,26.392
16.67065015,27.547
17.29268933,29.871000000000002
16.62918087,31.153
16.91946583,31.999000000000002
16.25595736,32.144999999999996
14.92894043,31.3
12.64813009,30.327
12.48225297,29.594
17.438523,28.074
17.18207413,27.704
19.54140371,27.413
23.69587537,27.222
28.15808567,26.754
24.97811971,27.073999999999998
24.67038107,27.527
24.31135265,30.668
23.13168786,35.538
22.05460262,39.073
21.74686398,32.554
20.61848896,29.744999999999997
20.05430145,27.355
20.56719918,26.477
21.02880715,26.279
20.7210685,27.168
22.10589239,29.336000000000002
22.36234126,31.821
21.9007333,36.35
21.9007333,34.823
21.28525601,34.86
18.66947756,31.524
17.90013096,30.05
16.87433549,29.173
19.60043639,28.331
20.1658336,27.990000000000002
21.92484712,27.304000000000002
23.93514829,27.068
29.02372313,27.149
33.16996928,27.075
34.17511988,27.512999999999998
33.42125694,30.291999999999998
32.03917488,33.974000000000004
30.59427091,35.949
28.83525739,31.081
27.2647096,28.403
26.82495622,27.407
26.38520284,26.439
26.51084666,26.067
26.57366858,26.759
27.07624387,27.497
26.82495622,31.231
26.25955902,31.649
25.0659427,32.25
23.87232638,30.954
20.91969654,29.250999999999998
18.97221728,27.993000000000002
18.84657346,27.692
19.32901649,26.812
19.87778983,26.084
21.28021059,25.717
23.23140468,25.69
28.0484151,25.568
32.19470256,26.267
33.71907294,26.992
32.98737516,28.731
31.52397959,31.282
29.87765956,32.831
28.10938992,30.683
26.82891879,27.969
26.09722101,26.746
25.6703973,26.296
25.85332174,26.63
26.09722101,27.634999999999998
25.79234693,29.162
25.18259878,30.808
24.63382544,32.469
24.32895136,33.74
22.74360616,33.713
19.93876465,31.75
18.170495,30.291999999999998
18.29244463,29.119999999999997
16.46945993,28.071
16.93704713,28.116999999999997
18.13199217,27.707
19.7945244,27.337
23.89890085,27.25
27.43178185,27.251
28.73063515,28.278
28.10718557,30.362000000000002
26.86028639,32.759
25.45752482,36.692
23.95085498,32.649
22.85981821,30.764
22.23636862,30.006
21.87268969,29.538999999999998
22.02855209,29.298
22.23636862,28.529
21.97659796,29.830000000000002
21.45705663,31.238999999999997
20.98946944,31.909
20.72969878,31.798
19.37889134,31.044999999999998
16.98900126,28.883000000000003
15.48233142,27.875999999999998
15.58623968,28.15
15.47203446,26.945
15.91130358,27.355
17.03388021,26.02
18.59572596,25.631999999999998
22.45153265,25.25
25.77045487,25.231
26.99064686,25.256999999999998
26.40495471,25.989
25.23357039,28.916
23.91576304,31.171
22.50034033,29.786
21.47537906,28.137999999999998
20.8896869,26.264
20.54803314,25.899
20.69445618,25.427
20.8896869,25.709
20.6456485,25.918
20.15757171,27.411
19.71830259,29.035
19.47426419,29.655
18.20526452,29.182
15.96011126,27.443
14.54468854,24.75
14.6423039,24.622
14.91224966,24.764
15.43800205,22.884
16.10714146,23.235
17.54101162,23.33
21.3168697,23.458
25.57068451,23.719
26.86116765,23.849
26.14423258,23.83
24.9015451,24.281
23.7066533,25.861
22.32057882,24.018
21.12568702,22.692
20.45654761,21.625
20.07418223,21.521
20.16977358,22.735
20.36095627,23.735
20.16977358,26.55
19.88299954,28.837
19.59622551,29.75
19.11826879,30.799
18.01896834,30.86
15.8681631,30.392
14.19531458,29.65
14.14751891,29.15
14.69917648,28.381
15.40586766,28.25
16.39523531,28.201
17.90284316,27.768
21.86031375,26.68
26.24179905,26.429000000000002
26.05334807,26.45
25.29954414,26.45
23.69771081,28.093
22.70834316,28.427
22.00165198,27.147
20.25848041,26.229
19.03354904,25.315
18.70375982,24.621
18.84509806,24.303
19.45756374,25.740000000000002
19.9286912,26.79
19.83446571,28.946
19.22200002,29.608
18.65664708,30.943
18.60953433,30.363
16.44234806,29.815
14.88762747,29.041999999999998
15.07607845,29.05
18.29258236,27.547
18.02357379,26.608
20.49845258,25.932
24.85639132,25.672
29.53714034,25.379
26.20143414,25.335
25.87862387,25.95
25.50201188,29.288
24.26457248,30.952
23.13473651,32.886
22.81192623,31.068
21.62828855,28.34
21.03646971,26.278
21.57448684,25.686
22.05870225,25.724
21.73589198,27.057
23.18853823,27.604
23.45754679,28.108
22.97333137,28.131999999999998
22.97333137,28.961000000000002
22.32771082,26.235
19.58382347,24.187
18.77679777,23.898
17.70076352,23.637
20.10508623,23.488
20.68504064,22.495
22.48934326,21.86
24.55140338,21.912
29.77099308,22.239
34.02399209,22.495
35.05502216,23.494
34.28174959,24.796
32.86408328,28.243000000000002
31.38197756,30.303
29.57767494,28.892
27.96669047,24.415
27.51561481,24.028
27.06453916,24.518
27.19341792,25.861
27.2578573,27.096
27.77337233,29.119
27.51561481,29.197
26.9356604,30.747
25.7113122,31.569
24.486964,31.494999999999997
21.45831319,31.012999999999998
19.46069244,29.625
19.33181369,29.044999999999998
21.56570312,27.574
22.1779786,27.663
23.74268262,27.527
25.91966211,27.432
31.29408025,27.409
35.92016166,27.624000000000002
37.62092691,27.874000000000002
36.80455959,29.863
35.17182497,31.113999999999997
33.3349985,32.75
31.36211084,32.242
29.93346805,30.955000000000002
29.11710074,29.151
28.64088648,28.478
28.84497831,28.953
29.11710074,29.69
28.7769477,30.717
28.0966416,32.071
27.48436612,33.209
27.14421308,34.463
25.37541723,34.007
22.24600921,32.14
20.27312154,30.328
20.40918276,29.788
22.46176621,28.931
23.09948197,28.783
24.72920003,28.525
26.99663384,28.829
32.59436106,28.409
37.41265791,28.75
39.18409059,28.95
38.33380291,30.749000000000002
36.63322753,33.783
34.72008025,36.986000000000004
32.66521838,36.755
31.17721493,35.138999999999996
30.32692725,33.218
29.8309261,32.202
30.04349803,31.759999999999998
30.32692725,31.419999999999998
29.97264072,31.759999999999998
29.26406765,32.95
28.62635189,36.055
28.27206536,35.467
26.42977538,34.402
23.17033928,32.453
21.11547738,31.041999999999998
21.257192,30.062
23.41208467,28.647
23.92907077,28.671
25.48002906,28.03
26.66171156,27.6
33.2348205,27.515
38.55239178,27.708000000000002
40.39877072,28.709
40.98961197,31.038999999999998
38.25697116,37.458
36.04131647,41.314
34.71192363,36.261
33.16096534,32.853
31.90542769,31.051
31.46229675,29.736
31.53615191,29.611
31.01916581,30.330000000000002
31.38844159,32.256
30.64989002,34.75
30.3544694,44.641000000000005
29.02507658,44.056
26.88327703,37.32
24.37220171,33.105000000000004
22.59967794,31.128999999999998
22.45196763,30.05
23.20891107,28.753
23.96244714,28.279
25.16810486,27.784
26.29840898,26.75
32.77881922,26.573999999999998
39.63599747,26.595
41.29377684,26.787
41.97195931,28.124000000000002
39.40993666,29.608
37.22468203,29.817
35.7929635,28.451
34.21053775,27.209
32.77881922,26.586
32.47740478,25.989
32.40205116,25.751
31.94992953,26.365000000000002
31.87457591,27.633000000000003
31.79922231,29.339
31.12103985,31.204
29.6139677,32.22
27.50406669,31.226
25.09275126,29.715
23.20891107,27.581
22.75678943,27.987000000000002
24.47589543,27.204
24.47589543,28.161
25.67716637,27.64
27.47907278,27.107
34.38638069,26.740000000000002
40.31765597,26.707
41.29368859,26.768
39.11638503,26.742
37.68987578,27.501
36.11320766,27.71
35.13717503,27.799
33.56050691,27.52
32.20907713,27.153
31.7586005,27.217
30.55732957,26.627
31.00780617,26.852
31.23304447,27.705000000000002
30.93272673,28.518
30.48225013,30.148
29.88161466,31.747999999999998
28.60526429,30.779
26.27780184,30.122
24.10049826,28.684
24.10049826,28.512
26.41989223,27.901
26.34397299,27.555
28.62154991,26.856
31.20280375,26.784
39.62983834,27.302
37.0485845,27.644
37.35226141,27.904
36.59306913,30.066
34.69508834,35.224000000000004
33.40446144,35.729
33.55629991,31.880000000000003
31.73423838,28.717
31.20280375,26.469
30.5954499,25.697
31.35464222,25.428
31.58239991,25.939
32.79710759,27.977
32.26567297,30.646
31.88607681,37.042
31.43056144,41.85
30.89912683,36.286
27.93827683,32.536
25.357023,30.269
25.28110377,28.689
25.01907378,27.707
25.56980811,28.044999999999998
27.14333476,27.25
28.79553774,27.106
35.48302603,26.461
40.83301663,26.316
42.95727763,26.943
42.32786697,29.111
40.83301663,33.784
38.39405031,34.13
36.427142,29.103
35.24699703,27.174
34.22420469,25.721
33.12273603,24.391
32.65067803,23.603
32.57200172,24.585
33.51611769,25.75
33.35876503,27.566
32.80803072,32.511
30.91979873,32.182
29.42494841,30.341
26.90730576,28.991999999999997
24.38966312,27.691
23.91760512,26.94
24.33594115,26.195
24.87332786,25.204
26.485488,24.679000000000002
27.71380049,24.71
34.54628869,24.479
40.07369488,24.2
41.99293316,24.498
42.60708941,26.25
39.76661678,29.7
37.46353084,31.387
36.08167931,27.625999999999998
34.46951916,25.541
33.16443716,23.678
32.70381997,22.902
32.7805895,23.024
32.24320278,23.27
32.62705044,23.813
31.85935513,25.753
31.552277,27.878
30.17042546,29.048
27.94410908,29.192
25.33394504,26.84
23.49147632,26.125
23.33793725,25.463
21.70761479,24.731
22.32391932,23.367
23.89891976,23.27
26.09022472,23.206
31.50000884,23.114
36.15653191,22.968
37.86848891,23.134
37.04674953,23.381
35.40327081,25.791
33.55435725,27.548000000000002
31.56848713,25.337
30.13044325,24.122
29.30870388,23.473
28.82935593,23.437
29.03479077,23.201
29.30870388,23.228
28.96631248,23.755
28.28152968,24.584
27.66522516,25.762999999999998
27.32283376,25.988
25.54239848,26.995
22.39239759,25.341
20.40652747,23.991
20.54348403,23.834
16.51782924,23.05
16.98678969,22.301000000000002
18.18524418,22.249
19.85265912,22.73
23.96908975,23.09
27.51234649,22.990000000000002
28.81501441,22.953
28.18973381,25.397
26.93917261,30.0
25.53229125,29.271
24.02119646,26.848
22.92695541,24.618000000000002
22.30167481,23.09
21.93692779,22.55
22.09324794,22.391
22.30167481,22.701999999999998
22.04114122,23.044
21.52007405,25.097
21.0511136,25.095
20.79058002,24.948
19.43580538,22.945
17.03889641,22.775
15.52780162,21.835
15.63201505,21.814
15.73658309,21.183
16.29139852,19.849
16.99752724,19.612000000000002
18.51066023,19.546
22.49524377,19.012
26.98420497,18.87
28.34602466,19.665
27.58945817,19.661
26.27807624,20.872
25.01713208,21.575
23.55443686,21.524
22.29349271,20.070999999999998
21.58736398,19.463
21.18386185,18.79
21.28473738,20.019
21.48648844,21.55
21.28473738,23.31
20.98211078,24.845
20.67948418,25.588
20.17510652,25.448
19.0150379,26.268
16.74533841,25.05
14.98001659,24.908
14.92957883,24.177
16.1021556,23.101
16.8762977,23.86
17.96009663,23.249
19.61159977,23.371
23.94679551,23.113
28.74647651,23.326999999999998
28.54003861,23.483
27.71428704,23.52
25.95956496,25.55
24.87576603,25.974
24.10162393,24.685
22.19207343,23.05
20.85022713,22.9
20.48896081,21.862000000000002
20.64378923,21.67
21.31471238,21.225
21.83080711,21.661
21.72758817,23.22
21.05666502,29.794999999999998
20.43735134,30.219
20.38574187,26.451999999999998
18.01170611,24.353
16.30859349,22.482
16.51503138,22.131
19.83036208,21.349
19.53873911,21.833
22.22167045,21.549
26.94596259,18.848
32.02020231,18.46
28.40407745,21.284
28.05412989,21.753
27.64585773,22.85
26.30439206,23.23
25.07957558,25.418
24.72962801,24.076
23.44648693,22.654
22.80491639,23.094
23.38816234,22.913
23.91308369,23.05
23.56313612,23.39
25.13790017,24.005
25.42952314,24.82
24.90460179,26.044
24.90460179,28.531
24.20470666,29.621000000000002
21.23015235,27.677
20.35528343,25.979
19.18879154,26.04
21.78963976,25.398
22.41818706,23.81
24.37366755,23.741
26.6085024,24.089
32.26542809,24.136
36.87477497,24.493000000000002
37.99219241,25.328
37.15412934,29.237000000000002
35.61768038,31.466
34.01139284,32.084
32.05591234,30.122999999999998
30.30994762,28.786
29.82107749,27.425
29.33220737,27.213
29.47188455,27.331
29.54172314,28.188
30.10043185,29.584
29.82107749,31.818
29.19253019,35.547
27.865597,38.055
26.53866381,33.559
23.25625013,30.446
21.09125387,28.997
20.95157669,27.696
23.2965109,26.262999999999998
23.8109449,27.049
25.35424688,26.732
26.53009601,26.444
33.07075681,26.348
38.36207791,26.406
40.19934216,26.477
40.78726672,28.015
38.06811563,30.743000000000002
35.8633985,32.269
34.54056822,30.772
32.99726622,28.887
31.74792653,27.744999999999997
31.30698309,26.803
31.38047369,26.739
30.86603968,27.262
31.23349254,28.04
30.49858683,29.725
30.20462455,31.250999999999998
28.88179428,32.007
26.75056773,31.032
24.25188832,29.488
22.48811463,26.594
22.34113348,26.844
23.55553111,25.996
24.0756848,24.898
25.63614585,25.131
26.82506855,24.874
33.43845109,24.71
38.78860328,24.793
40.646295,25.337
41.24075638,26.268
38.49137259,29.982
36.26214253,30.655
34.9246045,29.008000000000003
33.36414344,27.744
32.10091306,25.75
31.65506703,24.86
31.72937472,25.675
31.20922103,25.75
31.58075938,27.05
30.83768269,29.012
30.54045201,30.619
29.20291397,32.221000000000004
27.04799156,31.067
24.52153081,29.211000000000002
22.73814675,28.404
22.58953141,27.219
24.09693875,26.239
24.62904781,26.297
26.22537498,25.804000000000002
27.44162425,25.688
34.20701084,25.443
39.68013256,25.953
41.58052206,26.012999999999998
42.18864669,28.349
39.37607025,29.75
37.09560288,30.932
35.72732244,29.3
34.13099525,27.52
32.83873041,26.347
32.38263694,25.701
32.4586525,25.607
31.92654344,25.908
32.30662134,27.307
31.54646556,28.255000000000003
31.24240323,30.035
29.8741228,30.874000000000002
27.66967099,30.636000000000003
25.08514128,29.146
23.26076737,28.044
23.10873621,27.493000000000002
23.17442325,26.653
23.92683958,27.569
25.13070573,26.788
26.25933024,26.459
32.73011075,25.965
39.57709944,25.725
41.23241538,26.188
41.90959009,26.636
39.35137453,28.329
37.16936716,28.628999999999998
35.73977613,28.524
34.15970181,27.258
32.73011075,25.961
32.42914422,24.971
32.35390259,24.477
31.90245278,24.689
31.82721116,25.673000000000002
31.7519695,27.291
31.07479481,29.25
29.56996213,30.605
27.46319638,29.828
25.05546409,28.479
23.17442325,27.61
22.72297344,27.107
22.4629527,26.742
22.4629527,27.144
23.5654289,25.504
25.21914321,24.682
31.55838141,24.051000000000002
37.00185766,24.173000000000002
37.89761959,24.148
35.89938147,24.339
34.59019097,25.009999999999998
33.14319094,25.061
32.24742903,23.65
30.800429,21.58
29.56014327,19.65
29.1467147,17.5
28.04423849,15.063
28.45766707,15.034
28.66438136,19.823
28.3887623,22.793
27.97533373,27.405
27.42409563,29.059
26.25271466,29.36
24.11666701,28.048
22.11842888,26.75
22.11842888,26.829
20.86724734,26.028
20.56037606,25.551000000000002
23.38359187,25.119
28.35490668,25.029
33.69446703,24.72
29.8892631,25.087
29.52101756,26.42
29.09139776,28.500999999999998
27.67978985,31.05
26.39093046,29.502000000000002
26.02268492,25.424
24.67245127,21.989
23.99733444,15.39
24.61107701,14.783
25.16344532,14.751
24.79519978,20.89
26.45230472,23.16
26.759176,25.386
26.20680769,29.628999999999998
26.20680769,33.144999999999996
25.47031661,32.343
22.34022951,29.799
21.41961565,27.571
20.19213052,27.243000000000002
20.64695376,26.996
21.24253896,26.85
23.09547071,25.694
25.21310699,25.129
30.57337383,25.232
34.94099866,24.778
35.99981681,25.901
35.20570322,28.936
33.74982825,31.711000000000002
32.22777719,28.945
30.37484543,25.848
28.72044209,22.752
28.25720915,19.608
27.79397621,16.803
27.92632848,16.184
27.99250462,19.981
28.52191368,22.879
28.25720915,25.865000000000002
27.66162395,29.611
26.4042774,32.842
25.14693086,31.116999999999997
22.03665257,28.163
19.98519242,26.188
19.85284015,26.191
20.7477381,25.431
21.33679061,23.755
22.842147,23.057
24.93655589,23.051000000000002
30.10712785,22.721
34.55774675,22.913
36.19400369,23.944
35.40860038,26.307
33.83779369,28.766
32.07063619,23.314
30.17257813,18.913
28.79812229,14.752
28.01271896,14.743
27.55456701,14.322
27.75091784,14.38
28.01271896,14.755
27.68546757,19.6
27.03096478,23.739
26.44191228,28.063
26.11466089,29.372999999999998
24.41295367,29.339
21.40224088,27.05
19.50418283,25.562
19.63508338,25.662
20.16201071,24.448
20.73443373,23.14
22.19729255,23.234
24.23257438,23.45
29.25717642,23.562
33.58215031,24.206
35.17221425,24.341
34.40898356,28.678
32.88252219,29.881999999999998
31.16525314,25.6
29.32077898,22.62
27.98512527,19.797
27.22189458,15.152
26.77667668,14.758
26.96748435,14.752
27.22189458,16.066
26.9038818,21.85
26.26785622,26.402
25.69543321,29.645
25.37742042,31.286
23.72375393,29.66
20.79803628,27.314
18.95356212,25.413
19.08076723,24.897
20.56216105,23.861
21.1459448,23.777
22.63783662,23.777
24.71351218,23.887999999999998
29.83783623,23.919
34.24864681,24.65
35.87026834,26.267
35.09189,28.317
33.53513331,29.52
31.78378206,26.973
29.90270109,23.05
28.540539,21.28
27.76216066,17.931
27.30810663,16.029
27.50270122,15.558
27.76216066,18.456
27.43783636,23.765
26.78918774,27.448999999999998
26.20540399,29.741
25.88107968,36.414
24.19459329,32.618
21.21080967,29.619999999999997
19.32972868,27.990000000000002
19.45945841,26.661
19.94009781,25.933
20.64311408,27.247
21.53786205,26.144
23.45517915,26.472
28.50411417,26.426000000000002
34.19215491,26.592
35.91774028,26.88
34.95908172,27.532
33.29740691,26.809
31.69964266,24.554000000000002
29.84623614,22.004
28.24847189,16.555
27.35372391,14.957
26.84243935,14.716
26.97026049,14.74
27.22590278,14.757
26.97026049,20.37
26.58679708,24.836
26.20333366,29.308
25.56422796,32.155
24.09428485,28.753
21.2183092,25.871
18.98143926,24.75
18.91752869,24.674
18.64848086,24.544
19.54504244,24.269
20.80022865,24.231
22.71289335,24.194
27.7336382,24.401
33.29232,24.617
33.05323691,24.901
32.09690456,24.75
30.06469831,24.051000000000002
28.80951209,21.29
27.91295051,17.677
25.70143195,15.76
24.14739188,14.753
23.72899648,14.524000000000001
23.90830879,14.546
24.68532883,14.759
25.28303655,16.489
25.163495,23.806
24.38647497,27.323999999999998
23.6692257,28.287
23.60945493,28.419999999999998
20.85999942,27.77
18.88756394,27.02
19.12664703,26.03
20.04251022,25.433
19.74776742,24.433
22.45940115,24.242
27.23423447,24.42
32.36275913,24.437
28.70794845,24.215
28.3542571,25.387
27.94161718,29.599
26.58580031,30.725
25.34788057,28.146
24.99418921,24.637999999999998
23.6973209,23.188
23.04888675,22.538
23.63837234,22.352
24.16890938,22.482
23.81521802,23.141
25.40682913,24.497
25.70157192,27.497
25.17103489,29.547
25.17103489,32.242
24.46365218,30.774
21.45727564,28.964
20.57304725,27.409
19.39407606,25.438
20.15129119,24.547
20.73257844,25.189
22.54102765,24.93
24.60782674,24.723
29.83941196,24.8
34.10218509,25.003
35.13558466,25.836
34.36053497,29.554
32.93961059,30.048
31.45409875,29.399
29.64564954,27.603
28.03096275,24.95
27.57885045,24.498
27.12673814,24.394
27.25591309,24.588
27.32050056,24.985
27.83720033,26.034
27.57885045,28.036
26.9975632,31.945
25.77040124,35.252
24.54323927,32.845
21.5076281,29.693
19.50541648,28.05
19.37624153,26.875
21.21858745,25.484
21.82100791,24.923000000000002
23.36052688,24.759
25.5024663,24.529
30.79037926,24.488
35.34200053,24.93
37.01539072,25.781
36.21216344,29.204
34.60570888,30.913999999999998
32.79844747,29.591
30.85731487,27.25
29.45166712,25.012
28.64843984,24.719
28.17989059,24.557
28.38069741,24.741
28.64843984,24.915
28.3137618,26.524
27.64440573,28.96
27.04198527,30.453
26.70730723,34.725
24.96698145,32.699
21.88794352,29.555
19.94681091,27.97
20.08068213,26.75
21.93152134,25.741
22.55418283,25.602
24.14542885,24.975
26.35933637,24.648
31.82492056,24.421
36.52947403,24.585
38.25908928,25.338
37.42887394,28.049
35.76844331,30.737000000000002
33.90045884,30.553
31.89410516,29.563
30.44122835,27.127
29.61101303,25.82
29.12672077,25.751
29.3342746,25.572
29.61101303,25.504
29.26508998,25.749
28.57324389,26.897
27.9505824,29.015
27.60465935,31.355
25.80585949,32.097
22.62336743,29.65
20.61701375,28.319
20.75538297,27.098
23.59334455,25.913
24.11433323,25.659
25.67729927,25.35
26.86813054,25.34
33.4921295,25.133
38.85087019,25.28
40.71154406,26.149
41.30695969,29.052
38.55316238,30.261000000000003
36.32035375,30.25
34.98066856,27.959
33.41770253,25.95
32.15244431,25.384999999999998
31.70588259,25.2
31.78030953,25.209
31.25932084,25.288
31.63145563,25.689
30.88718608,27.234
30.58947826,29.394
29.24979308,30.283
27.09141141,29.841
24.56089496,27.750999999999998
22.77464805,25.889
22.62579414,26.15
21.81630968,25.267
22.58547445,25.965
23.56441142,25.064
25.6621335,24.35
31.18613499,23.740000000000002
37.40937719,23.44
39.29732706,23.805
38.248466,24.451
36.43044022,24.692
34.68233847,24.627
32.65454047,23.39
30.90643872,21.989
29.92750174,21.466
29.36810919,20.482
29.50795733,19.55
29.7876536,20.201
29.50795733,21.83
29.08841291,23.174
28.66886849,26.941
27.9696278,27.78
26.3613742,28.046
23.21479107,26.896
20.76744864,25.6
20.69752457,25.252
17.95818421,24.275
18.82155845,23.751
20.03028239,23.329
21.87214744,22.712
26.70704319,22.568
32.05996347,22.61
31.82973034,22.801000000000002
30.90879783,23.264
28.95181621,22.957
27.74309228,22.545
26.87971803,20.439999999999998
24.75006158,17.159
23.25354622,15.04
22.85063824,14.851
23.02331309,14.769
23.77157077,15.003
24.34715359,17.85
24.23203703,21.861
23.48377935,26.431
22.79307996,27.834
22.73552168,28.75
20.08784067,27.278
18.18841734,25.523
18.41865048,24.83
19.50346702,22.721
19.21665133,22.56
21.85535569,22.651
26.5017699,22.629
31.49236294,22.841
27.93584835,23.335
27.59166953,25.08
27.19012756,28.268
25.87077538,30.037
24.66614947,28.274
24.32197064,24.823
23.0599816,21.570999999999998
22.42898708,19.806
23.00261846,17.867
23.5188867,17.545
23.17470788,19.764
24.72351261,21.751
25.0103283,24.605
24.49406006,29.055
24.49406006,32.483000000000004
23.8057024,31.75
20.88018234,28.9
20.01973527,26.634999999999998
18.8724725,25.536
19.41383611,24.1
19.97385061,23.97
21.71611795,23.749
23.70728063,23.987000000000002
28.74741116,23.67
32.85418419,24.275
33.84976553,25.823999999999998
33.10307953,28.64
31.73415519,28.418
30.303007,25.402
28.56073966,21.903
27.00514382,17.277
26.56957698,14.818
26.13401014,14.604
26.25845781,14.72
26.32068165,15.322
26.81847232,19.778
26.56957698,24.344
26.00956248,28.84
24.82730964,31.841
23.6450568,31.496000000000002
20.72053662,28.988999999999997
18.79159777,27.054000000000002
18.6671501,26.347
19.62114994,25.079
20.17821729,25.479
21.60183385,24.990000000000002
23.58251775,24.869
28.47233114,24.95
32.68128444,25.409
34.22869375,27.002
33.48593728,30.555
32.00042434,29.524
30.32922231,25.573
28.53422752,22.7
27.2344037,17.402
26.49164724,14.746
26.05837263,14.694
26.24406175,14.725
26.49164724,14.849
26.18216538,21.423000000000002
25.56320166,25.735
25.00613431,29.506
24.69665245,39.568
23.08734678,36.78
20.24011366,32.418
18.44511887,28.574
18.56891162,27.195
18.88038682,25.864
19.41642304,26.467
20.78629338,25.036
22.69219993,24.706
27.39740674,24.758
31.44745819,25.033
32.93644766,26.72
32.22173272,29.234
30.79230279,28.871000000000002
29.18419414,24.737000000000002
27.45696632,22.695
26.20621514,18.501
25.49150018,15.092
25.07458313,14.793
25.25326187,14.815
25.49150018,16.41
25.19370228,22.692
24.59810649,26.826
24.06207027,30.264
23.76427237,42.757
22.21572329,40.135
19.47598262,31.15
17.7487548,28.432
17.86787396,27.253
17.57588442,26.541
18.07488429,27.256999999999998
19.35010618,26.391
21.12432796,26.024
25.50443795,25.331
29.27465921,25.66
30.66076997,27.499
29.99543681,30.35
28.66477048,29.577
27.16777086,25.823
25.55988238,22.081
24.39554934,19.075
23.73021618,15.485
23.34210517,14.831
23.50843846,14.75
23.73021618,14.999
23.45299403,15.986
22.89854973,19.372
22.39954985,24.774
22.1223277,26.815
20.68077251,23.1
18.13032872,21.75
16.52244024,19.469
16.6333291,17.463
15.78778668,16.595
16.34440736,17.443
17.05283368,16.007
18.57089009,15.657
22.56843864,15.438
27.07200599,15.762
28.43825677,16.045
27.67922856,16.051
26.36357967,16.054
25.09853266,15.061
23.63107813,14.75
22.36603112,14.564
21.6576048,14.119
21.25278975,13.232
21.35399351,13.246
21.55640103,14.071
21.35399351,14.599
21.05038223,14.851
20.74677095,18.249
20.24075215,20.753
19.0769089,19.845
16.79982428,18.965
15.02875847,18.362
14.97815659,18.464
14.19438518,18.319
14.87680754,16.119
15.83219885,16.651
17.28803323,17.115
21.10959847,17.099
25.34061713,17.232
25.15863783,17.251
24.43072064,17.234
22.88389662,17.176000000000002
21.92850531,16.649
21.24608294,17.059
19.56277445,16.128
18.37990902,15.71
18.06144524,16.099
18.19792972,15.251
18.78936243,15.896
19.24431068,19.0
19.15332103,23.192
18.56188831,27.173000000000002
18.01595042,28.75
17.9704556,29.000999999999998
15.87769368,28.808
14.37636448,27.75
14.55834378,27.397
15.36680431,26.174
15.14082189,25.795
17.21986012,25.479
20.88077527,24.941
24.81286931,24.644
22.01068735,24.948999999999998
21.73950845,26.732
21.42313306,28.9
20.38361395,31.178
19.4344878,30.936
19.1633089,28.288
18.16898627,25.866
17.67182495,25.486
18.12378978,24.825
18.53055813,24.837
18.25937923,25.407
19.47968428,26.335
19.7056667,27.845
19.29889835,30.165
19.29889835,35.949
18.75654055,34.05
16.45151991,30.934
15.77357266,28.605
14.86964299,27.308
15.90120083,26.266
16.35988931,24.957
17.78692015,24.926000000000002
19.41781254,24.77
23.54600891,25.017
26.90972447,24.945999999999998
27.72517067,25.489
27.11358602,28.355
25.9923475,28.963
24.82014359,28.086000000000002
23.39311275,25.391
22.11897807,23.953
21.76222036,22.63
21.40546265,21.595
21.50739342,21.673000000000002
21.55835881,22.92
21.96608191,24.302
21.76222036,25.634
21.30353188,28.631
20.33518952,30.863999999999997
19.36684716,31.386000000000003
16.97147396,29.61
15.39154695,26.986
15.28961618,26.233
15.45085579,24.955
15.88952362,24.852
17.01056363,24.546
18.57027147,24.486
22.4208002,24.489
25.73517936,24.322
26.95370111,24.634999999999998
26.36881067,27.625999999999998
25.19902979,28.945
23.8830263,28.459
22.46954107,25.936
21.4459828,24.75
20.86109236,24.389
20.51990627,24.231
20.66612888,23.2
20.86109236,23.829
20.61738801,24.186
20.12997931,24.895
19.69131148,28.266
19.44760713,30.95
18.18034451,31.704
15.93826449,30.077
14.52477926,27.69
14.622261,26.777
13.89087263,25.641
14.4410062,25.243000000000002
15.81634012,24.648
18.20025226,24.53
21.22598689,24.634999999999998
24.89354402,24.457
26.36056687,25.240000000000002
26.63563365,27.733
24.34341045,28.75
22.60132081,27.1
21.0884535,23.742
20.07987528,22.511
19.34636386,19.298000000000002
19.07129708,17.231
18.75038583,15.417
18.70454136,17.784
19.02545261,22.243000000000002
18.61285243,24.124
18.6586969,27.475
18.52116351,30.54
17.3750519,31.82
14.71607298,28.911
13.11151674,27.192
13.01982781,26.06
12.7579944,24.841
13.26326151,23.75
14.52642927,22.688
16.71592006,22.652
19.49488914,22.688
22.86333651,22.734
24.21071545,25.101
24.463349,27.602
22.3580694,26.97
20.7580569,24.958
19.36857236,22.307
18.44224933,17.326999999999998
17.76855986,14.918
17.51592631,14.749
17.22118717,14.747
17.17908157,16.198
17.47382072,21.759999999999998
17.09487039,25.169
17.13697598,27.95
17.0106592,31.349
15.9580194,31.34
13.51589506,29.553
12.04219934,27.206
11.95798815,26.544
11.70465476,25.762
12.09875088,26.112000000000002
13.00517195,25.141
14.8180141,24.404
17.26141004,24.372
21.43882891,24.4
22.93639417,24.024
23.21226145,24.423000000000002
21.28119047,24.594
19.78362521,23.936
18.4436984,22.364
17.4584581,21.317
16.74908509,21.284
16.51262742,21.283
16.19735052,14.956
16.00030246,15.144
16.19735052,17.277
16.27616974,21.376
16.23676013,24.759999999999998
16.00030246,29.441
15.133291,29.972
12.88694312,26.857
11.46819708,24.792
11.03469135,23.025
11.51120584,21.576999999999998
11.51120584,19.381
13.01593863,16.339
15.12256454,16.339
17.86870188,23.664289552238806
21.40482394,15.26
22.08195369,14.87
21.5176789,14.759
19.86247283,14.753
18.39535836,14.75
17.60537364,14.749
16.58967901,14.746
14.33257983,14.403
14.03163327,13.616
14.29496151,12.9
14.6711447,12.174
15.12256454,12.143
15.68683934,13.454
15.08494622,14.349
15.34827446,14.749
14.74638134,16.191
13.54259511,20.833
11.47358753,20.636
11.32311424,19.750999999999998
13.75538158,20.921
12.55451493,20.394
14.51956944,21.307
17.5763209,21.075
21.50642992,21.191
18.26772897,21.472
18.08577948,21.647
16.92130273,23.55
16.37545426,25.677
15.28375731,29.104
14.91985832,32.173
14.11928056,28.067
13.42787249,25.777
13.90094117,24.654
13.35509269,23.104
14.33761995,22.16
15.10180781,22.108
15.21097751,21.705
15.24736741,22.374
15.93877548,24.833
15.24736741,27.907
14.33761995,33.146
12.22700584,32.022999999999996
11.68115737,28.253
12.10651318,26.275
12.53748938,24.984
13.75205866,24.906
15.78940068,24.252
18.21853925,24.041
21.03947436,24.1
22.2932233,23.893
21.74470814,24.820999999999998
20.33424058,27.696
19.08049165,32.746
17.51330548,30.687
16.96479031,25.597
16.06365827,23.367
15.78940068,21.776
15.63268207,20.064999999999998
16.10283792,15.907
16.18119723,15.839
16.57299377,17.42
16.49463446,21.273
16.33791584,23.03
15.28006518,26.989
13.2035435,30.322
11.55799802,28.55
11.12702182,25.84
12.67609844,24.314
13.17812214,22.695
14.43318139,21.556
16.60861743,21.443
19.36974778,21.43
22.71657245,21.547
24.05530232,21.64
24.30631417,22.968
22.21454875,26.134
20.62480703,29.781
19.24424185,27.22
18.32386507,23.224
17.65450013,19.588
17.40348828,14.75
17.11064113,14.258
17.06880582,12.744
17.36165298,12.648
16.9851352,13.75
17.02697051,14.577
16.90146458,16.287
15.85558188,23.634
13.42913399,27.285
11.9648982,26.15
11.88122758,24.357
10.19856242,23.012999999999998
10.60246588,21.893
11.61222454,21.45
13.36247288,21.45
15.58394192,21.45
18.27663167,21.645
19.35370756,21.85
19.55565929,23.372
17.8727282,27.721
16.59370057,31.027
15.48296605,28.080000000000002
14.74247637,22.661
14.20393842,18.797
14.00198669,14.734
13.76637634,14.631
13.73271772,13.91
13.96832807,14.165
13.66540047,14.723
13.69905909,16.359
13.59808323,22.25
12.75661768,28.55
10.80441761,31.098
9.62636585,30.338
9.559048606,28.453
5.768106488,26.070999999999998
6.177330259,25.213
6.703475109,25.584
8.028580653,25.054000000000002
9.957778431,25.039
12.43260791,25.111
12.78337114,25.345
11.77005513,26.005
10.85417336,30.017
9.801883663,32.766999999999996
9.002922966,28.69
8.281909653,24.318
7.833712191,21.25
7.327054188,15.532
7.171159419,14.75
6.995777803,14.619
6.995777803,14.629
7.151672572,14.737
7.697304266,17.72
7.599870038,22.737000000000002
7.502435806,27.384999999999998
6.567067184,31.514
5.202987947,30.349
5.241961641,26.817
4.773436428,25.365000000000002
4.836244803,24.447
5.197392953,25.673000000000002
6.108114378,25.026
7.458494419,24.689
9.782404259,24.69
10.26916916,24.581
9.609681231,24.5
8.824576556,25.048000000000002
7.960961413,25.34
7.191558831,24.58
7.003133706,20.466
6.422156247,14.816
5.951093444,14.656
5.762668319,12.341000000000001
5.637051572,9.977
5.699859947,9.84
5.825476694,11.759
6.390752059,14.32
6.202326938,14.75
6.186624844,21.75
5.385818075,24.69
4.23956525,24.64
4.286671528,23.175
4.777470231,22.649
4.917071634,21.625
5.258319506,21.795
6.359619463,20.85
7.35234055,21.022
9.198181319,21.578
9.896188334,21.745
9.353293991,22.493000000000002
8.407106703,22.404
8.019325028,22.561
7.243761681,18.929000000000002
6.840468738,14.76
5.816725119,14.55
5.940815253,11.994
5.70814625,8.749
5.428943444,4.119
5.444454709,3.293000000000001
5.863258919,7.75
6.064905391,12.855
5.863258919,14.926
6.173484259,25.991
5.475477244,27.906
4.653380094,28.04
5.041161769,26.887999999999998
6.778105509,25.934
7.166009138,24.753
8.983031397,23.421
11.9025166,23.25
13.98494661,22.923000000000002
10.51422993,23.103
11.82085268,23.295
10.2284062,24.624
9.003447378,27.86
8.697207669,32.347
8.2480561,29.211000000000002
7.839736491,25.46
7.268089038,23.087
7.370168941,21.25
7.186425116,15.93
7.268089038,14.969
7.308921,15.144
7.77848855,20.848
8.288888063,21.95
8.329720022,24.993000000000002
8.390967963,27.509999999999998
7.533496784,31.595
6.349369919,31.255000000000003
5.920634328,28.57
10.42048798,26.852
10.79144386,25.271
11.83686498,24.243000000000002
13.59047461,23.533
15.68131686,23.656
18.10939173,23.740000000000002
19.18853611,23.912
18.71641044,25.323
17.50237301,29.047
16.42322862,32.805
15.07429814,28.427
14.60217247,23.88
13.82653744,22.397
13.59047461,20.859
13.45558156,16.707
13.86026071,16.433
13.92770723,17.609
14.26493985,20.497
14.19749333,22.083
14.06260028,23.784
13.1520722,26.576
11.36473932,32.79
9.948362306,31.881
9.577406425,28.75
11.86713552,26.797
12.33712109,25.262
13.512085,25.249
15.54868912,24.349
18.13360972,24.217
21.26684683,24.195
22.52014167,24.329
22.75513445,25.695
20.79686126,30.018
19.30857364,32.306
18.01611333,27.906
17.15447313,24.701
16.52782571,23.021
16.29283293,20.719
16.01867468,16.111
15.97950922,15.422
16.25366746,16.076999999999998
15.90117829,18.237
15.94034375,21.048000000000002
15.82284736,23.1
14.84371077,25.098
12.57211387,27.907
11.20132264,28.622999999999998
11.12299171,25.873
10.4938204,24.944
10.90941725,24.601
11.94840937,24.04
13.74932904,23.705
16.0351117,23.64
18.80575736,23.542
19.91401562,23.75
20.12181404,24.504
18.39016051,27.994
17.07410382,31.809
15.93121249,28.294
15.16928494,24.990000000000002
14.61515581,23.320999999999998
14.40735738,21.384
14.16492589,18.245
14.13029282,14.968
14.37272431,14.758
14.06102668,14.868
14.09565975,20.194
13.99176054,21.75
13.12593377,24.918
11.11721568,28.791999999999998
9.905058203,28.467
9.835792059,24.506
8.988105247,23.955
9.344069809,22.861
10.23398122,21.282
11.77649433,20.825
13.73429943,20.594
16.10739653,20.593
17.05663537,20.942999999999998
17.23461765,21.948999999999998
15.75143197,24.17
14.62421085,25.89
13.64530829,23.34
12.99270659,20.639
12.51808718,15.881
12.34010489,14.75
12.1324589,14.45
12.10279518,14.251
12.31044118,14.389
12.04346776,14.74
12.07313147,14.75
11.98414033,21.765
11.24254748,25.819
9.522052094,28.09
8.483822113,30.25
8.424494688,27.796
9.268042116,26.66
9.580097406,25.299
10.29782457,25.534
11.73327891,25.191
13.66802171,24.843
16.97580778,24.565
18.16161788,24.649
18.38005658,24.658
16.85098566,25.192
15.66517556,24.724
14.60418758,24.299
13.82404935,21.476
13.26234983,16.769
13.07511665,14.75
12.82547242,13.827
12.66944478,10.746
12.82547242,10.549
12.88788348,12.882
12.85667795,14.742
12.66944478,20.697
11.98292314,25.881
10.20420798,29.756
9.080808941,26.839
8.737548122,23.85
6.964036438,23.377
6.964036438,21.177
7.874367997,21.149
9.148832181,20.35
10.81018728,18.986
12.94946645,17.7
13.35911565,17.956
13.01774131,18.198
12.0163766,17.691
11.12880333,17.525
10.65087926,16.037
10.03640545,15.593
8.670908113,14.75
8.4888418,14.748
8.648149822,14.448
8.875732713,12.866
9.148832181,12.212
9.490206516,13.757
9.126073894,14.749
9.285381916,16.506
8.921249291,24.613
8.192984044,26.815
6.941278147,26.551000000000002
6.850244991,25.556
6.931013159,25.085
7.327667528,24.248
9.185680091,23.506
12.17102612,23.019
14.30043378,22.961
10.75142102,22.979
12.08751994,23.201999999999998
10.45914938,24.46
9.206556638,27.184
8.89340845,29.953
8.434124447,29.119999999999997
8.016593534,25.22
7.432050256,23.852
7.536432984,22.457
7.348544072,20.985
7.432050256,20.914
7.473803347,21.186
7.953963897,22.279
8.475877538,23.21
8.517630628,24.451999999999998
8.580260266,26.685
7.70344535,32.75
6.4926057,28.811
6.054198241,25.033
7.7131302,23.009
7.98770765,22.35
8.761516831,22.043
10.05951932,22.07
11.60713768,21.488
13.4043719,21.179000000000002
14.20314267,21.38
13.85368046,21.792
12.95506335,23.053
12.15629258,24.448999999999998
11.15782913,24.606
10.80836692,21.25
10.23425043,19.643
10.05951932,15.042
9.959672978,14.758
10.25921202,14.75
10.30913519,14.76
10.55875105,17.677
10.50882788,21.558
10.40898153,23.407
9.7350187,25.278
8.412054619,28.108
7.363667991,28.904
7.089090541,25.808
7.655107803,24.971
7.958280388,24.126
8.716211853,23.551000000000002
10.02995973,22.954
11.69740895,22.97
13.71855953,22.89
14.52701976,23.049
14.67860605,24.69
13.41538694,26.85
12.45534042,28.264
11.62161581,25.744
11.0657994,24.232
10.66156928,22.725
10.50998299,21.158
10.33313231,18.28
10.30786793,16.99
10.48471861,17.244
10.25733917,20.25
10.28260355,21.55
10.2068104,24.066
9.575200847,26.55
8.109866681,29.402
7.225613306,28.398
7.175084541,26.85
8.169405319,25.719
8.492946122,24.609
9.301798134,23.649
10.70380829,23.149
12.48328272,22.917
14.64022141,22.756999999999998
15.50299689,22.878
15.66476729,23.493000000000002
14.31668061,25.552
13.29213473,27.03
12.40239751,27.75
11.80923937,26.85
11.37785163,25.75
11.21608123,24.253
11.02734909,22.834
11.00038736,22.854
11.1891195,22.525
10.94646389,22.515
10.97342563,23.137
10.89254043,24.512999999999998
10.21849708,26.015
8.654716525,27.65
7.711055847,27.029
7.657132378,26.226
11.0089024,24.64
11.44489853,24.402
12.53488887,23.85
14.42420545,22.88
16.82218419,22.662
19.72882508,22.544
20.89148144,22.384
21.10947951,22.384999999999998
19.29282895,22.689
17.91217453,23.548000000000002
16.71318516,23.875
15.91385891,23.764
15.33253073,23.58
15.11453266,23.078
14.86020158,22.253
14.82386857,21.125
15.07819965,21.014
14.75120255,21.286
14.78753556,22.411
14.67853653,23.614
13.77021125,25.1
11.6628966,27.062
10.39124121,27.402
10.31857518,26.402
13.59234584,25.384999999999998
12.40571248,24.662
14.34747617,23.682
17.36799747,22.751
21.25152485,23.195
18.05121062,22.989
17.87141768,23.248
16.7207429,23.812
16.1813641,24.27
15.10260649,23.917
14.74302062,23.139
13.95193171,22.393
13.26871856,17.749
13.73618019,15.204
13.19680139,14.75
14.16768323,14.449
14.92281356,14.024000000000001
15.03068932,14.664
15.06664791,14.77
15.74986106,21.151
15.06664791,25.027
14.16768323,27.434
12.08208519,29.021
11.54270639,27.486
10.5899778,25.705
10.5899778,24.576999999999998
11.97428863,24.791
13.91232378,24.240000000000002
16.43869103,24.648
19.69182147,24.491
20.31476134,24.633
19.79564478,25.614
18.27290288,25.688
16.92319982,24.182
16.19643664,21.61
15.26202683,16.613
13.1855606,14.75
12.90869843,14.178
13.15095283,11.251
13.49703053,9.508
13.91232378,10.745000000000001
14.43144034,14.274000000000001
13.87771601,14.75
14.1199704,21.992
13.56624607,25.431
12.45879742,26.744
10.55537003,29.244999999999997
10.41693895,28.506
14.91742724,26.932
13.61511217,25.818
15.7461732,25.608
19.06115703,24.509
23.3232791,24.397
19.8109748,24.434
19.61365434,24.548000000000002
18.35080335,24.604
17.75884196,24.457
16.57491916,23.881
16.18027823,23.6
15.31206818,23.549
14.5622504,21.274
15.07528362,18.138
14.48332222,16.469
15.54885273,15.641
16.37759869,15.593
16.49599097,15.751
16.53545507,19.755
17.28527284,23.627
16.53545507,24.945
15.54885273,26.945
13.25993533,28.663999999999998
12.66797393,27.96
14.01598392,27.027
12.79236628,25.404
14.7946497,24.371
17.90931279,23.63
21.91387963,23.490000000000002
18.61381992,23.251
18.42842331,23.208
17.24188498,24.489
16.68569515,26.826
15.57331547,29.904
15.20252224,29.45
14.38677715,25.938
13.68227002,24.27
14.16430121,23.747
13.60811138,22.742
14.60925308,21.516
15.38791886,21.897
15.49915683,22.595
15.53623615,23.057
16.24074328,24.754
15.53623615,26.988
14.60925308,33.982
12.45865238,41.07
11.90246254,30.478
11.92984287,26.978
12.4023119,25.71
13.58348446,25.422
15.63085023,24.69
18.22942987,24.434
21.37922336,24.42
22.63914076,24.87
22.87537528,25.573
20.90675434,28.459
19.41060243,29.95
18.11131261,27.634
17.2451194,24.75
16.6151607,23.95
16.37892619,24.189
16.10331926,22.854
16.06394684,22.779
16.33955377,23.55
15.985202,23.985
16.02457442,24.655
15.90645716,25.578
14.92214669,27.64
12.63854641,30.347
11.26051175,29.616999999999997
11.18176692,27.361
13.55107061,25.57
14.08774668,24.465
15.42943684,24.167
17.75503311,23.58
20.70675147,23.42
24.28459189,23.315
25.71572806,23.185
25.98406609,23.843
23.74791583,25.784
22.04844163,26.601
20.57258245,26.515
19.58867633,25.641
18.87310825,24.417
18.60477022,24.105
18.29170918,22.906
18.24698617,22.645
18.56004721,22.554000000000002
18.15754016,22.622
18.20226317,23.087
18.06809415,24.286
16.95001902,24.852
14.35608471,26.214
12.79077952,26.911
12.70133351,26.198
16.69043161,25.403
17.16429244,24.06
18.37527013,23.853
20.06010865,23.042
24.21955375,22.973
27.79983561,23.09
29.1161157,23.245
28.48430126,24.214
27.22067237,25.191
25.79908986,26.089
24.27220495,25.85
23.16652967,24.691
22.53471523,23.567
22.1661568,22.295
22.32411041,21.411
22.53471523,19.553
22.27145921,18.849
21.74494717,20.697
21.27108634,22.054000000000002
21.00783032,23.169
19.63889902,24.693
17.21694364,26.349
15.69005873,27.128
15.79536114,25.713
17.38385359,24.787
17.99674586,23.959
18.77679058,24.75
20.44831496,23.969
24.84999583,23.852
29.8088515,23.716
31.31322344,23.651
30.47746126,23.836
29.02880679,24.051000000000002
27.63586981,23.383
26.0200629,21.969
24.62712592,18.195
23.8470812,15.005
23.40134137,14.749
23.51277633,13.987
23.73564624,13.265
23.51277633,13.673
23.17847145,14.531
22.84416658,14.748
22.28699178,17.849
21.00548975,22.65
18.49820318,24.731
16.5480914,25.490000000000002
16.49237392,24.435
16.56234768,23.276
17.3586144,21.981
18.4733878,21.521
20.17209013,21.041
24.63118374,20.546
29.56803738,20.662
29.35569958,20.944
28.50634842,21.655
26.7014772,21.664
25.5867038,21.122
24.79043708,18.245
22.82631252,14.754
21.44611688,14.45
21.07452574,11.362
21.23377908,4.645999999999999
21.9238769,1.7690000000000001
22.45472138,3.0890000000000004
22.34855248,9.75
21.65845467,14.233
21.02144129,16.585
20.96835684,23.948
18.52647225,25.833
16.77468548,27.173000000000002
16.98702327,25.674
17.677643,24.65
17.41767766,24.127
19.80935877,23.974
24.02079725,23.399
28.54419413,23.06
25.32062394,23.291
25.00866553,23.869
24.64471406,24.698999999999998
23.4488735,28.75
22.35701908,27.859
22.04506068,24.435
20.90121319,21.487000000000002
20.32928945,15.753
20.84922012,14.749
21.31715773,14.348
21.00519933,14.16
22.40901215,14.132
22.66897749,14.596
22.20103988,14.951
22.20103988,21.933
21.57712307,24.942
18.92547662,29.740000000000002
18.14558061,34.231
17.10571925,27.633000000000003
16.7370567,25.374
17.21985641,24.433
18.72189996,23.814
20.43852116,23.436
24.78371857,22.926000000000002
28.32424979,22.667
29.18256039,22.753
28.53882744,23.807
27.35865037,25.45
26.12482888,26.063
24.62278533,24.748
23.28167502,22.55
22.90616413,15.681000000000001
22.53065324,14.75
22.63794207,14.674
22.69158648,14.56
23.12074178,14.583
22.90616413,14.749
22.42336442,16.232
21.40412058,22.509999999999998
20.38487674,24.95
17.86358936,28.733
16.20061257,32.225
16.09332375,27.661
14.32911414,25.633
14.89660381,24.532
16.31532798,24.25
18.77444988,23.75
21.89564305,23.509
25.67890751,23.575
27.1922133,23.89
27.47595813,24.333
25.11141784,26.277
23.31436723,26.78
21.75377064,24.740000000000002
20.71337291,22.42
19.95672002,15.458
19.67297518,14.75
19.34193954,14.65
19.29464874,14.129
19.62568438,14.45
19.20006713,14.748
19.24735793,16.741
19.10548552,22.589
17.92321537,24.93
15.18034864,27.787
13.52517044,32.393
13.43058883,27.55
14.15716704,25.583
12.92122388,24.618000000000002
14.94367632,24.501
18.08971344,23.928
22.13461831,23.796
18.80131708,23.813
18.61405296,23.8
17.41556263,23.166
16.85377029,23.144
15.7301856,22.554000000000002
15.35565737,20.96
14.53169527,14.75
13.82009163,14.45
14.30697833,10.74
13.74518599,6.248999999999999
14.75641221,1.7509999999999994
15.54292149,2.939
15.65527995,9.751
15.69273278,14.233
16.40433641,18.826999999999998
15.69273278,24.364
14.75641221,27.737000000000002
12.58414848,31.188
12.02235614,26.995
9.537696759,24.823
9.915427325,23.46
10.85975374,23.742
12.49658618,22.462
14.57410429,21.44
17.09230806,21.141
18.09958956,21.35
18.28845484,22.151
16.71457749,23.433
15.5184307,23.605
14.47967165,23.240000000000002
13.78716561,20.25
13.28352486,14.835
13.09465958,14.749
12.87431675,14.67
12.8428392,14.45
13.06318203,14.35
12.77988411,14.742
12.81136166,14.78
12.71692901,21.5
11.92999034,24.740000000000002
10.10429261,26.589
9.002578459,29.79
8.939623366,26.874
6.186178363,25.422
6.267575447,24.394
6.735608678,24.531
7.915866394,24.084
9.665903694,23.97
12.67759579,23.95
13.30842319,23.873
12.45375381,23.934
11.43629027,24.036
10.31708036,23.523
9.319966088,22.740000000000002
9.075774838,16.103
8.322851813,14.751
7.712373684,14.749
7.468182431,14.634
7.305388266,14.446
7.38678535,14.481
7.549579516,14.747
8.282153269,14.75
8.037962019,17.637
8.017612747,21.561
6.979799931,22.504
5.494303153,23.777
5.555350966,23.451999999999998
6.397018372,22.613
6.583944234,21.341
7.040874119,20.78
8.515511469,19.240000000000002
9.844762041,17.897
12.31633732,16.789
13.25096663,16.752
12.52403272,16.308
11.25709077,16.112
10.73785227,15.533
9.699375259,15.043
9.159367216,14.75
7.788577566,14.749
7.954733884,14.749
7.643190784,14.748
7.269339059,14.55
7.2901086,14.249
7.850886184,14.591
8.120890206,14.749
7.850886184,15.757
8.266276988,22.758
7.331647681,24.345
6.23086205,25.65
6.750100556,25.988
9.34225975,24.929000000000002
8.526665644,23.485
9.861274181,22.268
11.9373319,21.801000000000002
14.60654897,21.975
12.40691639,22.265
12.28334152,22.248
11.49246239,23.698999999999998
11.1217378,25.842
10.38028861,27.006999999999998
10.13313888,25.419
9.589409478,23.832
9.119824994,22.75
9.441119641,20.915
9.070395047,20.133
9.737699316,19.716
10.25671375,20.68
10.33085867,21.792
10.35557364,22.637999999999998
10.82515812,23.672
10.35557364,24.759999999999998
9.737699316,27.642
8.304230888,27.55
7.933506294,26.067
6.879429141,24.902
7.359389316,24.195999999999998
8.136467691,23.472
9.530637716,22.918
11.72474136,22.879
14.39880518,22.746
14.83305486,22.989
13.18747713,24.458
12.29612252,26.207
11.1533602,26.936
10.23915035,25.587
9.462071975,23.058
8.913546066,21.977
8.479296384,20.739
8.547862122,19.031
8.113612444,18.567
8.365020153,19.294
8.593572616,21.25
9.302085253,22.123
9.347795744,23.749
9.142098528,25.439
8.022191459,28.159
6.399468969,30.868000000000002
6.148061259,28.41
4.419373291,26.578
4.732909906,24.877
5.136028419,24.017
6.15128985,23.455
7.62939105,23.313
9.525541075,23.61
9.79428675,24.266
9.017910359,25.607
8.316185547,27.918
7.509948528,29.145
6.897805606,27.25
6.345383947,24.393
6.001986697,22.991
5.613798503,22.08
5.494355981,21.193
5.359983144,21.142
5.359983144,21.554000000000002
5.479425666,22.25
5.897474491,22.93
5.822822916,24.335
5.748171341,25.599
5.031516213,27.643
3.98639415,29.465
4.016254781,27.268
3.147132069,25.599
3.189950194,24.409
3.553904241,24.336
4.453084831,23.916
5.684105878,23.901
7.396830816,24.068
7.739375803,24.359
6.444127569,25.675
5.887491966,27.177
5.544946978,28.622999999999998
4.956197781,27.161
4.913379659,24.863
4.249698747,23.531
3.971380944,22.284
3.671654081,21.175
3.446858931,21.125
3.564608772,21.755
3.714472203,22.627
4.057017191,23.28
4.228289684,23.913
4.046312659,25.659
3.671654081,28.246000000000002
2.890223328,33.258
2.622610058,29.068
2.77087524,26.227
2.808574223,25.398
3.129015578,24.977
3.920694216,24.405
5.004539975,24.126
6.512499288,24.259
6.81409115,24.778
5.673696919,25.990000000000002
5.183610144,28.85
4.882018281,28.353
4.363657266,24.811
4.325958284,22.95
3.74162405,19.91
3.496580659,14.76
3.232687781,14.676
3.03476812,14.746
3.138440322,14.749
3.270386763,14.759
3.571978625,20.016
3.722774556,22.656
3.562553881,24.64
3.232687781,26.75
2.544681343,29.663
2.3090627,27.785
2.486093133,25.482
2.477637034,24.582
2.722863908,25.272
3.382439638,25.041
4.337978834,24.628
5.479552213,24.378
6.172952338,24.84
5.285061931,24.797
4.777695988,24.523
4.405627628,24.141
3.839068988,22.122
3.796788491,15.652
3.424720131,14.743
3.035739574,12.462
2.900441988,8.902000000000001
2.646759016,3.2970000000000006
2.815880998,3.699
3.061107871,9.798
3.399351834,14.156
3.407807934,17.149
3.348615241,24.277
2.934266385,27.154
2.266234557,31.07
2.13939307,27.699
2.197711238,25.522
2.108914824,24.198999999999998
2.390103468,24.53
2.967280157,24.259999999999998
3.455660431,24.201
4.780206934,24.292
5.090994384,24.289
4.536016797,24.295
4.069835625,23.511
4.032837122,21.326
3.411262225,15.246
3.315066109,14.74
2.863684341,13.548
3.026477766,9.555
2.834085536,-6.532
2.715690318,-10.282
2.589895398,-8.347999999999999
2.575095996,3.7439999999999998
2.745289123,12.898
2.678691812,14.742
2.834085536,23.346
2.545497192,26.461
2.071916319,27.236
2.160712733,25.705
2.342951134,24.595
2.727614753,23.218
3.266143819,23.35
4.252281459,22.878
5.063572003,22.845
3.860623956,22.898
4.315226416,23.215
3.280131588,24.521
3.035345648,28.455000000000002
2.979394576,28.865000000000002
2.650682029,25.599
2.601724841,21.724
2.475834929,14.799
2.377920554,14.359
2.273012294,12.25
2.238042874,11.25
2.433871625,11.76
2.503810465,13.891
2.552767653,14.749
2.853504664,22.008
3.077308952,25.462
2.594730957,28.891
2.203073454,32.019999999999996
1.993256935,26.475
2.407936139,24.761
2.384405818,24.047
2.643239344,23.737000000000002
3.294244881,23.605
4.258988025,23.67
5.380599972,24.144
5.647276938,24.421
4.486447791,25.15
4.109962659,28.427
3.851129134,27.583000000000002
3.482487444,24.792
3.419739922,22.686
2.988350713,16.359
2.925603191,14.675
2.666769665,14.15
2.556961502,13.15
2.666769665,14.095
2.784421268,14.367
3.051098234,14.805
3.247184241,22.15
3.082471995,25.273
2.792264708,29.857
2.235380454,37.108000000000004
2.07066821,29.646
2.766644082,25.947
2.804285498,25.012999999999998
3.124237535,25.028
3.914707272,24.48
4.996897984,24.291
6.502554628,24.445999999999998
6.803685956,24.606
5.665033122,25.144
5.175694713,27.608
4.874563381,27.001
4.356993913,24.706
4.319352497,21.842
3.735910547,14.77
3.491241341,14.583
3.227751428,12.934
3.030133995,11.759
3.133647888,11.568
3.265392844,13.471
3.566524175,14.617
3.717089838,17.844
3.557113819,23.91
3.227751428,26.15
2.540795586,30.595
2.305536735,28.009
5.453339331,25.658
5.84023165,24.736
6.337664628,24.556
7.5904588,23.738
9.414379725,23.53
11.75415707,23.512999999999998
12.08577906,23.778
11.12775999,24.644
10.26185813,26.740000000000002
9.266992175,26.741
8.511630984,24.956
7.829963569,22.315
7.406224363,15.208
6.927214828,14.742
6.779827278,14.253
6.614016284,13.274000000000001
6.614016284,13.325
6.761403834,14.088
7.277260256,14.69
7.185143038,15.133
7.093025819,22.361
6.208700522,25.647
4.919059466,27.824
4.955906353,27.262999999999998
8.061549516,25.799
8.380818803,24.85
9.178992022,24.2
10.56249227,23.597
12.31847335,23.241
14.44693527,23.25
15.29832004,23.626
15.45795468,24.576
14.12766598,26.068
13.11664657,26.509999999999998
12.23865603,25.416
11.653329,22.649
11.22763662,15.861
11.06800198,14.749
10.88176156,14.435
10.85515578,14.553
11.0413962,14.595
10.80194423,14.749
10.82855001,15.048
10.74873269,21.729
10.08358834,24.755
8.540453447,25.931
7.609251356,30.241
7.556039809,29.073
9.024205994,26.358
9.328051313,24.958
10.02689555,24.05
11.42458402,24.098
13.308425,23.643
16.52918539,23.64
17.6837976,23.739
17.89648933,24.096
16.40764726,23.906
15.25303505,23.735
14.21996096,20.661
13.46034766,14.836
12.91342608,14.744
12.73111889,14.301
12.48804264,14.254
12.33611998,13.748
12.48804264,13.623
12.5488117,14.17
12.51842717,14.67
12.33611998,15.251
11.66766028,22.627
9.935741953,24.714
8.8418988,26.887999999999998
8.50766895,27.771
8.248734956,27.740000000000002
8.248734956,25.91
9.327000966,25.423000000000002
10.83657338,24.899
12.80440884,24.607
15.33833396,24.490000000000002
15.82355366,24.591
15.41920391,24.548000000000002
14.2331113,23.88
13.18180194,23.466
12.61571229,21.536
11.88788273,15.76
10.27048372,14.75
10.05483052,14.73
10.24352707,14.55
10.51309357,14.013
10.83657338,13.25
11.24092313,13.853
10.80961673,14.73
10.99831328,15.717
10.56700688,23.887999999999998
9.704394069,25.59
8.221778306,27.267
8.113951706,27.797
5.878037428,26.591
6.214431138,25.112000000000002
7.790170088,25.798000000000002
10.32197537,25.012
12.12787843,24.36
9.118039988,24.045
10.25115564,24.553
8.870170938,25.689
7.807875019,27.872
7.542301038,28.472
7.152792534,26.091
6.798693894,24.119
6.302955797,21.709
6.391480456,17.606
6.232136069,16.027
6.302955797,15.25
6.338365663,15.55
6.745579097,17.565
7.188202397,22.048000000000002
7.223612263,24.459
7.276727056,26.198999999999998
6.533119913,29.595
5.506233856,37.661
5.134430284,30.236
4.390681291,27.431
4.697007891,25.938
5.192965247,26.245
6.082771091,25.353
7.483121269,25.0
9.18979805,25.154
9.466950688,25.664
8.416688053,26.646
7.847795794,29.071
7.118446744,27.831
6.5349675,24.75
6.039010147,23.27
5.6889226,20.908
5.411769963,16.345
5.455530906,14.767
5.178378266,14.751
5.338835056,14.759
5.484704866,15.511
5.936901278,21.537
5.966075241,24.465
5.834792413,25.929000000000002
5.120030341,28.872999999999998
4.084354688,33.975
3.923897897,29.647
3.934593175,26.75
4.213736609,25.543
4.572635313,25.543
5.476528338,24.983
6.792490244,24.54
8.480643397,24.240000000000002
8.719909197,24.12
8.028696884,24.999
7.403947291,25.998
6.686149888,26.404
6.141155563,25.532
5.649331416,23.232
5.343602894,18.972
4.997996734,14.765
4.891656378,14.74
4.772023478,14.53
4.772023478,14.597
4.878363834,14.749
5.250555081,14.956
5.184092359,19.658
5.117629634,23.381999999999998
4.4795875,24.759999999999998
3.549109384,26.185
3.575694472,25.777
2.808066447,24.822
2.846271433,23.75
3.171013809,24.604
3.973318509,23.578
5.071711847,23.115000000000002
6.599911275,22.9
6.905551159,23.084
5.749850344,23.75
5.253185528,25.517
4.947545644,25.351
4.422227091,24.566
4.384022106,20.204
3.791844828,14.916
3.543512422,14.751
3.276077522,14.559
3.075501347,13.473
3.180565056,13.21
3.314282506,13.66
3.619922394,14.451
3.772742334,14.749
3.610371147,19.75
3.276077522,25.434
2.578836533,26.25
2.340055372,27.475
2.260990104,26.498
2.291751874,25.073
2.55322692,24.86
3.199224094,24.066
4.083624984,23.462
5.314095788,23.406
5.56018995,24.058
4.629646403,25.432
4.229743391,27.599
3.983649231,28.03
3.560674891,26.217
3.529913122,23.34
3.053105685,21.75
2.853154179,20.155
2.637821788,16.094
2.476322495,14.812
2.560917363,14.75
2.668583558,14.75
2.914677719,17.283
3.0377248,21.941
2.906987277,24.509999999999998
2.637821788,26.186
2.076419483,27.797
1.88415842,28.679
2.499817659,27.443
2.491314878,25.55
2.737895531,24.649
3.401112459,24.226
4.361926731,23.624
5.509802188,23.172
6.207030241,23.043
5.314238219,22.820999999999998
4.80407135,22.957
4.429948981,22.44
3.860262644,20.959
3.817748738,15.975999999999999
3.443626366,14.749
3.052498434,14.739
2.916453935,14.735
2.661370501,14.731
2.831426124,14.711
3.078006777,14.573
3.418118022,14.711
3.426620803,19.617
3.367101338,23.284
2.95046506,25.658
2.278745349,25.85
2.151203632,25.542
3.336471603,23.956
3.433965903,22.717
3.672285303,17.132
4.441407003,17.04
5.134699803,16.189
6.423791103,15.588000000000001
6.911262606,15.14
6.532118106,14.961
5.871323403,14.867
5.600505903,14.871
5.058870903,14.753
4.777220703,14.75
4.062262503,14.689
4.148924103,14.69
3.986433603,14.725
3.791445003,14.431
3.802277703,14.245
4.094760603,14.255
4.235585703,14.613
4.094760603,14.75
4.311414603,15.922
3.823943103,24.045
3.249810003,24.75
3.520627503,25.491
3.918576325,24.973
4.1428322,24.042
5.193293925,23.563
6.88111445,22.662
8.085014406,22.070999999999998
6.078514478,21.933
6.833902688,22.42
5.913273309,23.298000000000002
5.205096866,26.37
5.028052753,29.067
4.768388056,27.741
4.532329244,23.891
4.201846903,16.367
4.260861606,14.755
4.154635141,14.708
4.201846903,14.605
4.225452784,14.632
4.496920422,14.668
4.791993941,14.75
4.815599822,16.515
4.851008644,24.326
4.355285131,26.683
3.670714569,31.737000000000002
3.422852813,30.907
3.739444891,26.688
4.000336394,24.636
4.422732163,23.601
5.180559863,22.142
6.373206738,20.951999999999998
7.826745119,20.948
8.062789813,21.52
7.168304656,20.97
6.683791863,21.52
6.062621616,22.14
5.565685416,21.613
5.14328965,19.767
4.845127931,15.176
4.609083238,15.069
4.64635345,14.753
4.410308756,14.752
4.546966213,14.759
4.671200259,15.064
5.056325816,20.267
5.081172625,23.205
4.969361978,25.05
4.360615138,27.014
3.478553384,28.509999999999998
3.341895931,25.866
3.384357809,24.784
3.624464278,22.991
3.933172591,22.393
4.710660197,21.651
5.842590681,21.489
7.294663119,20.851
7.500468663,21.269
6.905919316,22.002
6.368538178,24.035
5.75112155,24.759
5.282342259,24.25
4.859297531,23.75
4.596323784,22.398
4.299049113,21.896
4.207579981,21.317
4.104677209,20.553
4.104677209,20.070999999999998
4.196146341,18.96
4.516288294,21.478
4.459120088,23.12
4.401951881,24.249
3.853137103,26.233
3.052782215,28.233
3.075649497,28.741
2.93188317,27.179000000000002
2.971772737,25.177
3.310834056,24.663
4.148514963,24.23
5.295340013,23.956
6.890922691,23.905
7.210039225,23.904
6.003379825,23.886
5.484815453,23.695999999999998
5.165698919,23.399
4.617217375,23.045
4.577327806,21.033
3.959039519,16.743
3.699757334,14.921
3.420530366,14.753
3.211110138,14.582
3.320806447,14.551
3.460419931,14.552
3.779536469,14.641
3.939094734,17.063
3.769564075,21.3
3.420530366,22.77
2.692545768,22.467
2.443235975,22.123
2.726989547,22.416
3.174704247,20.5
3.801504831,19.292
4.949282522,17.317
5.893553528,18.049
4.49342755,18.145
5.022544925,18.489
3.817785366,20.258
3.532876009,21.723
3.467753872,21.588
3.085161308,20.051000000000002
3.028179437,17.663
2.881654625,14.933
2.767690883,14.748
2.645586873,14.649
2.604885537,14.44
2.832813022,14.45
2.914215695,14.616
2.971197566,14.746
3.321229059,15.338
3.581717613,22.102
3.020039169,25.934
2.564184201,28.445
2.319976181,29.339
2.218345128,27.769
2.210799736,25.565
2.429616093,25.45
3.018156637,24.744
3.870785888,24.625
4.88941375,24.657
5.508135863,24.741
4.715869744,24.579
4.26314625,24.229
3.931149019,23.211
3.425607781,20.25
3.387880825,14.85
3.055883595,14.748
2.708795581,14.65
2.588069316,14.443
2.361707568,13.433
2.5126154,13.975
2.731431756,14.45
3.03324742,14.745
3.040792811,18.89
2.98797507,23.634999999999998
2.618250882,27.891
2.022164947,33.985
1.908984073,33.987
1.973482748,28.099
1.893746071,24.956
2.146245547,24.003
2.664533945,23.272
3.103085667,22.463
4.292491094,22.159
4.571569463,22.016
4.073215234,21.361
3.654597681,18.334
3.621374066,16.05
3.063217329,14.99
2.976835929,14.749
2.571507823,14.69
2.71769173,14.539
2.54492893,14.202
2.438613362,13.457
2.325653069,12.709
2.312363623,13.189
2.465192254,14.15
2.405389746,14.651
2.54492893,16.673000000000002
2.285784731,22.634999999999998
1.860522456,24.116
1.940259132,25.436
2.309940019,25.343
2.689183903,23.799
3.220125341,22.926000000000002
4.19236875,22.281
4.992228578,22.25
3.806229525,22.525
4.254426841,23.055
3.233916025,23.943
2.992579009,25.565
2.937416263,26.54
2.613335126,24.986
2.565067723,23.31
2.440951542,20.497
2.344416736,18.071
2.240986585,16.75
2.206509869,16.028
2.399579482,15.85
2.468532916,16.725
2.516800319,20.334
2.813300083,23.03
3.033951069,24.245
2.558172379,25.682
2.172033152,34.341
1.965172852,39.287
2.282581763,28.916
2.260276404,25.754
2.505635355,25.899
3.122750295,25.741
4.037270025,24.951999999999998
5.100492147,24.673000000000002
5.353286219,24.239
4.252888497,25.509999999999998
3.89600275,27.826
3.650643797,26.435
3.301193169,23.348
3.241712209,20.695999999999998
2.832780624,14.95
2.773299666,14.745
2.527940715,14.649
2.423849038,14.45
2.527940715,14.318
2.639467511,14.617
2.892261583,14.75
3.078139576,21.35
2.922002061,23.529
2.646902631,25.691
2.119009128,28.04
1.962871614,25.979
2.179843483,25.362000000000002
2.209501218,24.299
2.46159196,22.245
3.084404384,21.475
3.93706425,21.228
5.123373628,21.25
5.360635503,21.582
4.463489038,22.782
4.077938488,24.727
3.840676613,26.124
3.432882763,25.990000000000002
3.403225028,22.658
2.943530145,21.990000000000002
2.750754871,19.586
2.54315073,16.762
2.387447624,15.719
2.469006394,16.576
2.572808465,19.085
2.81007034,21.990000000000002
2.928701278,23.895
2.802655907,25.641
2.54315073,29.348
2.001897076,34.035
1.816536236,28.631999999999998
2.10226455,25.993000000000002
2.130866789,24.158
2.373985818,24.517
2.974632833,24.02
3.796947197,23.434
4.941036747,23.36
5.169854659,23.451
4.304636934,23.559
3.932807831,26.128
3.703989922,27.653
3.310709138,26.41
3.2821069,23.053
2.838772198,21.35
2.652857646,19.368000000000002
2.452641975,16.75
2.302480221,15.853
2.381136378,15.457
2.481244214,16.737000000000002
2.710062124,20.5
2.824471079,22.858
2.702911564,24.844
2.452641975,25.969
1.930651117,28.39
1.751887125,25.445
2.038409732,24.387
2.066143197,22.886
2.301877656,22.379
2.884280436,21.362000000000002
3.681617575,20.836
4.790956206,20.277
5.012823931,20.028
4.173886594,21.12
3.813351538,21.451999999999998
3.591483813,22.193
3.210148659,20.711
3.182415194,15.144
2.752546474,14.749
2.572278947,14.723
2.378144687,14.543
2.232543992,14.257
2.308811022,14.244
2.405878153,14.254
2.627745878,14.65
2.738679741,14.75
2.620812512,19.797
2.378144687,23.169
1.872008937,26.006999999999998
1.698674776,27.679
1.984230053,27.322
1.977480972,25.073999999999998
2.173204344,23.511
2.699632726,23.1
3.462278972,22.552
4.373405016,22.939
4.926829725,22.977
4.218176134,22.948999999999998
3.813231225,23.297
3.516271625,23.424
3.064083143,22.736
3.030337734,21.28
2.733378135,17.803
2.422920371,15.693999999999999
2.314935062,14.869
2.112462608,14.749
2.247444244,14.748
2.443167617,14.748
2.713130889,14.663
2.719879971,17.441
2.672636398,21.759999999999998
2.341931389,23.251
1.808753926,25.740000000000002
1.707517699,25.776
1.846836098,24.551000000000002
1.772216458,22.759
2.008511985,24.134
2.493539648,23.05
2.903947669,22.436
4.017023972,21.724
4.278192713,21.451999999999998
3.811819959,20.316
3.420066847,18.652
3.388975331,15.121
2.866637849,14.75
2.785799905,14.7
2.4064834,14.55
2.543286074,13.929
2.381610187,12.758
2.282117333,10.752
2.176406176,9.494
2.163969569,9.443999999999999
2.306990547,10.861
2.251025816,13.079
2.381610187,14.749
2.139096356,18.715
1.741124941,20.838
1.815744581,21.705
2.108379403,21.256999999999998
2.454531246,19.863
2.939143825,15.23
3.826551275,15.165
4.556616978,15.169
3.474105763,15.177
3.883194303,16.092
2.951731165,17.97
2.73145272,19.247
2.681103361,18.753999999999998
2.385300878,15.047
2.341245188,14.688
2.227959131,14.636
2.139847753,14.336
2.045442705,13.75
2.013974356,12.817
2.190197112,13.174
2.25313381,14.3
2.297189499,14.65
2.567817303,14.759
2.769214739,21.704
2.334951518,26.529
1.982506006,28.89
1.79369591,29.592
2.6107621,27.402
3.039394684,24.869
3.6394803,23.415
4.738338378,22.557
5.642363466,21.716
4.301912475,20.745
4.808478256,20.166
3.655066941,20.968
3.38230075,22.212
3.319954194,23.029
2.953668167,23.067
2.899114929,21.65
2.758835175,16.971
2.649728699,14.76
2.532828903,14.731
2.493862305,14.517
2.712075256,14.324
2.790008453,14.646
2.844561691,14.753
3.179674438,20.149
3.429060669,21.71
2.891321609,22.958
2.454895706,23.147
2.221096115,23.878
3.159967519,24.544
3.202960275,23.281
3.568398694,22.051000000000002
4.471246556,21.887999999999998
5.707288275,21.808
7.426998488,21.736
7.770940531,22.109
6.470409681,23.11
5.911503863,24.876
5.567561819,25.53
4.976411434,23.259
4.933418678,21.42
4.267030969,17.048000000000002
3.987578059,14.88
3.686628772,14.714
3.460916806,14.653
3.579146884,14.41
3.729621528,14.51
4.073563572,14.749
4.245534591,21.397
4.062815381,23.684
3.686628772,27.978
2.902010987,36.45
2.633306266,32.75
3.260388619,26.684
3.30474765,24.157
3.681799394,24.041
4.613339,23.52
5.888661078,23.293
7.663022234,23.235
8.017894463,23.656
6.676033841,23.95
6.099366466,26.235
5.744494234,25.18
5.134557588,22.636
5.090198559,18.359
4.402633613,14.75
4.114299925,14.55
3.803786722,13.159
3.570901822,11.96
3.69288915,12.203
3.848145753,13.593
4.203017984,14.472
4.380454097,16.24
4.191928225,22.746
3.803786722,26.005
2.994234447,27.95
2.716990517,25.85
3.499450591,25.25
3.747722425,23.44
4.066929066,21.779
4.870856903,20.275
6.041281256,20.611
7.542734722,21.092
7.75553915,21.134
7.140770803,21.820999999999998
6.585114797,23.118000000000002
5.946701513,23.476
5.461980316,22.489
5.024548991,18.753
4.752632222,15.16
4.44524805,14.747
4.350668303,14.545
4.244266091,14.141
4.244266091,14.149000000000001
4.338845834,14.512
4.669874944,14.749
4.610762603,18.34
4.551650263,22.754
3.984171788,25.64
3.156599013,25.869
3.18024395,24.240000000000002
3.478594038,23.75
3.524365013,21.88
3.787548113,22.149
4.451227238,21.87
5.435303184,21.365000000000002
7.128829228,21.438
7.483554278,21.556
7.00295905,21.201999999999998
6.430821872,20.218
5.801470978,16.78
5.240776544,15.524000000000001
5.103463622,14.75
4.680082109,14.548
4.336799803,13.842
4.199486881,11.178
4.107944931,10.95
4.153715906,12.175
4.245257856,14.08
4.657196622,14.713
4.5198837,15.636
4.508440956,23.088
3.924861034,26.905
3.089540757,27.477
3.123868988,26.518
2.993980102,26.889
2.873011209,25.65
3.256079372,23.943
4.042377175,23.637
4.707706088,23.473
6.512158741,23.844
6.935549866,23.948999999999998
6.179494284,23.965
5.544407597,23.249
5.494003891,21.371
4.647221641,20.136
4.516172006,15.305
3.9012468,14.75
4.123023103,14.748
3.860923834,14.628
3.699631978,14.189
3.528259381,14.25
3.508097897,14.55
3.739954944,14.749
3.649228272,20.229
3.860923834,24.393
3.467774934,25.65
2.822607504,26.209
2.943576397,28.293
3.341246791,27.512999999999998
3.889809697,25.404
4.657797766,25.322
6.064113578,23.914
7.221082616,23.444
5.5055768,23.15
6.153878416,23.078
4.677745506,23.589
4.328660022,25.993000000000002
4.248869053,27.099
3.780097116,25.642
3.710280019,23.198999999999998
3.530750341,20.778
3.391116147,16.152
3.241508081,14.912
3.191638725,14.757
3.470907113,14.75
3.570645825,14.75
3.640462922,16.111
4.069339375,21.75
4.388503247,23.674
3.700306147,26.35
3.141769369,33.36
2.84255324,33.75
3.138776528,27.668
3.108104443,25.44
3.445497359,25.148
4.294091666,24.576
5.551647081,24.245
7.013683053,24.169
7.361299997,24.274
5.848143888,25.001
5.357390553,26.626
5.019997638,25.451
4.539468331,24.609
4.457676109,21.823999999999998
3.895354581,15.184
3.813562359,14.689
3.476169444,14.664
3.333033053,14.259
3.476169444,14.13
3.629529859,14.494
3.977146803,15.615
4.2327475,22.673000000000002
4.018042916,25.086
3.639753888,27.658
2.913847916,38.93
2.699143333,38.888
3.127785219,28.569
3.170340119,26.386
3.532056778,26.05
4.425709697,25.43
5.6491631,24.9
7.351359138,24.334
7.691798347,24.451
6.404512591,25.107
5.851298878,25.985
5.510859672,26.240000000000002
4.925729784,25.889
4.883174884,22.647
4.223573919,16.927
3.946967063,14.867
3.649082756,14.727
3.425669525,14.646
3.542695503,14.52
3.691637656,14.533
4.032076866,14.849
4.202296469,22.15
4.021438141,25.465
3.649082756,26.39
2.872455814,28.849
2.606487683,32.282
3.193063081,28.056
3.236506116,26.285
3.605771913,25.97
4.51807565,25.39
5.767062909,25.279
7.504784313,24.701
7.852328594,24.844
6.538176781,24.318
5.973417325,24.901
5.625873044,23.675
5.028531313,21.875
4.985088278,14.836
4.311721234,14.617
4.029341506,11.751999999999999
3.725240259,9.529
3.497164325,8.206
3.616632672,8.254999999999999
3.768683294,10.771
4.116227575,14.255
4.289999716,14.98
4.105366816,22.783
3.725240259,26.597
2.932404869,28.634999999999998
2.6608859,28.93
4.107847569,27.716
4.3992827,25.639
4.773985013,25.698999999999998
5.717679725,25.207
7.091588203,25.073999999999998
8.854076853,25.251
9.103878397,25.177
8.3822295,25.654
7.729969919,26.84
6.980565294,26.616
6.411572894,25.848
5.89809195,22.919
5.578901091,16.333
5.218076641,15.153
5.107053734,14.75
4.982152963,14.65
4.982152963,14.733
5.093175872,14.841
5.481756047,17.649
5.412366728,23.485
5.342977413,25.851
4.676839969,28.363
3.705389531,34.879
3.733145256,32.613
4.058597231,28.455000000000002
4.111999825,26.887999999999998
4.419064747,26.602
5.193402375,25.798000000000002
6.341558172,25.565
8.317454191,25.426000000000002
8.731324303,25.66
8.170597056,25.195
7.503064616,24.820999999999998
6.768778931,23.823999999999998
6.114597144,22.343
5.954389356,17.09
5.460415353,14.769
5.059895888,14.549
4.899688103,13.354
4.792882913,11.751999999999999
4.846285509,12.119
4.953090697,14.308
5.433714053,14.759
5.273506269,20.749000000000002
5.260155619,24.845
4.579272531,27.54
3.604675172,30.424
3.644727119,31.28
2.883249006,28.828
2.766754097,26.67
3.135654644,25.565
3.892871553,24.857
4.533593556,24.496
6.271309288,23.962
6.679041469,23.719
5.950948284,23.545
5.339350013,21.948
5.290810466,17.394
4.4753461,14.75
4.349143281,14.741
3.756960825,13.639
3.970534828,10.894
3.718129191,8.009
3.562802644,4.849
3.397768191,6.65
3.378352372,10.741
3.601634281,13.982
3.5142631,14.749
3.718129191,21.725
3.339520734,25.683
2.718214551,27.14
2.834709461,28.183
2.511895583,27.381999999999998
2.92429635,24.913
3.501657425,21.78
4.558903028,21.13
5.428693738,21.128999999999998
4.139004066,21.201
4.626386791,22.0
3.516653816,23.242
3.254216963,23.662
3.194231397,23.974
2.841816196,22.646
2.789328826,16.614
2.654361302,14.749
2.549386561,14.139
2.436913625,13.474
2.399422646,12.105
2.609372128,11.475
2.684354085,11.481
2.736841456,12.25
3.059263874,13.439
3.299206138,14.649
2.78183063,16.75
2.361931667,23.1
2.136985794,23.75
1.909376394,24.528
1.927914029,23.703
1.977347723,22.458
2.595268886,21.429000000000002
4.059742044,21.128999999999998
4.578795819,20.561999999999998
4.646767147,21.402
3.324415859,21.725
3.120501874,23.565
3.077247393,23.552
2.848616563,18.877000000000002
2.72503233,14.749
2.236874611,14.349
2.144186437,13.509
2.063856685,12.741
1.890838759,12.475
1.971168511,12.823
2.008243781,13.994
2.354279632,14.444
2.552014404,14.959
2.304845939,20.927
2.218336976,24.475
1.717820834,27.14
1.557161331,26.999
1.706378559,24.491
1.752810629,24.552
1.805046707,22.634999999999998
2.408663612,21.512999999999998
3.743585616,21.752
4.341398509,21.657
4.364614547,21.751
3.337305006,23.027
3.116752674,25.322
3.076124613,25.986
2.849768274,24.537
2.698864048,21.752
2.205523308,15.757
2.01399102,14.757
1.92693089,14.748
1.712182568,14.736
1.79343869,14.699
1.839870759,14.75
2.153287229,16.534
2.263563395,23.197
2.048815073,25.33
1.979166968,28.169
1.52065028,34.75
1.369746054,39.452
2.025937524,32.112
2.0535013,27.434
2.287793394,26.745
2.866632687,25.512999999999998
3.659091244,25.033
4.761642275,24.612000000000002
4.982152481,24.629
4.148348263,25.041
3.790019178,26.740000000000002
3.569508972,26.841
3.190507053,25.429000000000002
3.162943278,24.395
2.735704752,23.645
2.556540209,22.538
2.363593778,21.775
2.218883955,20.675
2.294684338,19.862000000000002
2.391157554,19.649
2.611667761,21.054000000000002
2.721922864,21.78
2.604776817,23.673000000000002
2.363593778,24.145
1.860554869,24.664
1.68828127,24.75
2.470345409,25.614
2.503955551,24.473
2.789641755,23.2
3.495454728,22.633
4.4617463,22.317
5.806151966,22.791
6.075033097,22.989
5.058326313,23.64
4.621394472,25.308
4.352513341,26.07
3.890373894,25.52
3.85676375,23.844
3.335806556,22.662
3.117340635,21.495
2.882069644,20.203
2.705616401,17.58
2.79804429,15.537
2.915679786,15.738
3.184560919,17.742
3.319001484,21.818
3.176158384,23.923000000000002
2.882069644,25.465
2.268684559,27.236
2.058621174,28.244
2.988424174,27.374
2.978259466,25.52
3.273036,24.22
4.065883231,23.711
5.214495244,22.951999999999998
6.586730834,22.409
7.420236897,21.777
6.352942547,22.29
5.743060063,22.15
5.295812906,20.634
4.614777466,17.53
4.563953925,14.984
4.116706772,14.751
3.6491302,14.746
3.486494869,14.65
3.181553628,14.549
3.384847791,14.441
3.679624325,14.649
4.086212647,14.65
4.096377356,15.047
4.025224397,21.023
3.527153703,24.253
2.724141764,25.649
2.571671143,27.136
3.158741459,26.734
3.251042344,25.1
3.476666734,24.256999999999998
4.204818175,23.692
4.861180038,23.716
6.081602872,23.432
6.543107306,23.281
6.184159413,23.28
5.558564516,23.389
5.302173163,22.242
4.789390459,19.502000000000002
4.522743453,14.949
3.845870281,14.75
3.927915516,14.724
3.774080703,14.21
3.589478931,12.74
3.599734584,12.349
3.876637244,13.205
4.009960747,14.481
3.876637244,14.751
4.081750325,22.494
3.620245894,24.964
3.076696226,25.948
3.333087578,26.557
3.190223631,26.123
3.713991691,24.85
4.447266975,24.623
5.790017816,23.653
6.894692269,23.253
5.2567267,23.163
5.875725316,23.401
4.466313084,24.491
4.133006138,26.240000000000002
4.056821694,25.92
3.609238078,25.602
3.542576691,23.927
3.371161688,22.215
3.237838909,19.122999999999998
3.094993076,16.655
3.047377798,15.746
3.314023356,16.715
3.409253913,20.75
3.4759153,22.8
3.885406694,23.948
4.190144472,25.751
3.533053634,32.644
2.99976252,43.647000000000006
2.714070851,38.085
3.176984359,30.45
3.145938909,27.015
3.487438856,25.878
4.346362966,24.279
5.619226406,23.66
7.099059509,23.558
7.450907941,23.751
5.919332419,24.4
5.422605225,26.247
5.081105278,26.761
4.594726563,26.222
4.511938697,23.869
3.942772119,23.181
3.859984253,21.706
3.518484306,19.204
3.373605541,18.997
3.518484306,20.515
3.673711553,22.564
4.025559984,23.83
4.284272066,24.951999999999998
4.066953919,29.958000000000002
3.684060038,45.477
2.949317727,62.369
2.731999578,55.431
2.734119379,39.751
2.771318283,29.515
3.087508959,26.679000000000002
3.868685925,25.02
4.938154391,24.004
6.426110513,23.958
6.723701738,23.921
5.598434919,24.805
5.114849178,26.393
4.817257953,25.792
4.305773038,25.201999999999998
4.268574134,24.012
3.691991134,22.856
3.450198266,21.743000000000002
3.189805944,18.362
2.994511701,18.009
3.096808685,19.411
3.227004847,21.899
3.524596072,22.71
3.673391684,23.677
3.515296344,26.149
3.189805944,33.351
2.510925961,38.757
2.278432816,32.771
3.249177166,28.243000000000002
3.293383659,25.6
3.669138841,23.099
4.597475175,22.865000000000002
5.868411822,22.65
7.636671503,22.643
7.990323441,22.838
6.653077056,23.395
6.078392659,25.242
5.724740722,25.553
5.116901456,25.240000000000002
5.072694966,23.795
4.387494338,22.256
4.100152141,20.485
3.790706694,18.966
3.558622613,18.141
3.680190466,17.222
3.834913188,18.536
4.188565122,20.607
4.365391091,22.85
4.1775135,24.269
3.790706694,25.47
2.983938214,29.446
2.707647639,31.416999999999998
3.889576991,28.080000000000002
4.165526709,26.453
4.520319206,25.851
5.413870678,25.295
6.714776497,24.881
8.383615272,24.594
8.620143603,25.07
7.936839538,25.413
7.319237784,26.988
6.609652794,26.396
6.070893819,24.75
5.584696694,23.865000000000002
5.28246605,21.751
4.940814016,15.419
4.835690313,14.745
4.71742615,14.594
4.71742615,14.613
4.82254985,14.689
5.190482809,14.989
5.124780497,20.954
5.059078181,23.618000000000002
4.428335966,25.75
3.508503569,27.824
3.534784497,29.759999999999998
3.537573584,27.718
3.584120606,25.549
3.851765975,25.17
4.526697778,24.248
5.527458728,24.4
7.2496985,24.09
7.610437909,24.2
7.121694191,23.099
6.539856431,23.197
5.899834894,19.127000000000002
5.329633888,16.536
5.189992825,15.084
4.759432884,14.75
4.410330228,14.742
4.270689163,14.649
4.177595122,14.545
4.224142144,14.539
4.317236184,14.549
4.736159372,14.524000000000001
4.596518309,14.75
4.584881556,18.875
3.991407038,23.25
3.141923909,25.851
3.176834175,27.046
3.166334497,26.464
3.258857256,25.570999999999998
3.485024006,24.265
4.214925791,23.7
4.872865425,23.344
6.096221934,23.145
6.558835741,23.009999999999998
6.199025003,22.95
5.571926288,22.596
5.314918619,22.506999999999998
4.800903278,21.807
4.5336153,18.631
3.855115053,16.671
3.937357506,16.069
3.783152903,15.776
3.598107381,15.335
3.608387688,15.87
3.885955972,19.807000000000002
4.019599959,21.826999999999998
3.885955972,24.779
4.091562109,25.487000000000002
3.628948303,25.966
3.084092042,26.782
3.341099713,27.254
3.659364981,26.971
3.868786472,25.828
4.849760819,26.634
6.425933088,25.492
7.550195822,24.942
5.676424597,24.662
6.38184435,24.85
5.522114025,25.572
4.860783003,28.169999999999998
4.695450247,29.116999999999997
4.452962206,29.979
4.232518534,27.949
3.923897391,25.614
3.979008309,25.648
3.879808656,23.774
3.923897391,21.85
3.945941759,20.052
4.199451981,19.817
4.475006575,20.000999999999998
4.497050941,21.98
4.530117494,23.545
4.067185778,23.977
3.427899125,24.478
3.196433269,25.742
3.337374856,25.759
3.304762072,24.332
3.663502691,25.133
4.565789703,24.04
5.902913831,23.363
7.457456516,23.228
7.827068063,23.287
6.218170741,23.864
5.6963662,25.549
5.337625581,26.615000000000002
4.826691972,26.526
4.73972455,24.156
4.141823516,22.928
4.054856094,22.594
3.696115475,20.765
3.543922484,20.222
3.696115475,20.054000000000002
3.859179394,20.215
4.228790941,21.27
4.500564138,22.748
4.27227465,23.142
3.870050319,24.96
3.098214442,27.027
2.869924957,27.084
2.750265747,26.415
2.787684328,24.845
3.105742272,24.465
3.891532484,23.435
4.967316706,23.136
6.464059969,23.215
6.763408622,23.259999999999998
5.631496528,24.365000000000002
5.145054969,26.116
4.845706316,26.396
4.331200819,26.109
4.293782238,24.316
3.713794222,23.218
3.470573441,22.527
3.208643372,21.317
3.012195818,19.419
3.115096917,18.528
3.246061953,19.582
3.545410606,21.863
3.695084931,23.223
3.536055959,24.651
3.208643372,26.348
2.525754257,28.284
2.291888122,28.574
2.414861321,26.729
2.447716577,25.240000000000002
2.726986254,24.841
3.416946631,24.323
4.361535244,23.66
5.675745484,23.395
5.938587534,23.547
4.944716038,24.612000000000002
4.517597709,25.511
4.254755659,25.473
3.802995891,25.285
3.770140634,23.64
3.260884166,22.95
3.047325,21.283
2.817338208,19.272
2.644848113,18.701
2.735200068,18.705
2.850193464,20.421
3.113035513,22.43
3.244456538,23.39
3.104821698,24.77
2.817338208,26.189
2.217729785,28.217
2.012384434,28.02
1.905469112,26.838
1.957318612,25.519
2.015649299,25.225
2.689692794,24.707
4.180365909,24.25
4.847928216,23.819
4.873852966,23.903
3.726682788,24.69
3.480397663,25.491
3.43502935,25.342
3.182263041,25.268
3.013752167,24.08
2.462851233,23.04
2.248972047,22.065
2.151754235,21.131999999999998
1.911950299,18.966
2.002686924,17.954
2.054536423,18.56
2.404520546,20.705
2.527663108,23.065
2.287859172,23.394
2.210084922,24.943
1.698071113,26.5
1.529560239,26.558
1.885558428,26.13
1.923650518,25.131999999999998
1.936347881,25.973
2.501380541,25.207
3.923485213,25.118000000000002
4.405985013,24.490000000000002
4.761511181,24.083
3.771116856,23.744
3.510820913,23.277
3.345755191,23.548000000000002
3.041018475,23.13
2.875952754,20.736
2.488683178,16.569
2.133157009,15.05
2.082367557,14.772
1.809374249,14.75
1.993486015,14.75
2.107762283,14.772
2.53947263,16.723
2.564867357,22.139
2.406150317,25.37
2.190295144,25.67
1.669703254,26.75
1.61256512,27.252
1.910243871,27.25
1.8330623,26.292
2.077470607,26.285
2.579150815,25.664
3.003649453,25.592
4.154941213,25.485
4.425076709,25.214
3.942691894,24.835
3.53748865,24.33
3.505329663,23.968
2.965058668,23.544
2.8814453,20.512
2.489105649,15.178
2.630605195,14.755
2.463378459,14.75
2.360469699,14.75
2.25112914,14.75
2.238265545,14.75
2.386196889,14.986
2.328310711,22.09
2.463378459,24.811
2.212538355,26.124
1.800903312,26.75
1.878084883,27.52
2.667412334,27.444
3.105345703,26.291
3.718452419,26.152
4.841154325,25.151
5.764795613,24.567
4.395258534,24.244
4.91281615,24.682
3.734377269,25.643
3.455692397,26.537
3.391992997,26.912
3.017759029,25.956
2.962022055,23.993000000000002
2.818698407,23.208
2.707224459,22.717
2.587788086,21.848
2.547975961,21.167
2.770923858,20.465
2.850548107,20.332
2.906285081,21.86
3.24866935,23.208
3.503466947,24.644
2.95405963,25.761
2.508163837,28.749000000000002
2.26929109,28.907
3.355612919,27.364
3.322821913,26.265
3.683522975,25.36
4.5907408,25.056
5.935172034,24.136
7.498209972,23.578
7.869841369,23.462
6.252151756,24.05
5.727495663,25.783
5.3667946,26.091
4.853068844,25.436
4.765626163,23.832
4.164457725,22.517
4.077015044,21.25
3.716313981,20.669
3.563289288,19.476
3.716313981,18.77
3.880269009,19.006999999999998
4.251900406,21.25
4.525158788,23.237000000000002
4.295621747,24.904
3.891199344,25.565
3.115145542,26.728
2.885608503,28.949
3.547573388,26.878
3.799259334,25.995
4.122855556,24.512999999999998
4.937838631,24.149
6.124358109,23.417
7.646458853,23.093
7.862189666,23.176000000000002
7.238967316,23.791
6.675670191,25.323999999999998
6.028477747,26.012999999999998
5.537090894,25.942
5.093644219,25.171
4.817988181,23.73
4.506377003,23.315
4.410496644,22.945999999999998
4.302631234,22.612000000000002
4.302631234,21.556
4.398511597,21.67
4.734092863,22.836
4.674167638,23.659
4.614242413,24.299
4.038960241,25.587
3.200007075,26.722
3.223977166,27.654
3.057996445,26.820999999999998
3.099601839,25.805
3.453247688,25.126
4.326960956,24.583
5.523116028,23.746
7.187331781,23.231
7.520174931,23.326
6.261611769,23.65
5.72074165,25.155
5.3878985,25.783
4.815824334,25.342
4.774218941,24.06
4.129335334,23.25
3.858900275,22.457
3.567662519,21.767
3.349234203,20.276
3.463649034,19.728
3.609267913,21.368000000000002
3.942111063,22.229
4.108532638,23.021
3.931709716,24.248
3.567662519,25.723
2.808364082,26.825
2.548330371,27.95
2.757782214,27.256999999999998
2.79530306,26.168
3.114230255,25.43
3.902168031,24.665
4.980892366,24.286
6.481726225,24.387
6.781892994,24.616
5.646887391,25.573
5.159116388,26.342
4.858949616,26.367
4.343037975,25.689
4.305517131,24.563
3.723944009,23.248
3.480058509,22.951999999999998
3.217412581,22.75
3.020428139,22.052
3.123610467,21.87
3.254933428,22.018
3.5551002,22.749
3.705183588,23.157
3.545719991,24.742
3.217412581,26.75
2.532657135,29.405
2.298151845,29.194
2.458305301,27.338
2.449943718,26.098
2.692429615,25.509999999999998
3.344633063,25.285
4.289491903,25.069
5.418305559,24.913
6.103955338,24.588
5.225989159,24.119
4.7242942,24.589
4.356384563,23.439
3.796158525,22.639
3.754350613,20.048000000000002
3.386440975,15.75
3.001808173,14.815
2.868022851,14.75
2.617175371,14.749
2.784407024,14.75
3.026892921,14.958
3.361356228,17.683
3.369717809,22.435
3.311186731,24.59
2.901469182,26.197
2.240904152,26.037
2.115480412,25.558
1.896872783,25.313
1.820231458,24.557
2.062928986,23.879
2.561097596,23.644
2.982624881,23.677
4.125857972,24.791
4.394102609,24.92
3.915094331,24.576999999999998
3.512727375,24.47
3.480793491,22.809
2.944304219,22.536
2.861276117,19.208
2.471682717,15.654
2.612191813,14.957
2.446135609,14.75
2.343947176,14.749
2.235371967,14.75
2.222598413,15.659
2.369494285,21.683
2.312013291,24.024
2.446135609,24.776
2.197051304,25.95
1.788297573,26.35
1.864938898,26.251
1.980218654,26.235
2.244983265,25.255
2.846219569,23.458
3.563290391,22.723
3.927341731,23.098
2.989633733,23.08
3.612933756,23.099
2.55939124,24.372
2.294626629,26.146
2.311174418,27.406
2.046409807,27.141
2.068473524,25.714
1.886447854,25.349
1.754065548,24.637999999999998
1.781645195,23.240000000000002
1.654778819,22.923000000000002
1.765097407,23.329
1.902995642,23.546
2.068473524,23.845
2.140180606,25.18
2.360817782,25.332
2.051925736,26.719
1.732001831,27.075
1.616167313,26.759
1.819586955,25.626
1.837252848,24.754
1.884361895,24.029
2.473224987,23.47
3.868830516,23.298000000000002
4.363475513,22.95
4.428250453,22.85
3.168083438,23.678
2.973758616,25.63
2.932538199,25.678
2.714658855,24.999
2.596886237,23.879
2.131684394,22.923000000000002
2.04335493,21.591
1.966802728,18.713
1.801921062,15.75
1.878473264,14.767
1.91380505,15.166
2.243568381,18.44
2.432004571,22.329
2.196459334,23.648
2.114018501,25.607
1.637039396,26.006
1.483934993,26.072
1.717081549,25.598
1.763804857,25.043
1.816368578,23.515
2.423771574,22.697
3.767066663,22.6
4.368629247,22.354
4.3919909,22.519
3.358237722,22.814
3.136302013,23.884999999999998
3.095419119,24.737000000000002
2.867642995,24.4
2.715792246,22.919
2.219357104,21.48
2.026623461,20.1
1.939017259,18.122
1.722921963,17.123
1.804687751,17.432
1.851411058,18.78
2.166793383,21.531
2.277761238,22.555
2.061665942,23.357
1.99158098,25.25
1.530188319,26.048000000000002
1.37833757,26.724
1.697648173,25.804000000000002
1.743842681,25.056
1.795811503,24.532
2.396340108,24.158
3.724432216,23.679000000000002
4.319186509,23.679000000000002
4.342283763,24.095
3.320230269,25.015
3.100806357,25.955
3.060386162,26.472
2.835187935,25.79
2.685055784,24.372
2.194239135,23.667
2.003686789,23.189
1.917072087,22.967
1.703422487,22.793
1.784262876,22.955
1.830457384,23.227
2.142270313,24.084
2.25198227,24.81
2.03833267,25.67
1.969040908,27.75
1.512870141,30.166
1.362737989,28.814
1.714538539,26.588
1.761192649,25.689
1.813678523,25.877
2.420181952,25.117
3.761487613,24.455
4.362159278,24.044
4.385486331,24.447
3.35326415,24.57
3.131657128,25.637
3.090834782,26.045
2.863395996,25.835
2.711770139,24.57
2.216070221,24.158
2.023622018,23.265
1.936145561,23.059
1.720370303,22.62
1.802014995,22.381
1.848669105,22.677
2.163584347,22.859
2.274387858,23.152
2.0586126,23.795
1.988631435,24.931
1.5279221,25.678
1.376296243,26.871
1.706361673,26.009999999999998
1.740833626,25.775
1.752324277,25.426000000000002
2.263658246,24.82
3.550611156,24.523
3.987255894,24.415
4.308994122,24.395
3.412723347,24.239
3.177165,24.463
3.027786537,24.36
2.752010913,23.546
2.60263245,23.335
2.252167595,22.709
1.930429367,22.27
1.884466763,21.392
1.637417767,19.737000000000002
1.804032206,19.759
1.907448065,21.557
2.298130199,22.231
2.321111501,23.17
2.177478363,24.57
1.982137297,25.41
1.511020606,26.945
1.459312676,27.457
1.805459746,26.422
1.589469163,25.63
1.750077545,25.214
2.126676511,24.697
2.503275476,24.251
3.727222113,23.957
4.065053538,23.948999999999998
3.439234669,23.738
2.924180202,23.629
3.118017905,23.408
2.314975993,23.126
2.375896414,22.921
2.137752951,22.341
2.381434634,21.802
2.209749812,19.343
2.07683253,16.254
1.860841947,15.635
1.777768646,16.48
2.026988549,19.323999999999998
1.993759229,22.986
2.115600071,24.316
1.882994827,24.997
1.467628321,25.545
1.705771785,26.221
2.105816942,25.483
2.387374638,25.019
3.026745242,24.75
3.789297338,23.627
4.176439172,23.1
3.179255659,22.717
3.842089406,22.701
2.721724403,23.701999999999998
2.440166707,25.637999999999998
2.457764063,26.947
2.176206366,26.587
2.199669507,25.295
2.006098591,24.475
1.865319742,23.846
1.894648669,22.929000000000002
1.759735606,22.502
1.877051313,21.583
2.023695947,22.147
2.199669507,22.478
2.275924717,23.562
2.510556131,24.47
2.182072151,25.109
1.841856601,26.164
1.718675108,26.184
2.103725131,25.276
2.083167556,23.993000000000002
2.309300876,23.501
2.878060439,23.16
3.720920997,23.04
4.70083205,22.96
4.933817897,23.139
3.919644219,24.038
3.590723025,24.857
3.364589703,25.675
3.042521036,24.652
2.987700837,22.77
2.61081197,21.387
2.555991771,20.15
2.329858451,17.31
2.233923103,15.184
2.329858451,14.857
2.432646324,15.37
2.665632169,19.191
2.83694529,22.573999999999998
2.693042268,24.231
2.439498848,25.282
1.952969584,27.106
1.809066562,27.351
2.17715875,25.944
2.206779958,24.957
2.458560221,24.242
3.080605578,23.838
3.932215294,23.443
5.117063594,23.073999999999998
5.354033253,23.239
4.457991725,24.222
4.072916028,24.788
3.835946369,24.497
3.428654766,24.137999999999998
3.399033559,22.652
2.939904843,21.079
2.747366994,18.793
2.540018542,17.229
2.384507203,16.519
2.465965523,15.82
2.569639749,17.553
2.806609409,19.311
2.925094239,22.318
2.799204107,24.147
2.540018542,24.936
1.999431505,25.657
1.814298958,25.65
2.278996721,25.15
2.310003479,23.991
2.573560923,23.643
3.224702844,22.961
4.116147138,22.65
5.356417463,22.477
5.604471528,22.601
4.666517094,23.293
4.263429241,24.564
4.015375175,24.796
3.58903225,24.159
3.558025494,23.641
3.077420742,22.167
2.875876814,21.754
2.658829508,20.865000000000002
2.496044028,19.555
2.581312613,18.256
2.689836266,20.256999999999998
2.937890331,21.993000000000002
3.061917363,23.206
2.930138641,24.44
2.658829508,25.942
2.092956172,27.577
1.899163934,27.261
2.50232853,26.166
2.536373816,25.029
2.825758748,25.281
3.540709756,24.604
4.519511731,23.965
5.881323178,23.667
6.153685466,24.171
5.123815563,24.808
4.681226841,25.419
4.408864553,25.820999999999998
3.940741869,25.414
3.906696581,25.117
3.378994647,24.545
3.157700288,23.16
2.919383285,22.455
2.740645533,20.947
2.834270069,19.656
2.953428571,19.66
3.225790859,21.743000000000002
3.361972003,23.109
3.217279538,24.395
2.919383285,25.701
2.298056813,26.673000000000002
2.085273775,26.501
2.777011626,25.822
2.767566008,25.023
3.041488924,25.197
3.778247109,24.782
4.845601919,24.529
6.120760319,23.966
6.895300975,23.879
5.903511109,23.826999999999998
5.336774044,23.717
4.921166863,23.22
4.288310469,22.59
4.241082381,21.318
3.8254752,17.859
3.390976781,15.318
3.239846897,15.045
2.956478364,14.75
3.145390719,14.75
3.419313634,14.75
3.797138347,15.28
3.806583963,20.819
3.740464641,23.881999999999998
3.277629369,24.95
2.531425564,25.698999999999998
2.389741297,25.592
2.825996677,25.184
2.711814993,24.25
3.073390325,23.259
3.815571272,22.502
4.443570531,21.945
6.14678065,21.564
6.546416544,21.326999999999998
5.832781019,20.747999999999998
5.233327178,19.43
5.185751478,17.35
4.386479691,15.366
4.262782866,14.75
3.682359306,14.649
3.891692394,14.54
3.644298744,14.45
3.4920565,13.76
3.330299113,13.742
3.311268834,14.252
3.530117059,14.6
3.444480797,15.111
3.644298744,21.863
3.273208272,23.563
2.664239291,24.537
2.778420975,24.349
2.909323918,24.48
3.386974113,23.259
4.055684388,22.855
5.280205797,21.756999999999998
6.287613481,21.747
4.793871053,21.812
5.358366738,22.153
4.073053484,23.044
3.769094269,24.262
3.699617878,25.022
3.291444075,24.894
3.230652231,24.455
3.074330349,22.755
2.952746663,20.383
2.822478428,16.234
2.779055683,15.155
3.022223055,14.816
3.109068545,14.752
3.169860388,16.959
3.543295994,21.474
3.821201563,22.841
3.221967681,23.204
2.735632938,22.771
2.475096467,22.02
2.645752969,21.413
2.619898705,19.519
2.904295604,16.902
3.619596897,16.284
4.6796217,16.34
5.912008263,17.146
6.20502325,20.197
4.929546247,22.369
4.515878031,23.975
4.231481134,23.958
3.826431003,22.224
3.7574863,15.139
3.283491469,14.729
3.214546766,14.549
2.930149868,14.256
2.809496638,13.8
2.930149868,13.567
3.059421186,13.758
3.352436172,14.243
3.567888369,14.698
3.386908525,14.857
3.068039273,21.998
2.456155036,23.747
2.275175192,25.465
2.578064876,23.468
2.613140589,22.85
2.911284146,22.262999999999998
3.647874109,20.739
4.656300847,20.826
6.059329353,20.851
6.339935053,20.785
5.278894747,22.92
4.822910481,25.127
4.542304781,25.044
4.060013734,23.144
4.024938022,17.524
3.481264475,14.749
3.253272344,14.545
3.007742355,13.903
2.823594864,13.571
2.920053074,14.15
3.042818068,14.439
3.323423769,14.649
3.463726619,19.965
3.314654841,24.469
3.007742355,26.12
2.367610601,31.766
2.148387397,30.458000000000002
2.743553903,25.75
2.780881167,24.91
3.09816291,24.508
3.882035453,24.454
4.955194294,23.894
6.448284853,23.629
6.746902966,23.643
5.617753228,24.035
5.132498797,25.496
4.833880684,25.4
4.320630806,24.798000000000002
4.283303541,22.512999999999998
3.70473095,16.973
3.462103734,14.75
3.200812888,14.738
3.00484475,14.551
3.107494726,14.721
3.23814015,14.749
3.536758263,14.95
3.686067319,21.309
3.527426447,24.173000000000002
3.200812888,25.945
2.519590319,28.944
2.286294919,27.5
2.621294442,25.75
2.656958312,24.878
2.960101207,24.14
3.709042475,23.698999999999998
4.734378738,23.363
6.160933534,23.016
6.446244497,22.895
5.367412428,23.864
4.903782119,24.793
4.618471159,25.055
4.128092947,25.664
4.092429078,23.740000000000002
3.539639094,21.35
3.307823938,15.589
3.058176849,14.75
2.870941532,14.749
2.969017174,14.748
3.093840719,14.749
3.379151678,15.799
3.521807159,21.924
3.370235713,25.136
3.058176849,26.147
2.407311223,29.212
2.184412035,29.901
2.47174503,26.909
2.463337734,25.596
2.707149319,24.943
3.362918409,24.793
4.312942859,24.744
5.447927822,24.53
6.137326097,24.437
5.254560013,24.451
4.750122253,24.476
4.380201228,24.095
3.816912394,21.769
3.774875913,16.284
3.404954888,14.748
3.018219272,14.65
2.883702536,14.087
2.631483655,13.236
2.799629575,13.213000000000001
3.04344116,14.34
3.379733,14.746
3.388140297,15.379
3.329289225,23.34
2.91733172,25.17
2.253155334,27.512
2.127045893,26.681
2.838023706,25.539
2.723356081,24.247
3.086470225,23.229
3.831809784,23.073
4.462481719,23.06
6.17294045,22.545
6.574277138,22.818
5.857604484,23.119
5.255599456,22.977
5.207821278,22.22
4.405147906,17.386
4.280924647,14.749
3.698030891,14.439
3.908254869,13.19
3.659808347,10.747
3.506918181,8.642
3.344472381,9.656
3.325361109,12.538
3.545140722,14.629
3.459140006,14.963
3.659808347,23.014
3.287138569,25.605
2.675577904,26.645
2.790245529,26.995
4.308850153,25.448
4.555440978,24.64
5.7105243,24.732
7.5664447,23.947
8.890248059,23.494
6.683909125,23.269
7.514530841,24.035
6.502210625,25.101
5.723502766,27.672
5.5288258,28.099
5.243299584,25.285
4.9837303,23.825
4.620333297,19.75
4.685225619,15.004
4.568419441,14.75
4.620333297,14.75
4.646290228,14.75
4.944794906,15.65
5.269256516,20.364
5.295213444,23.975
5.334148838,25.576
4.789053334,30.15
4.036302403,33.945
3.763754653,28.637999999999998
5.496674534,25.637
5.880163456,24.35
6.501050281,24.05
7.614994291,23.717
9.3680865,23.291
11.50466763,23.262999999999998
11.8516338,23.398
10.53681464,24.147
9.824620931,25.441
8.911552072,25.213
8.181096981,24.621
7.560210159,23.999
7.121937106,22.703
6.774970938,18.791
6.829755072,15.588000000000001
6.482788903,15.05
6.683664053,15.265
6.866277825,18.255
7.432380519,22.062
7.468903272,24.156
7.304550878,25.36
6.409743394,29.681
5.113185616,30.366
4.912310466,28.79
4.283791641,26.157
4.587709291,24.523
4.978460556,24.322
5.962574853,23.75
7.395329488,23.439
9.233307659,23.221
9.493808503,23.457
8.741250513,24.08
8.061053866,25.637
7.279551338,25.502
6.686188306,25.337
6.15071435,24.11
5.817852163,23.676000000000002
5.441573166,21.57
5.325795013,19.179000000000002
5.195544591,17.539
5.195544591,18.916
5.311322744,21.84
5.716546278,23.18
5.644184931,24.414
5.571823588,26.284
4.877154672,34.08
3.864095838,37.414
3.893040378,30.202
2.961989096,27.070999999999998
3.002288268,25.377
3.344831225,24.56
4.191113822,23.95
5.349715,23.595
6.961681856,23.57
7.284075225,23.603
6.065025291,24.502
5.541136063,25.544
5.218742694,25.742
4.664629088,24.701
4.624329916,23.86
3.999692759,22.876
3.737748144,21.506999999999998
3.455653947,20.159
3.244083297,18.852
3.354906016,20.240000000000002
3.495953116,21.693
3.818346488,22.649
3.979543172,24.472
3.808271694,26.304000000000002
3.455653947,38.13
2.720194068,43.138999999999996
2.468324247,30.334
2.754237205,26.820999999999998
2.79170982,25.345
3.110227048,24.709
3.897151963,24.647
4.974489647,24.14
6.473394247,23.783
6.773175166,23.95
5.639628563,24.441
5.152484566,24.916
4.852703647,24.881
4.337455191,24.41
4.299982575,23.097
3.719157041,19.14
3.475585044,15.05
3.213276738,14.758
3.01654551,14.75
3.119595201,14.75
3.250749353,14.922
3.550530275,17.516
3.700420734,22.546
3.541162122,25.339
3.213276738,26.188
2.529401515,27.151
2.295197671,25.9
2.63264563,25.344
2.623691053,24.346
2.883373786,24.361
3.581830791,23.842
4.593697988,23.728
5.802565878,23.285
6.536841191,23.155
5.596610609,23.459
5.059335991,23.851
4.665334603,23.752
4.065377947,22.849
4.020605063,21.544
3.626603675,17.262
3.214693134,15.13
3.071419902,14.767
2.802782593,14.749
2.981874132,14.749
3.241556866,14.749
3.599739944,14.821
3.608694522,16.371
3.546012481,21.742
3.10723821,24.25
2.399826629,25.012
2.265507974,24.811
2.48221558,24.25
2.381924042,23.75
2.699513914,23.878
3.351408916,23.284
3.903012378,23.436
5.399027828,23.413
5.750048213,23.523
5.123226097,23.743000000000002
4.596695519,23.739
4.554907378,22.853
3.852866609,22.374
3.744217441,18.009
3.234402119,15.746
3.418269941,14.76
3.200971606,14.73
3.067249556,14.657
2.925169876,14.625
2.908454619,14.815
3.100680068,16.131
3.025461414,21.990000000000002
3.200971606,24.419
2.875024107,25.75
2.340135901,25.816
2.440427439,25.764
2.971270366,25.259999999999998
3.459090875,25.004
4.142039584,23.948999999999998
5.392633978,23.463
6.421491775,23.183
4.895944006,23.134999999999998
5.47245915,23.695999999999998
4.159778513,24.677
3.849347281,26.601
3.778391569,27.762999999999998
3.361526772,25.737000000000002
3.299440525,23.634
3.139790178,21.956
3.015617685,19.343
2.882575728,16.754
2.838228409,16.173000000000002
3.086573395,16.584
3.175268031,20.206
3.237354278,21.844
3.618741222,23.782
3.902564063,25.737000000000002
3.290571063,33.3
2.79388109,34.492
2.527797177,27.217
2.813640562,25.499
2.786145703,24.95
3.088589151,24.851
3.849280247,24.232
4.976569463,23.57
6.287157738,23.387
6.598766141,23.759
5.2423531,25.0
4.802435356,25.86
4.499991909,25.745
4.069239119,24.555
3.995919497,23.607
3.491847081,21.714
3.418527459,19.073
3.11608401,17.035
2.987774668,15.647
3.11608401,16.276
3.253558306,17.839
3.565166706,20.810000000000002
3.794290531,23.898
3.601826519,24.941
3.262723256,26.801000000000002
2.612011597,27.612000000000002
2.419547584,25.856
2.315835356,25.191
2.34734332,24.47
2.615161014,24.52
3.276828259,24.068
4.182682225,23.514
5.443000784,23.328
5.695064497,23.716
4.741948584,24.63
4.332345053,25.634
4.080281341,25.762
3.647046834,25.141
3.615538872,23.755
3.127165428,22.848
2.922363663,21.656
2.701807915,19.657
2.536391104,18.25
2.623038005,18.953
2.733315879,22.052
2.985379591,22.895
3.111411447,24.919
2.9775026,25.666
2.701807915,28.265
2.126787572,27.361
1.929862796,26.245
2.292249263,25.099
2.323436328,24.484
2.588526379,24.361
3.243454741,23.823
4.140082853,23.502
5.387565447,23.838
5.637061966,23.987000000000002
4.693653253,25.609
4.288221413,26.31
4.038724894,26.439
3.609902753,25.529
3.578715688,24.482
3.095316183,23.335
2.892600261,22.514
2.674290808,21.698999999999998
2.510558717,21.359
2.596323145,20.375999999999998
2.705477872,21.57
2.954974391,21.989
3.07972265,24.038
2.947177625,25.07
2.674290808,25.389
2.105126875,25.823
1.91020772,25.823
2.488187071,25.25
2.522039956,24.328
2.809789481,23.677
3.520700072,22.948999999999998
4.493970525,22.609
5.848085938,22.502
6.118909022,22.515
5.094859241,23.54
4.654771731,25.326
4.38394865,25.495
3.918471475,24.982
3.884618591,23.752
3.359898869,21.994
3.139855113,19.0
2.902884916,16.157
2.725157268,15.134
2.818252703,14.752
2.936737801,15.151
3.207560884,18.814
3.342972425,22.064
3.199097663,24.267
2.902884916,25.357
2.285069759,26.05
2.073489226,25.512999999999998
2.660942814,25.059
2.651891988,24.187
2.914365939,24.283
3.620330359,23.682
4.643073684,23.526
5.864935181,23.271
6.607102906,23.306
5.656766188,23.31
5.113716631,23.417
4.715480294,23.428
4.109074956,23.107
4.063820828,21.04
3.665584488,16.219
3.249246497,15.079
3.104433283,14.882
2.832908506,14.756
3.013925024,14.757
3.276398975,15.102
3.638432013,15.96
3.647482838,21.969
3.584127056,24.781
3.140636588,25.972
2.425621341,27.117
2.289858952,26.793
2.066540802,25.866
1.983044204,25.278
2.247450098,24.8
2.790177985,24.262999999999998
3.249409275,24.191
4.494900197,23.963
4.787138288,23.87
4.26528455,23.847
3.826927413,23.75
3.792137163,23.251
3.207660975,22.034
3.117206328,15.23
2.692765288,14.749
2.845842384,14.743
2.664933088,14.552
2.553604291,14.005
2.435317443,14.01
2.421401344,14.74
2.58143649,14.75
2.518814042,21.086
2.664933088,24.731
2.393569144,25.8
1.948253955,26.481
2.031750553,26.182
2.069088715,25.5
2.345735674,24.802
2.97395481,24.278
3.723206991,23.453
4.103596559,23.152
3.123805246,23.04
3.775078297,23.096
2.674253938,24.996
2.397606979,26.288
2.414897414,27.25
2.138250454,25.754
2.161304368,23.947
1.971109583,22.048000000000002
1.832786104,18.252
1.861603495,15.75
1.729043494,15.343
1.844313061,15.428
1.988400018,17.27
2.161304368,20.393
2.236229586,23.417
2.466768718,25.904
2.144013933,30.653
1.809732191,38.032
1.688699146,28.554
1.801824693,26.254
1.819318137,25.265
1.86596732,25.33
2.449082108,24.794
3.831064153,24.408
4.320880575,24.229
4.385023203,24.377
3.137157556,25.41
2.944729677,27.209
2.903911642,27.095
2.68815917,25.429000000000002
2.571536213,23.75
2.110875531,22.497
2.023408313,20.91
1.94760339,18.945
1.78433125,17.378
1.860136172,18.555
1.895123059,21.989
2.22166734,23.576
2.408264072,25.255
2.175018157,27.859
2.093382087,34.438
1.621059109,32.766999999999996
1.469449264,27.08
1.647316084,25.697
1.692141012,24.517
1.742569055,24.409
2.325293113,23.748
3.614009778,23.402
4.191130719,23.475
4.213543181,23.75
3.221791663,24.523
3.008873256,25.75
2.969651445,26.269
2.751129923,26.114
2.605448909,24.913
2.129184055,23.35
1.944281229,22.679000000000002
1.86023449,21.188
1.6529192,19.817999999999998
1.731362823,19.844
1.776187751,22.368000000000002
2.078756011,23.259999999999998
2.185215214,25.244
1.977899924,28.213
1.910662533,36.957
1.468016375,36.954
1.32233536,27.637
1.652518052,26.113
1.69748453,25.107
1.748071817,24.465
2.332636026,23.942
3.625422256,23.539
4.204365656,23.459
4.226848894,23.773
3.231965578,24.622
3.018374809,26.913
2.979029142,29.128999999999998
2.759817563,29.145
2.613676511,26.934
2.135907687,25.977
1.950420966,25.563
1.866108821,24.839
1.658138862,24.846
1.736830198,24.839
1.781796675,24.816
2.085320399,24.36
2.192115783,27.734
1.984145824,30.835
1.916696108,35.75
1.472652142,30.066
1.326511089,27.168
1.633480547,25.461
1.677928997,23.965
1.727933504,23.254
2.305763357,23.076999999999998
3.583656303,23.06
4.1559301,22.909
4.178154325,23.051000000000002
3.194732363,23.85
2.983602223,26.505
2.944709829,26.889
2.728023634,26.75
2.583566171,25.786
2.111301387,23.175
1.92795153,22.558
1.844610686,21.494
1.639036603,20.146
1.716821391,20.714
1.761269841,22.056
2.061296881,23.25
2.16686195,25.232
1.961287868,26.601
1.894615192,29.518
1.455686746,26.4
1.311229283,25.945999999999998
1.833060673,24.32
1.870092202,23.357
1.882436045,24.0
2.431737055,23.406
3.814247463,23.08
4.283313494,22.901
4.628941094,23.089
3.666121347,23.522
3.413072566,24.252
3.252602609,24.559
2.956350379,23.714
2.795880421,22.61
2.419393212,18.396
2.07376561,15.273
2.024390238,14.75
1.758997616,14.749
1.937983338,14.749
2.049077924,14.712
2.468768583,15.698
2.493456269,22.86
2.339158233,25.14
2.129312903,27.457
1.623215344,27.747999999999998
1.567668051,26.789
2.044308531,25.244
1.961710207,23.78
2.223271568,23.624
2.760160677,22.641
3.214451463,21.803
4.446543134,21.451999999999998
4.735637272,21.128999999999998
4.219397744,21.206
3.785756538,21.25
3.751340572,20.963
3.1731523,16.98
3.083670781,15.27
2.663795965,14.749
2.815226226,14.748
2.63626319,14.739
2.526132091,14.65
2.409117798,14.689
2.39535141,14.75
2.553664865,17.297
2.491716122,22.724
2.63626319,26.509
2.367818635,28.259999999999998
1.927294238,27.957
2.009892563,26.165
2.236511403,25.012999999999998
2.603699843,23.726
3.117763658,23.158
4.059101294,22.893
4.833535091,22.847
3.6852367,22.753
4.119186675,22.887
3.131115966,24.008
2.897450594,26.793
2.844041366,27.317
2.530262155,26.36
2.483529081,24.569
2.363358318,22.95
2.26989217,21.69
2.169749869,18.577
2.136369102,17.253
2.323301398,19.023
2.390062932,21.526
2.436796006,23.217
2.723870604,25.72
2.937507515,30.282
2.476852927,39.815
2.102988334,35.806
1.902703731,27.27
2.333029592,25.990000000000002
2.310231257,24.803
2.56101294,24.251
3.191766869,23.761
4.126498594,23.834
5.213219219,24.0
5.471600347,24.23
4.346882497,25.435
3.982109141,28.189
3.731327459,30.116999999999997
3.374153547,29.497999999999998
3.313357988,26.855
2.895388517,24.964
2.834592957,23.216
2.583811274,22.644
2.477419046,22.723
2.583811274,22.604
2.697802948,23.187
2.956184076,24.25
3.1461702,25.647
2.986581856,32.066
2.705402393,45.900999999999996
2.165841804,41.129000000000005
2.00625346,28.842
2.149876854,25.797
2.179126879,23.871
2.427752094,24.475
3.042002624,23.823999999999998
3.88294085,23.345
5.052941859,22.922
5.286942059,22.873
4.402128797,23.447
4.021878469,25.07
3.787878266,25.984
3.385690419,25.663
3.356440394,23.28
2.903065004,17.654
2.71293984,14.753
2.508189663,14.74
2.354627031,14.74
2.4350646,14.722
2.537439688,14.75
2.77143989,15.139
2.888439991,21.096
2.764127384,24.985
2.508189663,25.842
1.974376703,25.15
1.791564045,24.167
2.097713209,22.818
2.126253525,20.175
2.368846209,16.915
2.96819284,16.52
3.788726919,16.537
4.93033955,17.752
5.158662075,20.742
4.295317525,23.139
3.924293419,25.537
3.695970894,26.75
3.30354155,25.559
3.275001234,22.531
2.83262634,18.895
2.647114288,15.329
2.447332078,15.07
2.29749542,15.086
2.375981288,18.239
2.475872393,21.85
2.704194919,23.755
2.818356183,25.663
2.69705984,33.93
2.447332078,49.75
1.926471315,36.632
1.748094341,27.243000000000002
2.287654004,25.964
2.318778548,24.88
2.583337174,24.275
3.236952603,23.36
4.131783253,23.276
5.376765022,23.27
5.625761378,23.31
4.684243913,24.486
4.279624838,26.666
4.030628484,27.963
3.602666,27.325
3.571541456,24.79
3.089111019,23.533
2.886801481,23.165
2.668929671,22.575
2.505525814,21.969
2.59111831,21.767
2.700054215,22.503
2.94905057,23.25
3.073548747,23.846
2.941269433,25.645
2.668929671,30.203
2.100906738,29.825
1.906378337,26.46
2.396635584,25.521
2.388483763,24.82
2.624886592,24.871
3.260728684,24.809
4.181884541,24.707
5.282380472,24.534
5.950829853,24.445999999999998
5.094888572,24.551000000000002
4.605779269,25.009999999999998
4.247099113,24.841
3.700927059,24.348
3.66016795,22.661
3.301487794,15.885
2.926503996,14.75
2.796074848,14.748
2.551520197,14.664
2.714556631,14.651
2.950959461,14.749
3.277032328,18.849
3.28518415,23.509999999999998
3.2281214,26.397
2.828682135,30.589
2.18468822,28.704
2.062410894,25.745
2.137216126,24.045
2.050863959,23.006
2.324312488,23.722
2.885601571,23.252
3.360538488,22.826999999999998
4.648624975,23.09
4.950857559,23.042
4.411156516,23.017
3.957807641,22.9
3.921827572,20.298000000000002
3.317362403,14.75
3.223814225,14.741
2.784857377,14.35
2.943169682,12.741
2.756073321,10.748
2.640937099,9.41
2.518604863,9.751
2.504212835,12.629
2.669721154,14.503
2.604957029,15.086
2.756073321,24.341
2.475428779,25.58
2.01488389,24.375
2.101236057,23.352
2.301566812,23.251
2.67943599,23.356
3.208452838,22.716
4.177172003,23.323999999999998
4.974132453,23.22
3.792432478,22.977
4.239005144,23.129
3.222193538,24.31
2.981731332,25.740000000000002
2.926768543,29.564
2.603862154,27.303
2.555769713,24.955
2.432103437,23.333
2.335918555,22.364
2.232863325,21.285
2.198511581,20.834
2.390881345,21.715
2.459584832,22.596
2.507677273,24.722
2.803102266,27.178
3.022953424,34.411
2.548899365,56.116
2.164159838,45.602
1.958049377,29.95
1.983411497,27.143
2.002667919,26.062
2.054018378,26.201999999999998
2.695899122,25.996
4.217156484,25.785
4.756336306,25.73
4.826943188,25.836
3.453318397,26.568
3.241497753,32.989
3.1965661,44.75
2.959070226,34.448
2.830694078,27.509
2.32360829,24.923000000000002
2.227326179,24.675
2.143881682,23.468
1.964155074,23.319
2.047599571,23.301000000000002
2.086112415,23.999
2.445565632,25.085
2.650967469,27.491
2.394215172,34.018
2.304351868,53.39
1.784428466,36.309
1.617539473,28.087
1.982290795,26.329
2.009260738,25.68
2.238505251,25.443
2.80487405,25.479
3.580259903,25.123
4.659057616,25.231
4.874817159,25.205
4.058976391,26.178
3.708367134,28.085
3.492607591,37.089
3.121770877,31.944
3.094800935,27.696
2.676766821,25.483
2.501462193,24.989
2.312672594,23.634999999999998
2.171080394,23.359
2.245247737,23.53
2.339642537,23.83
2.555402079,25.256999999999998
2.66328185,27.528
2.548659593,31.809
2.312672594,42.269
1.820471138,31.657
1.651908996,27.044
1.829675284,24.908
1.879462367,23.512999999999998
1.935472835,23.570999999999998
2.582704908,23.25
4.014083531,22.463
4.655092219,21.817
4.679985763,21.817
3.578446559,22.655
3.341957919,25.868000000000002
3.298394219,27.283
3.055682193,26.786
2.893874174,24.955
2.364886422,22.114
2.159514706,15.573
2.066163927,14.749
1.83589867,14.743
1.923026064,14.678
1.972813147,14.75
2.308875954,15.646
2.427120275,22.332
2.196855018,26.607
2.122174394,28.036
1.630526954,27.275
1.468718936,25.895
1.891276503,23.231
1.942739809,21.139
2.000636029,18.033
2.669659009,18.073
4.149229063,16.844
4.811819131,16.385
4.837550784,17.665
3.698925134,19.934
3.454474428,24.279
3.409444038,25.323
3.158560419,24.951
2.991304673,19.557000000000002
2.444507045,14.935
2.232220907,14.584
2.135727208,14.239
1.897709416,13.884
1.987770202,14.131
2.039233508,14.35
2.386610825,14.749
2.508836178,20.519
2.270818386,25.621
2.193623427,30.286
1.685423278,29.974
1.518167533,26.146
1.724459843,25.035
1.759297415,24.416
1.770909939,23.339
2.287667266,22.025
3.588269975,21.995
4.029545894,21.995
4.354696572,21.729
3.448919684,22.025
3.210862941,22.221
3.059900125,22.161
2.781199544,21.995
2.63023673,20.134999999999998
2.276054742,16.18
1.950904064,14.987
1.904453968,14.75
1.654784698,14.749
1.823166298,14.749
1.927679016,14.749
2.322504838,15.138
2.345729887,22.161
2.200573334,25.56
2.003160423,26.94
1.527046931,26.627
1.474790573,25.867
1.65770562,24.75
1.459391144,23.468
1.606855754,23.319
1.952634841,22.506999999999998
2.298413927,22.811
3.422195956,23.343
3.732380138,24.127
3.157776656,24.732
2.684872906,24.825
2.862847435,25.286
2.125524384,25.598
2.181459236,23.528
1.962804814,20.918
2.186544223,16.508
2.028909639,15.402
1.906869962,14.75
1.708555485,14.749
1.632280687,14.75
1.861105083,16.683
1.830595163,24.57
1.942464868,27.184
1.728895432,30.079
1.347521439,27.351
1.566175862,24.487000000000002
1.868271929,22.451999999999998
2.118068733,16.177
2.685315641,16.75
3.36184865,15.137
3.705319256,14.889
2.820622243,14.751
3.408685553,14.75
2.414702437,14.84
2.164905633,16.777
2.180517933,20.181
1.93072113,18.79
1.95153753,14.84
1.779802227,14.703
1.654903825,14.489
1.680924326,13.95
1.561230024,13.323
1.665312026,13.38
1.795414528,13.86
1.95153753,14.225999999999999
2.019190831,14.697
2.227354834,16.151
1.93592523,20.143
1.634087425,19.487000000000002
1.524801323,15.283
1.849800359,15.041
1.867759586,14.756
1.915650857,14.749
2.51429175,14.741
3.933070666,14.727
4.435929016,14.645
4.501779516,14.617
3.220688003,14.749
3.023136509,14.982
2.981231647,16.371
2.759734516,15.131
2.640006338,14.649
2.167080032,14.239
2.077283898,13.712
1.999460582,12.745000000000001
1.831841132,12.947
1.909664448,13.633
1.945582902,13.751
2.280821802,14.426
2.472386888,14.75
2.23293053,22.014
2.149120805,25.083
1.664221682,26.047
1.50857505,24.047
1.960541099,22.805
1.987215128,21.294
2.213944371,21.83
2.77409897,21.097
3.540977291,19.845
4.607938434,19.603
4.821330663,20.750999999999998
4.014441297,22.131999999999998
3.667678928,24.634999999999998
3.4542867,26.484
3.087518806,26.024
3.060844777,24.264
2.647397335,21.664
2.474016149,18.887999999999998
2.287297949,15.8
2.147259299,15.538
2.220612878,15.809
2.313971978,19.059
2.527364206,22.867
2.63406032,25.75
2.520695699,27.081
2.287297949,29.008000000000003
1.800496928,27.102
1.633784249,24.17
2.208385414,23.36
2.238431474,22.057
2.493822985,20.061999999999998
3.124790246,19.579
3.988614472,18.597
5.190456875,18.546
5.430825356,19.561999999999998
4.521932038,22.165
4.131333259,25.331
3.890964778,26.471
3.477831453,25.878
3.447785391,23.83
2.982071461,21.259999999999998
2.78677207,15.339
2.57644965,14.77
2.418707835,14.75
2.5013345,14.75
2.60649571,14.802
2.846864191,16.281
2.967048431,23.729
2.839352676,26.295
2.57644965,28.173
2.028109054,27.618000000000002
1.840321178,25.75
2.776291792,24.644
2.81406447,23.57
3.135132228,22.159
3.928358453,21.997
5.014322931,22.095
6.525230028,22.12
6.827411447,22.152
5.684787956,23.709
5.19374315,26.642
4.891561728,29.092
4.372187416,26.579
4.334414738,24.268
3.748938238,20.12
3.503415834,16.053
3.239007091,14.849
3.040700534,14.75
3.144575397,14.75
3.276779769,15.947
3.578961188,22.195999999999998
3.730051897,26.694
3.569518019,40.271
3.239007091,55.674
2.549655728,31.509
2.313576493,25.932
3.423761019,23.354
3.468810506,22.643
3.727845056,23.474
4.381062619,22.541
5.349626591,22.249
7.016457616,22.23
7.365591138,22.229
6.892571525,22.771
6.329452938,23.601
5.710022488,23.447
5.158166272,22.279
5.023017809,17.24
4.606310056,15.052
4.268438903,14.722
4.133290441,14.14
4.043191466,13.664
4.088240953,14.24
4.178339928,14.746
4.583785313,17.386
4.44863685,24.134
4.437374478,27.208
3.862993519,28.16
3.040840378,24.658
3.074627494,22.945
3.470732041,22.2
3.572149534,19.58
3.820058966,15.557
4.620130313,15.12
5.341321384,15.096
6.682286038,14.915
7.189373509,14.958
6.794972144,15.073
6.1075869,15.191
5.825871638,15.273
5.262441113,15.051
4.969457238,14.881
4.225728944,14.75
4.315877828,14.741
4.146848672,14.63
3.944013681,14.548
3.955282291,14.619
4.259534775,14.749
4.406026713,15.697
4.259534775,23.268
4.484906988,26.146
3.977819513,26.807
3.380583156,26.634
3.662298419,25.218
3.531956825,24.384999999999998
3.734086884,23.918
4.680906638,23.483
6.202201294,23.107
7.287320559,22.671
5.47878845,22.671
6.159647597,22.785
5.329850509,24.109
4.691545059,26.619
4.531968697,27.75
4.297923366,27.75
4.085154881,25.607
3.787279006,23.932
3.840471125,22.536
3.744725309,22.154
3.787279006,21.867
3.808555853,21.773
4.053239609,22.589
4.319200216,23.229
4.340477063,24.762999999999998
4.372392334,27.558
3.925578519,28.842
3.308549919,27.75
3.08514301,26.174
3.194363438,24.522
3.163148159,23.749
3.506516216,23.61
4.370138906,23.75
5.6499653,23.723
7.137893547,23.743000000000002
7.491666694,23.884
5.951712984,24.561
5.452268538,26.951
5.108900481,31.986
4.619861128,31.03
4.536620388,27.326
3.964340294,24.142
3.881099553,23.301000000000002
3.537731494,22.504
3.392060197,22.174
3.537731494,22.175
3.693807884,23.161
4.047581034,23.326
4.30770835,25.04
4.089201403,28.433
3.704212978,29.708000000000002
2.9654514,26.331
2.746944455,24.15
2.731156175,23.241
2.768314762,23.16
3.084162755,23.017
3.864493091,22.982
4.932802478,22.911
6.419145975,22.545
6.716414675,22.609
5.592367406,23.017
5.109305769,25.726
4.812037069,26.551000000000002
4.301106494,26.795
4.263947906,25.45
3.6879898,23.304000000000002
3.446458981,21.759
3.186348872,17.46
2.991266287,15.816
3.093452402,15.74
3.223507456,16.25
3.520776156,21.36
3.669410506,23.319
3.511486509,26.058
3.186348872,26.343
2.50820465,26.145
2.275963479,23.879
2.531419443,23.3
2.565860524,21.718
2.858609712,22.08
3.581872409,21.719
4.572053484,21.531
5.949696719,21.559
6.225225366,21.919
5.183382669,22.483
4.735648619,25.605
4.460119972,27.176000000000002
3.986555109,27.249
3.952114028,25.238
3.418277275,22.545
3.19441025,21.674
2.953322684,18.568
2.77250701,16.353
2.867219982,16.76
2.987763765,19.116
3.263292413,22.25
3.401056734,23.629
3.254682141,26.454
2.953322684,26.897
2.324772958,27.125
2.109516203,25.333
2.463481097,24.227
2.496997847,22.859
2.781890218,22.598
3.485741959,22.25
4.449348513,22.067
5.790018497,22.068
6.058152494,22.243000000000002
5.044270819,22.95
4.608553072,25.524
4.340419075,26.783
3.879563769,27.106
3.846047019,25.791
3.3265374,23.734
3.108678527,23.286
2.87406128,22.646
2.698098344,22.066
2.790269406,22.255
2.90757803,22.749
3.175712028,24.631
3.309779025,25.73
3.167332841,27.115000000000002
2.87406128,28.052
2.262380599,26.711
2.052900914,25.371
2.853069889,24.44
2.84336557,23.740000000000002
3.124790831,23.249
3.881727741,23.076
4.978315828,23.02
6.288398938,23.001
7.084153125,23.278
6.065199594,23.669
5.482940434,23.807
5.055950381,25.295
4.405760984,25.721
4.357239388,24.442
3.930249338,23.536
3.483850647,22.25
3.328581538,20.727
3.037451957,18.361
3.231538344,19.604
3.512963606,22.572
3.901136378,24.06
3.910840697,25.951
3.842910463,28.085
3.367398816,29.611
2.600757586,27.003
2.455192796,26.19
2.854659163,25.506
2.739319399,24.704
3.104561985,24.506
3.854270453,24.281
4.488639156,24.182
6.209123972,23.897
6.612813144,24.527
5.891939619,24.508
5.286405856,24.841
5.238347622,25.329
4.430969272,24.627
4.306017863,24.254
3.719707394,22.958
3.931163628,18.497
3.681260806,16.461
3.527474453,15.603
3.364076456,16.05
3.344853159,20.883
3.565921041,23.35
3.479416219,25.339
3.681260806,27.852
3.306406572,28.547
2.691261164,27.343
2.806600928,26.101
2.906482507,24.979
3.383666203,24.323999999999998
4.051723375,23.845
5.27504885,23.626
6.281472644,23.538
4.789189088,23.544
5.353133453,23.581
4.069075509,24.587
3.765413159,28.247999999999998
3.696004622,36.96
3.288229463,31.441
3.227496994,26.956
3.071327784,23.771
2.949862843,23.245
2.819721835,22.621
2.776341499,22.458
3.019271381,23.083
3.106032053,23.490000000000002
3.166764522,24.748
3.539835413,28.829
3.817469563,45.015
3.218820925,55.428
2.732961163,31.509999999999998
2.472679148,27.134999999999998
2.751125837,25.58
2.724241872,24.118000000000002
3.019965496,24.86
3.763755219,24.593
4.865997816,24.643
6.147466856,24.249
6.4521518,24.662
5.125876153,25.958
4.6957327,28.936
4.400009075,39.15
3.978826944,35.673
3.907136369,28.935
3.414263663,26.27
3.342573084,24.422
3.046849462,23.541
2.921390954,23.354
3.046849462,23.476
3.181269291,24.43
3.485954238,25.153
3.709987284,29.014
3.521799525,44.204
3.190230613,50.527
2.553976754,29.478
2.365788994,26.354
2.975622829,24.913
3.016107493,24.004
3.360227141,25.009999999999998
4.210405091,23.749
5.374339191,23.291
6.993725766,23.489
7.317603078,23.381
6.092941984,23.176000000000002
5.566641347,24.453
5.242764031,30.845
4.686099897,34.775
4.645615231,28.698
4.018102934,25.072
3.754952619,23.1
3.471559966,21.570999999999998
3.259015478,21.31
3.370348306,21.198999999999998
3.512044631,21.28
3.835921947,20.965
3.997860603,23.299
3.825800781,29.445
3.471559966,55.6
2.732714843,36.552
2.479685691,27.818
4.222947781,25.634
4.522548806,24.207
4.907750122,24.708
5.877886775,24.195
7.290291606,23.396
9.102164472,23.717
9.35896535,23.558
8.617096147,23.292
7.946560519,24.165
7.176157884,32.14
6.59122255,33.638999999999996
6.063354075,27.078
5.735219622,24.945
5.364285019,23.925
5.250151294,21.775
5.121750856,20.545
5.121750856,20.92
5.235884578,20.962
5.635352613,21.944
5.564019034,21.996
5.492685456,26.582
4.807883116,36.689
3.809213031,28.359
3.837746463,24.597
5.069825331,25.275
5.359965938,25.261
6.719045619,24.456
8.902735447,23.456
10.46033239,23.026
7.864337488,20.955
8.841653213,21.907
7.650549672,21.629
6.734316178,23.618000000000002
6.505257806,24.381
6.169305525,27.053
5.863894359,25.603
5.436318728,23.75
5.512671519,19.441
5.375236497,17.997
5.436318728,16.581
5.466859847,15.803
5.818082684,18.027
6.199846641,18.705
6.230387756,19.739
6.276199431,26.082
5.634835988,27.172
4.749143609,25.428
4.428461888,21.998
5.768952044,18.527
5.844859306,17.208
6.281326072,15.043
7.381981397,14.75
9.013987566,14.749
11.82255632,14.743
12.41083762,14.657
11.61381135,14.598
10.66497055,14.535
9.621245675,14.725
8.691381694,14.68
8.463659903,14.74
7.761517716,14.749
7.192213238,14.749
6.964491447,14.731
6.812676919,14.726
6.888584181,14.737
7.040398709,14.568
7.723564084,14.725
7.495842291,14.642
7.476865475,14.747
6.509047863,14.994
5.1237403,14.88
5.18067075,14.76
6.335423919,14.744
6.520549944,14.749
6.973080225,14.743
8.433518856,14.641
9.749970578,14.33
12.197748,14.33
13.12337812,14.268
12.40344358,14.251
11.14870053,14.339
10.63446158,14.548
9.605983672,14.74
9.071175159,14.749
7.713584319,14.602
7.878140784,14.548
7.569597413,14.346
7.199345363,14.412
7.219914922,14.44
7.775292994,14.51
8.04269725,14.591
7.775292994,14.434
8.186684156,15.287
7.261054038,16.875
6.170867456,18.15
6.685106409,15.534
10.76538634,15.325
9.825551028,15.238
11.36346337,17.848
13.75577144,16.135
16.83159611,15.45
14.29688874,15.803
14.15448945,15.852
13.243134,15.531
12.81593613,16.589
11.96154038,23.747
11.6767418,27.408
11.05018493,28.323
10.50906762,26.219
10.87930578,24.605
10.45210791,23.006999999999998
11.22106408,23.156
11.81914109,23.028
11.90458067,23.697
11.93306053,23.395
12.47417783,24.141
11.93306053,25.686
11.22106408,31.64
9.569232306,30.443
9.142034438,27.55
11.30040856,28.276
11.70268848,25.983
12.83638642,25.301000000000002
14.7380733,24.75
17.00546919,23.873
19.6385741,23.616
20.80884294,23.442
20.29685033,23.444
18.98029787,25.427
17.81002902,29.553
16.34719296,45.541000000000004
15.83520034,44.111000000000004
14.99406961,34.488
14.7380733,30.115000000000002
14.59178969,27.051000000000002
15.03064051,25.973
15.10378231,25.058
15.46949133,24.87
15.39634953,25.141
15.25006592,26.254
14.26265158,29.479
12.3243938,40.089
10.78841594,32.596000000000004
10.38613602,29.472
10.47994378,26.384999999999998
10.89499105,25.532
11.93260925,24.924
13.73114745,23.935
16.01390748,23.671
18.78088934,23.447
19.88768208,23.316
20.09520572,23.448
18.36584206,24.049
17.05152568,27.797
15.91014566,35.112
15.14922565,32.17
14.59582928,29.024
14.38830564,27.051000000000002
14.14619473,24.238
14.11160746,23.829
14.35371837,23.294
14.04243291,23.66
14.07702018,24.065
13.97325837,25.033
13.10857653,28.304
11.10251469,38.343
9.891960128,31.798
9.822785584,27.637999999999998
10.70402983,26.211
11.12795181,25.356
12.18775674,25.672
14.02475196,23.92
16.35632281,24.355
19.1824693,24.086
20.3129279,23.444
20.52488889,23.491
18.75854733,24.985
17.41612775,27.285
16.25034232,31.975
15.47315203,31.396
14.90792274,27.905
14.69596175,25.402
14.44867393,24.783
14.4133471,23.651
14.66063492,22.527
14.34269344,22.711
14.37802027,23.501
14.27203978,23.503
13.388869,26.298000000000002
11.33991279,27.320999999999998
10.1034737,26.722
10.03282004,25.465
11.40391584,26.072
11.85555607,24.648
12.98465665,24.322
14.94176432,23.834
17.42578559,23.069
20.43672047,22.727
21.64109442,22.627
21.86691453,22.432
19.98508023,23.103
18.55488617,24.962
17.31287553,29.915
16.48486844,29.133000000000003
15.88268147,27.05
15.65686135,24.376
15.39340455,23.538
15.35576786,22.357
15.61922467,20.745
15.28049449,22.398
15.31813118,22.456
15.20522112,24.524
14.26430397,25.468
12.08137619,27.231
10.76409218,27.939
10.68881881,26.303
11.45302674,25.203
11.83865054,24.208
12.72558527,25.028
14.49945473,23.875
16.89032227,23.503
20.97793451,23.376
22.44330493,23.036
22.71324159,22.971
20.82368499,23.537
19.35831457,24.421
18.04719366,25.146
17.08313417,25.561
16.38901133,24.486
16.15763706,23.479
15.84913802,21.094
15.65632612,19.917
15.84913802,18.926000000000002
15.92626278,20.205
15.8877004,21.034
15.65632612,23.139
14.80795377,25.831
12.60989813,27.809
11.22165247,29.314
10.79746629,27.33
11.28243269,27.0
11.28243269,25.22
12.75726049,25.623
14.82201942,24.86
17.51358016,24.516
20.97942549,23.773
21.643098,22.69
21.09003758,23.075
19.46772699,23.306
18.02976989,24.514
17.25548529,25.036
16.25997653,24.685
14.04773482,23.424
13.75276926,22.295
14.01086413,21.644
14.37957108,20.334
14.82201942,20.11
15.37507984,21.771
14.78514872,22.026
15.04324359,23.439
14.45331247,24.425
13.27345023,26.213
11.245562,26.689
11.09807922,26.547
13.33823174,26.642
12.17378294,25.034
14.07924462,25.155
17.04329612,23.881
20.85421947,24.117
17.71373633,23.717
17.5373047,24.05
16.40814222,23.656
15.87884731,23.221
14.82025749,29.186
14.46739422,40.411
13.69109502,34.986000000000004
13.0206548,28.897
13.47937705,27.459
12.95008214,25.106
13.90281298,24.255
14.64382586,23.025
14.74968484,23.58
14.78497117,23.97
15.45541138,25.428
14.78497117,34.272
13.90281298,54.442
11.85620599,42.093
11.32691108,32.37
10.89878804,28.249000000000002
11.28677079,27.059
12.38017671,26.243000000000002
14.21427696,25.48
16.4010888,25.235
18.94061223,24.837
20.06928931,24.538
19.57549308,24.477
18.30573137,24.009
17.17705429,27.844
15.76620794,37.858000000000004
15.27241172,36.321
14.46117507,32.831
14.21427696,28.253
14.07319233,26.04
14.49644623,25.234
14.56698855,23.368000000000002
14.91970013,24.937
14.84915782,23.854
14.70807318,26.144
13.7557519,42.231
11.88638048,64.144
10.40499182,47.97
10.01700907,36.17
10.35874211,29.44
10.76898932,27.145
11.79460735,26.776
13.57234527,26.466
15.82870494,25.765
18.56368635,25.348
19.65767892,24.956
19.86280253,25.634999999999998
18.15343914,26.462
16.85432297,35.925
15.72614313,50.211
14.97402325,39.961
14.42702696,33.194
14.22190336,29.327
13.98259248,27.541
13.94840522,26.551000000000002
14.18771609,25.501
13.88003068,25.12
13.91421795,24.901
13.81165614,25.252
12.95697445,30.426
10.97411293,44.107
9.777558559,36.101
9.709184022,30.078
6.675989769,26.222
7.149624178,24.289
7.758582706,23.772
9.292256031,23.817
11.52510396,23.791
14.38946443,23.751
14.79543678,23.363
13.62262777,22.774
12.56258886,22.669
11.3446718,24.938
10.419957,29.589
9.585458284,29.5
9.066715834,26.55
8.480311328,24.988
8.299879172,23.651
8.096892997,23.178
8.096892997,22.445999999999998
8.277325153,21.96
8.9088377,21.562
8.7960676,22.59
8.683297503,25.71
7.600704569,28.473
6.021923203,29.253999999999998
6.067031244,27.203
5.480449097,24.4
5.869264744,24.837
6.369170572,23.89
7.628192663,23.457
9.461180706,23.89
11.81258961,23.721
12.14586016,23.477
11.18307857,23.749
10.31287212,23.326999999999998
9.313060459,26.707
8.5539442,30.631999999999998
7.868888063,30.852
7.443042356,27.659
6.961651556,26.25
6.813531309,24.133
6.646896034,23.59
6.646896034,23.023
6.795016281,23.14
7.313437141,23.155
7.220861988,23.575
7.128286834,27.39
6.239565359,27.536
4.943513206,27.893
4.980543269,26.22
4.831777416,25.562
4.895353434,25.295
5.260915541,24.111
6.182767813,24.384999999999998
7.549652213,24.47
9.901964903,23.401
10.39467905,23.291
9.72713085,22.986
8.932430619,22.772
8.058260363,24.069
7.279454134,26.869
7.088726078,27.249
6.500647906,26.241
6.023827766,23.549
5.833099709,22.594
5.705947672,21.617
5.769523691,21.191
5.896675728,21.872
6.468859897,21.44
6.278131841,23.478
6.262237834,27.368000000000002
5.451643597,28.589
4.291381256,28.05
4.339063272,24.666
4.870994128,25.166
5.013328372,25.337
5.361256522,25.072
6.484115559,24.315
7.496270181,23.393
9.378245188,23.057
10.08991641,23.109
9.536394347,22.987000000000002
8.571684469,23.0
8.176311572,23.305
7.385565772,24.623
6.974377953,24.436
5.9305935,22.901
6.057112828,22.155
5.819889088,20.186
5.5352206,17.158
5.551035516,15.918
5.978038247,18.756
6.183632156,20.656
5.978038247,23.357
6.294336566,26.855
5.582665347,24.957
4.7444748,23.458
5.1398477,23.431
9.432255675,24.25
8.608804784,21.893
9.956269881,23.045
12.0523267,21.78
14.74725689,21.381
12.52643479,20.936999999999998
12.4016695,20.336
11.60317167,20.469
11.22887581,20.264
10.48028408,22.746
10.23075351,29.803
9.68178625,26.547
9.207678159,23.39
9.532067906,22.469
9.157772047,21.012999999999998
9.831504594,20.768
10.3555188,21.320999999999998
10.43037797,22.227
10.45533103,23.413
10.92943912,25.645
10.45533103,27.753999999999998
9.831504594,27.45
8.384227269,25.259
8.009931406,23.378
11.07950078,23.387
11.47391666,20.085
12.58545233,22.84
14.44996379,20.303
16.67303515,19.4
19.25466639,17.968
20.40205806,16.777
19.90007421,17.355
18.60925858,18.736
17.46186692,21.778
16.02762733,23.657
15.52564348,24.853
14.70095572,23.95
14.44996379,23.25
14.30653983,20.515
14.73681171,19.172
14.80852369,16.399
15.16708358,17.089
15.09537161,18.294
14.95194765,19.947
13.98383593,23.461
12.08346848,26.98
10.57751692,26.187
10.18310103,23.623
12.10990906,24.029
12.58950942,23.128
13.78851032,23.959
15.86677854,23.637
18.50458051,23.113
21.70191623,23.678
22.98085053,23.281
23.22065071,22.874
21.22231588,23.915
19.70358141,24.451
18.38468042,24.169
17.5054131,29.55
16.86594595,27.804
16.62614577,24.59
16.3463789,24.193
16.3064122,24.023
16.58617908,22.828
16.22647881,23.09
16.2664455,22.766
16.14654541,28.021
15.147378,36.938
12.8293096,47.782
11.43047522,40.67
11.35054183,32.347
12.71261808,28.883000000000003
13.2160881,26.2
14.47476316,25.767
16.65646659,25.36
19.42555172,25.458
22.78201854,24.068
24.12460527,22.277
24.37634028,21.481
22.27854852,21.204
20.68422678,22.647
19.29968422,24.759999999999998
18.37665584,23.948
17.70536248,24.284
17.45362746,22.058
17.15993662,21.555
17.11798078,21.343
17.41167163,20.628
17.03406911,21.206
17.07602495,21.829
16.95015744,22.665
15.90126156,25.444
13.46782312,27.666999999999998
11.99936888,24.45
11.91545721,23.981
12.70587873,24.548000000000002
13.20908185,21.584
14.46708965,16.346
16.64763649,16.148
19.41525364,15.753
22.7699411,15.13
24.11181608,15.002
24.36341764,15.163
22.26673798,15.481
20.67326144,19.810000000000002
19.28945286,23.32
18.36691381,23.587
17.69597632,22.33
17.44437476,20.358
17.15083961,15.252
17.10890602,14.75
17.40244117,14.748
17.02503883,14.749
17.06697242,15.253
16.94117164,19.732
15.89283182,21.601
13.46068341,23.265
11.99300765,21.751
11.90914046,20.802
11.57356973,18.391
11.96325222,17.069
12.85952193,15.076
14.65206134,14.984
17.06809274,14.978
21.19872705,14.75
22.67952049,14.749
22.95229823,14.75
21.04285406,14.749
19.56206063,14.91
18.23714018,15.137
17.26293398,15.596
16.56150551,15.529
16.32769602,15.295
16.01595003,15.253
15.82110879,15.259
16.01595003,14.912
16.09388653,14.889
16.05491828,15.138
15.82110879,15.759
14.96380733,19.625
12.74261718,21.369
11.33976024,20.559
10.91110951,18.003
10.22607907,16.933
10.22607907,16.07
11.56282143,15.467
13.43426073,15.094
15.87381554,14.873
19.01516009,14.77
19.61669415,14.762
19.11541577,14.75
17.64499917,14.782
16.34167537,14.751
15.63988563,14.746
14.73758453,14.743
12.73247099,14.741
12.46512252,14.742
12.69905243,14.744
13.03323803,14.718
13.43426073,14.648
13.93553912,14.746
13.40084217,15.133
13.63477209,19.532
13.10007514,18.89
12.03068125,19.099
10.19266051,15.138
10.05898627,16.156
13.04413961,15.006
11.90536552,15.032
13.76881404,15.033
16.66751173,15.031
20.39440876,14.75
17.32316954,14.74
17.15062801,15.132
16.04636222,16.3
15.52873763,22.16
14.49348846,24.948
14.1484054,25.685
13.38922267,25.25
12.73356486,24.671
13.18217284,23.555
12.66454825,23.005
13.59627251,22.284
14.32094693,22.142
14.42447185,23.48
14.45898015,24.802
15.11463797,26.177
14.45898015,28.427
13.59627251,25.248
11.59479077,23.64
11.07716618,23.143
9.968094419,22.75
10.32294568,20.244
11.32298104,18.744
13.00045971,16.929
15.00053044,16.069
17.32319322,15.252
18.35548778,16.04
17.90385891,17.113
16.74252752,23.343
15.71023295,24.709
14.41986474,24.598
13.96823587,24.041
13.22627415,22.611
13.00045971,22.084
12.87142289,21.267
13.25853336,20.43
13.32305177,19.356
13.64564382,21.562
13.58112541,22.889
13.45208859,25.406
12.58109004,26.029
10.87135217,24.78
9.516465547,23.717
9.161614288,23.486
8.534932647,22.551000000000002
8.872949781,21.333
9.717992619,20.546
11.18273353,20.070999999999998
13.04182777,20.485
15.29527534,19.614
16.19665436,19.917
16.36566293,21.185
14.9572582,25.231
13.88687061,26.784
12.95732349,25.559
12.33762541,22.963
11.8869359,21.844
11.71792733,21.22
11.52075067,21.756999999999998
11.49258258,20.753
11.68975923,24.231
11.43624638,26.305
11.46441448,27.633000000000003
11.37991019,27.018
10.67570783,27.574
9.041958347,25.559
8.056075041,24.945999999999998
7.99973885,25.293
9.660636688,24.214
10.04323616,23.75
10.99973484,22.628
12.65766589,21.495
14.76196299,21.457
17.31262614,21.056
18.3328914,20.067
18.52419114,20.810000000000002
16.93002667,21.789
15.71846168,24.634
14.66631313,23.532
13.96488076,22.506999999999998
13.45474813,16.11
13.26344839,14.75
13.04026537,14.746
13.00838208,14.76
13.2315651,16.768
12.9446155,19.125999999999998
12.97649878,25.308
12.88084892,26.379
12.08376668,26.877
10.2345359,26.581
9.118620769,25.554000000000002
9.054854191,25.441
8.201676834,25.253
8.526495719,25.031
9.338542928,23.499
10.74609143,22.843
12.53259529,21.855
14.69805452,21.976
15.56423822,23.065
15.72664766,24.873
14.37323564,27.18
13.3446425,28.349
12.45139057,25.570999999999998
11.85588928,22.695
11.42279744,22.258
11.26038799,21.897
11.07091031,22.27
11.04384207,22.698999999999998
11.23331976,25.475
10.98970559,28.14
11.01677383,28.199
10.93556911,27.451
10.2588631,24.475
8.688905159,24.691
7.741516747,24.531
7.687380266,24.241
6.937040816,24.466
7.028317669,21.1
7.553159572,19.982
8.876673941,17.681
10.83912628,19.775
14.21636983,16.867
14.92376544,16.311
13.96535848,16.246
12.82439783,16.864
11.5693411,19.308
10.45119965,19.323999999999998
10.17736909,17.122
9.333058203,16.25
8.648481806,16.235
8.37465125,16.775
8.192097544,19.097
8.283374397,19.469
8.4659281,20.73
9.287419778,23.444
9.013589219,23.471
8.990770006,23.279
7.826990131,23.761
6.161187566,23.444
6.229645206,23.454
6.741666256,23.323
6.938662997,20.560000000000002
7.420210588,20.984
8.974295991,20.832
10.37516171,20.948
12.9798964,21.014
13.9648801,21.359
13.19878167,20.878
11.86358153,22.467
11.31636836,22.898
10.22194202,23.911
9.652840322,22.91
8.208197553,22.289
8.383305766,22.144
8.054977866,22.39
7.660984381,23.033
7.682872909,24.348
8.273863134,24.942
8.558413981,26.55
8.273863134,28.502000000000002
8.711633669,27.47
7.726649963,25.847
6.566558041,24.756
7.113771213,24.504
11.73202441,24.658
10.70780006,23.302
12.38380355,23.323
14.99092008,23.262
18.34292706,22.193
15.58062501,22.041
15.42543951,22.025
14.43225225,21.992
13.96669573,26.117
13.03558268,28.675
12.72521167,25.139
12.04239543,24.254
11.4526905,22.085
11.85617282,21.745
11.39061629,21.373
12.22861804,21.163
12.88039717,21.557
12.97350848,23.256
13.00454558,24.371
13.59425051,23.987000000000002
13.00454558,23.820999999999998
12.22861804,23.754
10.42846614,21.125999999999998
9.962909619,21.391
13.03897537,19.814999999999998
13.50314602,18.26
14.81126328,15.65
17.00552451,15.264
19.62175905,15.261
22.65996691,15.269
24.01028151,16.627
23.41951887,18.142
21.90041494,25.438
20.55010034,27.828
18.86220709,24.55
18.27144445,22.052
17.30090583,20.529
17.00552451,19.463
16.83673519,19.249000000000002
17.34310316,20.039
17.42749783,23.169
17.84947114,23.973
17.76507648,27.95
17.59628715,30.056
16.45695921,27.98
14.22050065,25.351
12.44821273,25.326
11.98404209,23.856
13.84580835,22.815
14.3941572,22.79
15.76502931,22.375
18.14120764,21.796
21.15712629,22.081
24.81278526,22.08
26.27504885,21.893
26.54922327,22.981
24.26443642,25.63
22.52799841,28.779
21.02003908,23.698
20.01473286,21.765
19.28360107,20.881
19.00942665,19.839
18.68955649,20.829
18.64386075,22.078
18.96373091,22.852
18.55246928,27.057
18.59816501,29.563
18.4610778,29.572
17.31868437,27.598
14.66833162,25.843
13.06898082,25.589
12.97758934,24.998
15.27812772,23.881999999999998
15.7118916,24.428
16.82039929,24.088
18.36267086,24.052
22.17015379,23.917
25.44748088,23.911
26.65238054,23.361
26.0740287,24.137999999999998
24.91732502,27.522
23.61603339,29.247
22.21834978,25.823
21.20623406,24.23
20.62788223,23.44
20.29051032,22.863
20.43509828,22.83
20.62788223,22.601
20.38690229,24.881
19.90494243,27.06
19.47117855,31.296
19.23019862,29.659
17.97710297,28.565
15.76008759,27.052
14.36240398,25.714
14.45879595,24.759999999999998
16.22328132,24.739
16.68387921,23.84
17.86096271,23.803
19.49864411,23.809
23.54167005,23.740000000000002
27.02174301,23.457
28.3011816,23.256
27.68705108,23.697
26.45879003,26.786
25.07699636,30.499000000000002
23.59284759,27.38
22.51811918,25.035
21.90398865,24.004
21.54574585,23.579
21.69927848,23.573
21.90398865,22.832
21.64810093,23.937
21.1363255,27.683
20.67572761,31.956
20.41983989,30.209
19.08922376,29.195
16.73505675,28.096
15.25090799,26.477
15.35326308,25.481
17.66009823,24.823
18.2827299,24.982
19.07517021,24.791
20.77325658,24.347
25.24488401,24.226
30.28254024,24.131
31.81081797,24.131999999999998
30.96177478,23.511
29.49009993,24.747
28.07502796,25.857
26.43354447,25.887
25.01847249,25.831
24.22603219,24.755
23.77320916,24.744
23.88641492,24.065
24.11282643,23.383
23.88641492,24.318
23.54679764,26.001
23.20718037,27.14
22.64115158,28.522
21.33928536,28.365000000000002
18.79215581,28.02
16.81105505,27.009999999999998
16.75445217,25.98
19.74907432,25.191
20.69854904,24.683
22.02781366,24.789
24.05335974,24.258
29.37041821,23.902
35.25716153,23.799
35.00396825,23.933
33.99119522,23.768
31.8390525,23.747
30.50978788,24.125
29.56031316,24.851
27.2182755,24.698999999999998
25.57251931,24.719
25.1294311,24.629
25.31932604,24.688
26.14220414,24.143
26.77518729,23.747
26.64859066,25.016
25.82571257,26.042
25.06613278,27.306
25.00283447,26.959
22.09111198,26.266
20.00226758,25.034
20.25546084,25.033
23.44368862,24.261
23.37632169,23.988
25.39732933,23.621
27.68780466,23.815
35.16553294,23.567
32.87505759,23.282
33.14452528,23.357
32.47085606,23.576999999999998
30.78668304,27.262999999999998
29.64144538,32.39
29.77617922,32.345
28.15937311,29.32
27.68780466,27.006999999999998
27.14886929,25.693
27.8225385,25.541
28.02463927,24.988
29.10251001,25.035
28.63094156,27.261
28.29410695,29.394
27.88990542,30.187
27.41833697,28.058
24.79102704,23.72
22.50055172,24.15
22.4331848,23.968
23.46625952,24.041
23.98281241,23.715
25.45867778,23.636
27.00833643,22.515
33.28076428,22.054000000000002
38.29870659,22.101
40.29112484,21.822
39.70077869,22.211
38.29870659,24.453
36.01111525,26.714
34.16628353,26.326
33.0593845,25.389
32.100072,24.058
31.06696623,23.291
30.62420661,23.156
30.55041334,23.493000000000002
31.43593256,24.525
31.28834603,27.609
30.77179315,29.512999999999998
29.00075469,28.485
27.59868258,26.019
25.23729798,25.437
22.87591337,25.444
22.43315376,26.387999999999998
23.84906938,23.728
24.37570498,23.604
25.95561178,22.387999999999998
27.1593503,21.29
33.85514581,21.301000000000002
39.27196913,20.839
41.15281056,21.149
41.75467981,20.689
38.9710345,25.344
36.71402478,28.189
35.35981894,25.451999999999998
33.77991216,23.609
32.50093997,21.972
32.04953803,20.0
32.12477169,20.05
31.59813609,20.898
31.97430438,21.335
31.2219678,24.75
30.92103317,26.471
29.56682734,26.349
27.38505128,24.685
24.82710693,23.3
23.02149915,25.403
22.87103183,24.963
24.37563151,22.107
24.91389467,19.207
26.52868413,17.287
27.75899992,16.17
34.60263147,15.607
40.13905253,15.314
42.06142094,15.668
42.67657881,18.127
39.83147356,20.368000000000002
37.52463147,23.279
36.14052622,20.628999999999998
34.52573675,20.601
33.21852622,19.475
32.75715781,18.955
32.83405253,19.791
32.29578938,19.599
32.68026306,21.444
31.91131569,22.285
31.60373675,26.245
30.21963149,27.317
27.98968413,27.982
25.37526309,27.049
23.52978941,27.881999999999998
23.37599993,27.482
24.53066822,26.459
25.0723549,24.546
26.69741494,24.445999999999998
27.93555592,24.615000000000002
34.82271513,23.829
40.39434956,23.633
42.32894484,24.319
42.94801534,24.514
40.08481431,27.85
37.76329997,30.118000000000002
36.37039138,28.224
34.74533131,27.03
33.42980653,25.787
32.96550366,24.96
33.04288747,24.969
32.50120078,25.119
32.88811984,26.021
32.11428175,26.454
31.8047465,28.305
30.41183788,26.867
28.16770735,27.246
25.53665777,24.875
23.67944629,25.02
23.52467867,25.07
23.11919676,24.618000000000002
23.86982003,23.317
25.07081727,23.14
26.19675217,22.874
32.65211231,22.35
39.48278406,22.466
41.13415528,21.371
41.80971622,20.265
39.25759709,22.451999999999998
37.08078959,22.187
35.65460541,23.284
34.07829653,23.435
32.65211231,23.381999999999998
32.351863,22.823999999999998
32.27680069,23.349
31.82642672,23.741
31.75136438,24.332
31.67630206,25.387
31.00074111,26.176000000000002
29.49949457,27.254
27.39774941,26.54
24.99575494,25.848
23.11919676,25.312
22.6688228,25.616
17.99678255,25.289
18.86201248,24.421
20.07333438,24.528
21.91915823,24.076999999999998
26.76444584,24.431
32.12887141,23.831
31.89814344,24.549
30.9752315,22.915
29.01404366,23.458
27.80272176,24.66
26.93749183,24.981
24.803258,24.78
23.30352612,24.962
22.89975215,25.308
23.07279814,25.070999999999998
23.82266408,24.828
24.39948403,25.488
24.28412004,26.381999999999998
23.5342541,27.133
22.84207016,27.7
22.78438816,26.77
20.13101638,25.945999999999998
18.22751053,24.188
18.45823851,24.749
15.07690748,24.752
13.76066952,23.755
15.91451345,23.386
19.26493733,22.563
23.57262518,21.985
20.02277131,21.889
19.82334131,21.921
18.54698936,23.337
17.94869938,25.755
16.75211942,27.054000000000002
16.35325943,26.994
15.47576746,27.239
14.71793349,23.884999999999998
15.23645147,22.928
14.63816149,22.072
15.71508346,23.254
16.55268943,23.165
16.67234742,24.929000000000002
16.71223342,26.18
17.47006739,26.72
16.71223342,26.209
15.71508346,25.548000000000002
13.40169553,24.892
12.80340556,24.11
11.90202749,23.795
12.32572426,23.657
13.5197788,23.416
15.52270899,22.879
17.91081807,22.570999999999998
20.68410603,22.438
21.91667845,22.428
21.37742802,23.465
19.99078404,24.987000000000002
18.75821161,27.959
17.21749608,28.133000000000003
16.67824564,24.905
15.79233421,23.463
15.52270899,23.661
15.36863744,23.796
15.8308521,23.661
15.90788788,25.387999999999998
16.29306676,26.957
16.21603098,29.425
16.06195943,29.881
15.02197644,28.214
12.98052836,27.009
11.36277705,24.788
10.93908028,24.979
11.89527634,24.485
12.36637639,23.896
13.54412652,23.435
15.58556008,23.326999999999998
18.17661038,22.957
21.31727739,22.866
22.5735442,23.473
22.80909423,23.61
20.84617734,27.08
19.35436051,30.434
18.05883536,27.708000000000002
17.19515193,25.848
16.56701853,24.232
16.3314685,23.657
16.05666014,23.545
16.0174018,23.653
16.29221016,25.089
15.93888513,25.572
15.97814346,26.851
15.86036845,26.448999999999998
14.87891001,26.726
12.60192642,26.7
11.22788459,25.107
11.14936792,24.753
14.28561632,24.325
14.8513833,24.089
16.26580076,23.698999999999998
18.71745769,23.561
21.82917609,23.38
25.60095598,23.349
27.10966793,23.534
27.39255143,23.858
25.035189,28.522
23.24359355,30.143
21.68773435,32.203
20.65049488,31.002000000000002
19.8961389,28.288999999999998
19.61325541,27.539
19.28322467,26.829
19.23607742,27.247
19.56610816,27.968
19.14178293,29.95
19.18893017,32.407
19.04748843,31.811
17.86880721,31.419999999999998
15.13426679,29.355
13.48411309,28.35
13.3898186,26.353
14.69997222,25.317
15.28214934,25.152
16.73759213,25.021
19.26035964,24.149
22.46233379,23.75
26.34351458,23.62
27.89598689,23.826999999999998
28.18707545,25.599
25.76133746,29.682
23.91777658,37.712
22.31678951,36.75
21.24946479,32.682
20.47322864,29.993000000000002
20.18214008,28.03
19.84253676,27.348
19.794022,26.83
20.13362532,29.631999999999998
19.69699248,34.433
19.74550724,40.567
19.59996296,37.754
18.38709397,33.185
15.5732379,32.17
13.8752213,28.11
13.77819178,26.318
10.93840393,25.62
11.30670036,26.999
12.15378214,24.645
13.84794571,23.787
16.13138357,23.414
20.03532571,22.969
21.43485214,23.255
21.69265964,23.3
19.88800714,24.567
18.48848071,26.85
17.23627285,26.274
16.31553178,23.466
15.65259821,22.727
15.43162035,22.445999999999998
15.13698321,22.15
14.952835,22.437
15.13698321,23.14
15.2106425,24.795
15.17381285,25.974
14.952835,26.644
14.14258286,24.948999999999998
12.04329321,23.625
10.71742607,24.183
10.3123,24.198
8.328896759,23.549
8.328896759,24.256
9.417641434,22.872
10.94188398,22.234
12.92884301,21.268
15.48739299,21.024
15.9773281,21.139
15.56904884,20.79
14.3714297,21.176000000000002
13.30990364,21.906
12.73831269,21.68
12.00341003,21.637999999999998
10.37029302,21.181
10.15254409,21.426000000000002
10.34307441,21.687
10.61526058,21.398
10.94188398,21.88
11.35016323,22.989
10.91466536,22.64
11.10519568,22.985
10.66969781,23.487000000000002
9.798702069,22.967
8.301678141,22.67
8.192803675,22.496
7.318712922,22.001
7.737554925,22.762
9.699499053,21.765
12.85183624,21.65
15.10035648,21.875
11.35282276,21.823999999999998
12.76365898,21.820999999999998
11.04420233,22.358
9.721543369,24.236
9.390878628,26.249
8.905903675,25.75
8.465017356,26.347
7.847776506,26.892
7.957998088,27.038
7.759599241,27.931
7.847776506,31.859
7.891865138,31.963
8.398884406,32.406
8.949992306,37.955
8.994080941,41.760000000000005
9.060213888,36.071
8.134352616,31.076
6.855782284,30.283
6.392851647,28.237000000000002
10.27642721,26.259999999999998
10.64225472,24.925
11.67322314,24.958
13.40258953,24.619
15.46452639,24.652
17.8590337,24.519
18.92325917,24.67
18.45766053,23.67
17.26040687,30.519
16.1961814,43.667
14.86589956,44.354
14.40030092,46.88
13.63538886,43.129000000000005
13.40258953,48.051
13.26956135,48.88
13.6686459,41.759
13.73515999,45.798
14.06773046,41.37
14.00121636,49.62
13.86818818,48.051
12.97024794,50.456
11.2076245,37.117
9.810828569,31.55
9.445001063,27.791
17.16101452,26.461
17.64823575,24.957
18.89335668,23.982
20.62569884,23.7
24.90241854,23.643
28.58364563,23.478
29.93703794,23.459
29.28740963,24.839
27.98815302,29.416
26.52648932,36.054
24.95655424,38.801
23.81970469,38.79
23.17007638,32.459
22.79112654,31.405
22.95353362,31.715
23.17007638,30.927
22.89939792,31.694
22.358041,36.245
21.87081977,43.9
21.6001413,41.546
20.1926133,36.676
17.70237144,32.251
16.13243636,28.85
16.24070775,26.644
19.62482823,24.729
20.182,24.157
21.60588344,23.641
23.58693865,23.123
28.47766872,22.835
32.68741106,22.419
34.23511044,23.069
33.49221472,23.448
32.00642331,26.389
30.33490798,27.951
28.53957669,26.4
27.23950921,25.059
26.4966135,24.032
26.06325767,23.788
26.2489816,23.395
26.4966135,23.381999999999998
26.18707363,23.411
25.56799387,24.16
25.01082209,23.297
24.70128221,25.107
23.09167485,24.604
20.24390798,23.892
18.44857669,23.612000000000002
18.57239264,23.793
21.16533296,23.240000000000002
21.76624147,21.789
23.30189654,21.266
25.43846013,20.244
30.71310146,19.438000000000002
35.25329906,19.96
36.92248938,19.9
36.12127803,21.122999999999998
34.51885534,22.573
32.71612981,25.039
30.77986908,26.18
29.37774923,24.974
28.57653788,25.2
28.1091646,24.223
28.30946743,24.506
28.57653788,23.985
28.24269982,24.213
27.5750237,25.363
26.9741152,24.182
26.64027714,24.854
24.90431923,24.982
21.83300908,25.03
19.89674834,23.884
20.03028356,23.911
23.17781386,23.333
23.93034028,24.272
25.13438256,23.098
26.2631722,23.178
32.73489944,23.157
39.58288991,23.052
41.23844803,23.775
41.91572181,22.86
39.35713197,22.662
37.17480534,24.02
35.74500513,24.737000000000002
34.16469966,25.749
32.73489944,24.83
32.43388888,23.853
32.35863622,24.066
31.90712038,23.36
31.83186775,24.481
31.75661509,23.927
31.07934131,25.493000000000002
29.57428846,25.491
27.46721448,23.967
25.05912992,23.738
23.17781386,23.311
22.726298,23.445
23.82736353,23.06
23.82736353,23.215
24.99680468,22.163
26.75096642,21.684
33.47525306,21.606
39.24936875,21.305
40.19953969,21.954
38.07992759,21.881999999999998
36.69121622,21.990000000000002
35.15632472,22.329
34.20615378,22.956
32.67126225,23.529
31.35564097,22.54
30.91710053,22.631
29.74765938,22.541
30.18619981,22.582
30.40547003,22.932
30.11310973,23.029
29.6745693,25.052
29.08984873,25.387
27.8473175,25.058
25.58152526,24.477
23.46191317,24.344
23.46191317,24.301000000000002
25.78272478,23.601
